cve,package,version,severity,kev,kev_date_added,epss,epss_percentile,exploitdb,exploitdb_ids,commit_links,patch_links,fix_commits,repo_urls,ghsa_ids,introduced_versions,fixed_versions,cvss_base,cvss_vector,cvss_version
CVE-2016-10516,werkzeug,0.11,Medium,False,,0.00411,0.61395,no,,,,,,,,938a331ddb0c7009f4286e962f8a9c1ebad62be2,6.1,CVSS:3.0/AV:N/AC:L/PR:N/UI:R/S:C/C:L/I:L/A:N,3.0
CVE-2016-10931,openssl,0.8.3,High,False,,0.00183,0.3997,no,,,,,,,,a0b56c437803a08413755928040a0970a93a7b83,8.1,CVSS:3.0/AV:N/AC:H/PR:N/UI:N/S:U/C:H/I:H/A:H,3.0
CVE-2016-7798,openssl,1.1.1q,High,False,,0.00792,0.73949,no,,https://github.com/ruby/openssl/commit/8108e0a6db133f3375608303fdd2083eb5115062,,https://github.com/ruby/openssl/commit/8108e0a6db133f3375608303fdd2083eb5115062,,,,4ff95439d0b13aac7b9b2e3674f0a6662c715ec6 | 8108e0a6db133f3375608303fdd2083eb5115062,7.5,CVSS:3.1/AV:N/AC:L/PR:N/UI:N/S:U/C:H/I:N/A:N,3.1
CVE-2017-14033,openssl,1.1.1q,High,False,,0.0818,0.92207,no,,,,,,,,,7.5,CVSS:3.0/AV:N/AC:L/PR:N/UI:N/S:U/C:N/I:N/A:H,3.0
CVE-2017-15095,jackson-databind,2.9.1,Critical,False,,0.08606,0.92441,no,,,,,,,e8df0987e3034d102ee6d704d30a05a2e3ac7089 | 50791cc7856376949287e0be3e96147665ab8f68 | 81929fad84189ce59ef82e7a6d0df795eb0c7cdb,fab5c3877f7b8ae28a8e3a14d805bc9dcc8c153d | 9e170e1a28221cf273e8a63e01f1731a9fcd11bc | 0b6e589c1c0ee20854ac0efeafacbf2782fc9f1c,9.8,CVSS:3.1/AV:N/AC:L/PR:N/UI:N/S:U/C:H/I:H/A:H,3.1
CVE-2017-17485,jackson-databind,2.9.1,Critical,False,,0.84949,0.99352,no,,,,,,,50791cc7856376949287e0be3e96147665ab8f68 | 81929fad84189ce59ef82e7a6d0df795eb0c7cdb | e969f0a31b781f5dfb74e16ddd5ee4b4fa36e8d8,ec1adf8c72625fd51b30105afad7464c4332d542 | 9e170e1a28221cf273e8a63e01f1731a9fcd11bc | a6efd882b6df2f8fd1fc20dc24e938d24e91c4db | 8b1b40f3a8ab910a065d216e71cd40e7f0828415,9.8,CVSS:3.1/AV:N/AC:L/PR:N/UI:N/S:U/C:H/I:H/A:H,3.1
CVE-2018-11307,jackson-databind,2.9.1,Critical,False,,0.12636,0.93993,no,,,,,,,e8df0987e3034d102ee6d704d30a05a2e3ac7089 | 50791cc7856376949287e0be3e96147665ab8f68 | 81929fad84189ce59ef82e7a6d0df795eb0c7cdb | e969f0a31b781f5dfb74e16ddd5ee4b4fa36e8d8,ec1adf8c72625fd51b30105afad7464c4332d542 | cc654cacb5adcab1e7ddcfb2c2c733d1c61b4147 | 0dbab948c8e995f786ad31adc0d6f669ddb27642 | 18eb3683f5527ced27fc0a467f687054d1f98d39,9.8,CVSS:3.1/AV:N/AC:L/PR:N/UI:N/S:U/C:H/I:H/A:H,3.1
CVE-2018-12022,jackson-databind,2.9.1,High,False,,0.03035,0.86678,no,,https://github.com/FasterXML/jackson-databind/commit/28badf7ef60ac3e7ef151cd8e8ec010b8479226a,,https://github.com/FasterXML/jackson-databind/commit/28badf7ef60ac3e7ef151cd8e8ec010b8479226a,,,e8df0987e3034d102ee6d704d30a05a2e3ac7089 | 50791cc7856376949287e0be3e96147665ab8f68 | 81929fad84189ce59ef82e7a6d0df795eb0c7cdb | e969f0a31b781f5dfb74e16ddd5ee4b4fa36e8d8,ec1adf8c72625fd51b30105afad7464c4332d542 | cc654cacb5adcab1e7ddcfb2c2c733d1c61b4147 | 0dbab948c8e995f786ad31adc0d6f669ddb27642 | 18eb3683f5527ced27fc0a467f687054d1f98d39 | 28badf7ef60ac3e7ef151cd8e8ec010b8479226a,7.5,CVSS:3.1/AV:N/AC:H/PR:N/UI:R/S:U/C:H/I:H/A:H,3.1
CVE-2018-12023,jackson-databind,2.9.1,High,False,,0.04812,0.89512,no,,https://github.com/FasterXML/jackson-databind/commit/28badf7ef60ac3e7ef151cd8e8ec010b8479226a,,https://github.com/FasterXML/jackson-databind/commit/28badf7ef60ac3e7ef151cd8e8ec010b8479226a,,,50791cc7856376949287e0be3e96147665ab8f68 | 81929fad84189ce59ef82e7a6d0df795eb0c7cdb | e969f0a31b781f5dfb74e16ddd5ee4b4fa36e8d8,cc654cacb5adcab1e7ddcfb2c2c733d1c61b4147 | 0dbab948c8e995f786ad31adc0d6f669ddb27642 | 18eb3683f5527ced27fc0a467f687054d1f98d39 | 28badf7ef60ac3e7ef151cd8e8ec010b8479226a,7.5,CVSS:3.0/AV:N/AC:H/PR:N/UI:R/S:U/C:H/I:H/A:H,3.0
CVE-2018-14718,jackson-databind,2.9.1,Critical,False,,0.14515,0.94475,no,,https://github.com/FasterXML/jackson-databind/commit/87d29af25e82a249ea15858e2d4ecbf64091db44,,https://github.com/FasterXML/jackson-databind/commit/87d29af25e82a249ea15858e2d4ecbf64091db44,,,e8df0987e3034d102ee6d704d30a05a2e3ac7089 | 50791cc7856376949287e0be3e96147665ab8f68 | 81929fad84189ce59ef82e7a6d0df795eb0c7cdb | e969f0a31b781f5dfb74e16ddd5ee4b4fa36e8d8,ec1adf8c72625fd51b30105afad7464c4332d542 | 2723191696b098f9b7566a5094a932baf5f7563e | 71c8143d4b1e2696b27d10cc969b22248e1ab6b6 | b36c8ac5d8cfce192059fc7c278766e685bf8a6c | 87d29af25e82a249ea15858e2d4ecbf64091db44,9.8,CVSS:3.1/AV:N/AC:L/PR:N/UI:N/S:U/C:H/I:H/A:H,3.1
CVE-2018-14719,jackson-databind,2.9.1,Critical,False,,0.03461,0.87544,no,,https://github.com/FasterXML/jackson-databind/commit/87d29af25e82a249ea15858e2d4ecbf64091db44,,https://github.com/FasterXML/jackson-databind/commit/87d29af25e82a249ea15858e2d4ecbf64091db44,,,e8df0987e3034d102ee6d704d30a05a2e3ac7089 | 50791cc7856376949287e0be3e96147665ab8f68 | 81929fad84189ce59ef82e7a6d0df795eb0c7cdb | e969f0a31b781f5dfb74e16ddd5ee4b4fa36e8d8,ec1adf8c72625fd51b30105afad7464c4332d542 | 2723191696b098f9b7566a5094a932baf5f7563e | 71c8143d4b1e2696b27d10cc969b22248e1ab6b6 | b36c8ac5d8cfce192059fc7c278766e685bf8a6c | 87d29af25e82a249ea15858e2d4ecbf64091db44,9.8,CVSS:3.1/AV:N/AC:L/PR:N/UI:N/S:U/C:H/I:H/A:H,3.1
CVE-2018-14720,jackson-databind,2.9.1,Critical,False,,0.03348,0.87329,no,,https://github.com/FasterXML/jackson-databind/commit/87d29af25e82a249ea15858e2d4ecbf64091db44,,https://github.com/FasterXML/jackson-databind/commit/87d29af25e82a249ea15858e2d4ecbf64091db44,,,21f90cf247018c1286cc20544029782450dc270a | 50791cc7856376949287e0be3e96147665ab8f68 | 81929fad84189ce59ef82e7a6d0df795eb0c7cdb | e969f0a31b781f5dfb74e16ddd5ee4b4fa36e8d8,fab5c3877f7b8ae28a8e3a14d805bc9dcc8c153d | 2723191696b098f9b7566a5094a932baf5f7563e | 71c8143d4b1e2696b27d10cc969b22248e1ab6b6 | b36c8ac5d8cfce192059fc7c278766e685bf8a6c | 87d29af25e82a249ea15858e2d4ecbf64091db44,9.8,CVSS:3.0/AV:N/AC:L/PR:N/UI:N/S:U/C:H/I:H/A:H,3.0
CVE-2018-14721,jackson-databind,2.9.1,Critical,False,,0.09436,0.92816,no,,https://github.com/FasterXML/jackson-databind/commit/87d29af25e82a249ea15858e2d4ecbf64091db44,,https://github.com/FasterXML/jackson-databind/commit/87d29af25e82a249ea15858e2d4ecbf64091db44,,,21f90cf247018c1286cc20544029782450dc270a | 50791cc7856376949287e0be3e96147665ab8f68 | 81929fad84189ce59ef82e7a6d0df795eb0c7cdb | e969f0a31b781f5dfb74e16ddd5ee4b4fa36e8d8,fab5c3877f7b8ae28a8e3a14d805bc9dcc8c153d | 2723191696b098f9b7566a5094a932baf5f7563e | 71c8143d4b1e2696b27d10cc969b22248e1ab6b6 | b36c8ac5d8cfce192059fc7c278766e685bf8a6c | 87d29af25e82a249ea15858e2d4ecbf64091db44,10,CVSS:3.0/AV:N/AC:L/PR:N/UI:N/S:C/C:H/I:H/A:H,3.0
CVE-2018-16395,openssl,1.1.1q,Critical,False,,0.04424,0.89042,no,,,,,,,d40ea2afa6ff5a6e5befcf342fb7b6dc58796b20 | d4bb726b713658f56e630b6cf817a0155b6f390e | 4e0a512972cdcbfcd5279f1a2a81ba342ed75b6e,08e12dd9302c1fd517c642bdd7d274e64b354c53,9.8,CVSS:3.0/AV:N/AC:L/PR:N/UI:N/S:U/C:H/I:H/A:H,3.0
CVE-2018-16487,lodash,4.17.4,High,False,,0.00468,0.64507,no,,,,,,,,3e273e915d1c4176a987fa6ad65e849f59d60453,5.6,CVSS:3.1/AV:N/AC:H/PR:N/UI:N/S:U/C:L/I:L/A:L,3.1
CVE-2018-19360,jackson-databind,2.9.1,Critical,False,,0.06658,0.9124,no,,https://github.com/FasterXML/jackson-databind/commit/42912cac4753f3f718ece875e4d486f8264c2f2b,,https://github.com/FasterXML/jackson-databind/commit/42912cac4753f3f718ece875e4d486f8264c2f2b,,,21f90cf247018c1286cc20544029782450dc270a | 50791cc7856376949287e0be3e96147665ab8f68 | 81929fad84189ce59ef82e7a6d0df795eb0c7cdb | e969f0a31b781f5dfb74e16ddd5ee4b4fa36e8d8,2723191696b098f9b7566a5094a932baf5f7563e | 71c8143d4b1e2696b27d10cc969b22248e1ab6b6 | 74b90a4a8f5fb0655779ece94b15dafa37716ef5 | 42912cac4753f3f718ece875e4d486f8264c2f2b,9.8,CVSS:3.0/AV:N/AC:L/PR:N/UI:N/S:U/C:H/I:H/A:H,3.0
CVE-2018-19361,jackson-databind,2.9.1,Critical,False,,0.02435,0.85184,no,,https://github.com/FasterXML/jackson-databind/commit/42912cac4753f3f718ece875e4d486f8264c2f2b,,https://github.com/FasterXML/jackson-databind/commit/42912cac4753f3f718ece875e4d486f8264c2f2b,,,21f90cf247018c1286cc20544029782450dc270a | 50791cc7856376949287e0be3e96147665ab8f68 | 81929fad84189ce59ef82e7a6d0df795eb0c7cdb | e969f0a31b781f5dfb74e16ddd5ee4b4fa36e8d8,2723191696b098f9b7566a5094a932baf5f7563e | 71c8143d4b1e2696b27d10cc969b22248e1ab6b6 | 74b90a4a8f5fb0655779ece94b15dafa37716ef5 | 42912cac4753f3f718ece875e4d486f8264c2f2b,9.8,CVSS:3.0/AV:N/AC:L/PR:N/UI:N/S:U/C:H/I:H/A:H,3.0
CVE-2018-19362,jackson-databind,2.9.1,Critical,False,,0.04124,0.88644,no,,https://github.com/FasterXML/jackson-databind/commit/42912cac4753f3f718ece875e4d486f8264c2f2b,,https://github.com/FasterXML/jackson-databind/commit/42912cac4753f3f718ece875e4d486f8264c2f2b,,,21f90cf247018c1286cc20544029782450dc270a | 50791cc7856376949287e0be3e96147665ab8f68 | 81929fad84189ce59ef82e7a6d0df795eb0c7cdb | e969f0a31b781f5dfb74e16ddd5ee4b4fa36e8d8,2723191696b098f9b7566a5094a932baf5f7563e | 71c8143d4b1e2696b27d10cc969b22248e1ab6b6 | 74b90a4a8f5fb0655779ece94b15dafa37716ef5 | 42912cac4753f3f718ece875e4d486f8264c2f2b,9.8,CVSS:3.0/AV:N/AC:L/PR:N/UI:N/S:U/C:H/I:H/A:H,3.0
CVE-2018-25023,smallvec,0.6.9,High,False,,0.00231,0.45908,no,,https://github.com/servo/rust-smallvec/commit/e64afc8c473d43e375ab42bd33db2d0d4ac4e41b,,https://github.com/servo/rust-smallvec/commit/e64afc8c473d43e375ab42bd33db2d0d4ac4e41b,,,,78522049b3ce129d02eea4e802747ba1090a5586 | e64afc8c473d43e375ab42bd33db2d0d4ac4e41b,7.5,CVSS:3.1/AV:N/AC:L/PR:N/UI:N/S:U/C:N/I:H/A:N,3.1
CVE-2018-25091,urllib3,1.24.1,Medium,False,,0.0025,0.48394,no,,https://github.com/urllib3/urllib3/commit/adb358f8e06865406d1f05e581a16cbea2136fbc,,https://github.com/urllib3/urllib3/commit/adb358f8e06865406d1f05e581a16cbea2136fbc,,,,1efadf43dc63317cd9eaa3e0fdb9e05ab07254b1 | adb358f8e06865406d1f05e581a16cbea2136fbc,6.1,CVSS:3.1/AV:N/AC:L/PR:N/UI:R/S:C/C:L/I:L/A:N,3.1
CVE-2018-3721,lodash,4.17.4,Medium,False,,0.00249,0.48144,no,,https://github.com/lodash/lodash/commit/d8e069cc3410082e44eb18fcf8e7f3d08ebe1d4a,,https://github.com/lodash/lodash/commit/d8e069cc3410082e44eb18fcf8e7f3d08ebe1d4a,,,,0e314104d6f37539ed08820d8547cdd953451657 | d8e069cc3410082e44eb18fcf8e7f3d08ebe1d4a,6.5,CVSS:3.1/AV:N/AC:L/PR:L/UI:N/S:U/C:N/I:H/A:N,3.1
CVE-2018-5968,jackson-databind,2.9.1,High,False,,0.01965,0.83557,no,,,,,,,e8df0987e3034d102ee6d704d30a05a2e3ac7089 | 50791cc7856376949287e0be3e96147665ab8f68 | 81929fad84189ce59ef82e7a6d0df795eb0c7cdb | e969f0a31b781f5dfb74e16ddd5ee4b4fa36e8d8,ec1adf8c72625fd51b30105afad7464c4332d542 | 9e170e1a28221cf273e8a63e01f1731a9fcd11bc | efb1370f160feced7a51dca3bf85f9e1949256f0 | 8b1b40f3a8ab910a065d216e71cd40e7f0828415,8.1,CVSS:3.1/AV:N/AC:H/PR:N/UI:N/S:U/C:H/I:H/A:H,3.1
CVE-2018-7489,jackson-databind,2.9.1,Critical,False,,0.36207,0.97118,no,,,,,,,81929fad84189ce59ef82e7a6d0df795eb0c7cdb | e969f0a31b781f5dfb74e16ddd5ee4b4fa36e8d8,5cacb069a16653844e4c04c2a53578666080c1bb | efb1370f160feced7a51dca3bf85f9e1949256f0 | 5c95315ffbaf6f64bd3a2970a001ecce51c10032,9.8,CVSS:3.0/AV:N/AC:L/PR:N/UI:N/S:U/C:H/I:H/A:H,3.0
CVE-2019-1010266,lodash,4.17.4,Medium,False,,0.00211,0.43639,no,,,,,,,,3e273e915d1c4176a987fa6ad65e849f59d60453,6.5,CVSS:3.1/AV:N/AC:L/PR:L/UI:N/S:U/C:N/I:N/A:H,3.1
CVE-2019-10744,lodash,4.17.4,Critical,False,,0.03254,0.87145,no,,,,,,,,793f983629f5ccef831360f4d31881bbf6264f8b,9.1,CVSS:3.1/AV:N/AC:L/PR:N/UI:N/S:U/C:N/I:H/A:H,3.1
CVE-2019-11236,urllib3,1.24.1,Medium,False,,0.00575,0.68778,no,,,,,,,,,6.1,CVSS:3.0/AV:N/AC:L/PR:N/UI:R/S:C/C:L/I:L/A:N,3.0
CVE-2019-11324,urllib3,1.24.1,High,False,,0.01315,0.79872,no,,,,,,,,1efadf43dc63317cd9eaa3e0fdb9e05ab07254b1,7.5,CVSS:3.0/AV:N/AC:L/PR:N/UI:N/S:U/C:N/I:H/A:N,3.0
CVE-2019-11358,django,2.0.9,Medium,False,,0.02362,0.84954,no,,https://github.com/jquery/jquery/commit/753d591aea698e57d6db58c9f722cd0808619b1b | https://github.com/jquery/jquery/pull/4333,,https://github.com/jquery/jquery/commit/753d591aea698e57d6db58c9f722cd0808619b1b | https://github.com/jquery/jquery/pull/4333,,,963141d57d9ba861216fa85bf8a135f65d2c06be | b7f9a6908911617be8f83ea1d7daaa3be2453874 | 497914920385b7016ac9c9367e0198530787adf2 | b73ab73d39dca97a12513e8a9e4f4da4b0676f5f | 9b04d294324d9c76be4b596de4316cb8804e8223 | f8d6bbf44160e6d00e71f0172ecf80e78d0f0d3c | 647bfab79e6ee1fddb339c50152315e479d4fe8f | f25feddd5ca56e6155e26e52667ab4fef87bb19d,17198299114cf7c5c88a1bdf597a74734751687d | 8e7a1b9546d32ac84f7bfaaaf3ee2439ba7b0c1a | 9735baff3afe061f98e568c1d1f83d56f3a0212a | c5bc3922f27c93ab3669428a504212adb801400f | 91ded4b7776e05ee9633bdc1c458b41c718133e0 | b7fc909edda2d8cf63d0eaffe9bd12f33e492ad3 | 753d591aea698e57d6db58c9f722cd0808619b1b,6.1,CVSS:3.1/AV:N/AC:L/PR:N/UI:R/S:C/C:L/I:L/A:N,3.1
CVE-2019-12086,jackson-databind,2.9.1,High,False,,0.15501,0.94683,no,,,,,,,e8df0987e3034d102ee6d704d30a05a2e3ac7089 | 50791cc7856376949287e0be3e96147665ab8f68 | 81929fad84189ce59ef82e7a6d0df795eb0c7cdb | e969f0a31b781f5dfb74e16ddd5ee4b4fa36e8d8,ec1adf8c72625fd51b30105afad7464c4332d542 | 97986cb157d9d1da1256b24ea01b6c9f03b736dd | e013e0f1279b623257d2f0d3ac66b7355db9561d | a977aadc9c20f6f5be111b7feca7809acd195d25,7.5,CVSS:3.1/AV:N/AC:L/PR:N/UI:N/S:U/C:H/I:N/A:N,3.1
CVE-2019-12384,jackson-databind,2.9.1,Medium,False,,0.51846,0.97912,no,,,,,,,e8df0987e3034d102ee6d704d30a05a2e3ac7089 | 50791cc7856376949287e0be3e96147665ab8f68 | 81929fad84189ce59ef82e7a6d0df795eb0c7cdb | e969f0a31b781f5dfb74e16ddd5ee4b4fa36e8d8,ec1adf8c72625fd51b30105afad7464c4332d542 | 97986cb157d9d1da1256b24ea01b6c9f03b736dd | e013e0f1279b623257d2f0d3ac66b7355db9561d | 8b3269112160067b96b2dd27f9e2b34bd4eed719,5.9,CVSS:3.1/AV:N/AC:H/PR:N/UI:N/S:U/C:H/I:N/A:N,3.1
CVE-2019-12814,jackson-databind,2.9.1,Medium,False,,0.18064,0.95186,no,,,,,,,e8df0987e3034d102ee6d704d30a05a2e3ac7089 | 50791cc7856376949287e0be3e96147665ab8f68 | 81929fad84189ce59ef82e7a6d0df795eb0c7cdb | e969f0a31b781f5dfb74e16ddd5ee4b4fa36e8d8,ec1adf8c72625fd51b30105afad7464c4332d542 | 97986cb157d9d1da1256b24ea01b6c9f03b736dd | e013e0f1279b623257d2f0d3ac66b7355db9561d | bf93aeb39ee9b1ea1ac4e1625e7d33377d1007f5,5.9,CVSS:3.1/AV:N/AC:H/PR:N/UI:N/S:U/C:H/I:N/A:N,3.1
CVE-2019-14322,werkzeug,0.11,High,False,,0.90059,0.99586,no,,,,,,,,8cfab3076e2951cfb74dca0c1f51e03d7145b194,7.5,CVSS:3.1/AV:N/AC:L/PR:N/UI:N/S:U/C:H/I:N/A:N,3.1
CVE-2019-14379,jackson-databind,2.9.1,Critical,False,,0.01455,0.80849,no,,,,,,,e8df0987e3034d102ee6d704d30a05a2e3ac7089 | 50791cc7856376949287e0be3e96147665ab8f68 | 81929fad84189ce59ef82e7a6d0df795eb0c7cdb | e969f0a31b781f5dfb74e16ddd5ee4b4fa36e8d8,ec1adf8c72625fd51b30105afad7464c4332d542 | 97986cb157d9d1da1256b24ea01b6c9f03b736dd | e013e0f1279b623257d2f0d3ac66b7355db9561d | bf93aeb39ee9b1ea1ac4e1625e7d33377d1007f5,9.8,CVSS:3.1/AV:N/AC:L/PR:N/UI:N/S:U/C:H/I:H/A:H,3.1
CVE-2019-14439,jackson-databind,2.9.1,High,False,,0.10318,0.9321,no,,https://github.com/FasterXML/jackson-databind/commit/ad418eeb974e357f2797aef64aa0e3ffaaa6125b,,https://github.com/FasterXML/jackson-databind/commit/ad418eeb974e357f2797aef64aa0e3ffaaa6125b,,,e8df0987e3034d102ee6d704d30a05a2e3ac7089 | 50791cc7856376949287e0be3e96147665ab8f68 | 81929fad84189ce59ef82e7a6d0df795eb0c7cdb | e969f0a31b781f5dfb74e16ddd5ee4b4fa36e8d8,ec1adf8c72625fd51b30105afad7464c4332d542 | 97986cb157d9d1da1256b24ea01b6c9f03b736dd | e013e0f1279b623257d2f0d3ac66b7355db9561d | bf93aeb39ee9b1ea1ac4e1625e7d33377d1007f5 | ad418eeb974e357f2797aef64aa0e3ffaaa6125b,7.5,CVSS:3.1/AV:N/AC:L/PR:N/UI:N/S:U/C:H/I:N/A:N,3.1
CVE-2019-14540,jackson-databind,2.9.1,Critical,False,,0.06292,0.90971,no,,,,,,,e8df0987e3034d102ee6d704d30a05a2e3ac7089 | 50791cc7856376949287e0be3e96147665ab8f68 | e969f0a31b781f5dfb74e16ddd5ee4b4fa36e8d8 | 270fd3411e3d671a73ed9725940a30080f59ce6d,ec1adf8c72625fd51b30105afad7464c4332d542 | ba9ac61920a4391568f4959e399a25833eae9cf6 | 5b33f88541a25999e1c43ca2eda1aeacacd6d13d,9.8,CVSS:3.1/AV:N/AC:L/PR:N/UI:N/S:U/C:H/I:H/A:H,3.1
CVE-2019-14806,werkzeug,0.11,High,False,,0.00264,0.49763,no,,https://github.com/pallets/werkzeug/commit/00bc43b1672e662e5e3b8cecd79e67fc968fa246,,https://github.com/pallets/werkzeug/commit/00bc43b1672e662e5e3b8cecd79e67fc968fa246,,,,9b1123a779e95b5c38ca911ce1329e87a3348a92 | 00bc43b1672e662e5e3b8cecd79e67fc968fa246,7.5,CVSS:3.1/AV:N/AC:L/PR:N/UI:N/S:U/C:H/I:N/A:N,3.1
CVE-2019-14892,jackson-databind,2.9.1,High,False,,0.00873,0.75277,no,,,,,,,e8df0987e3034d102ee6d704d30a05a2e3ac7089 | 50791cc7856376949287e0be3e96147665ab8f68 | e969f0a31b781f5dfb74e16ddd5ee4b4fa36e8d8,ec1adf8c72625fd51b30105afad7464c4332d542 | ba9ac61920a4391568f4959e399a25833eae9cf6 | 5b33f88541a25999e1c43ca2eda1aeacacd6d13d,9.8,CVSS:3.1/AV:N/AC:L/PR:N/UI:N/S:U/C:H/I:H/A:H,3.1
CVE-2019-14893,jackson-databind,2.9.1,High,False,,0.00956,0.76466,no,,,,,,,81929fad84189ce59ef82e7a6d0df795eb0c7cdb | e969f0a31b781f5dfb74e16ddd5ee4b4fa36e8d8,ba9ac61920a4391568f4959e399a25833eae9cf6 | 5b33f88541a25999e1c43ca2eda1aeacacd6d13d,9.8,CVSS:3.1/AV:N/AC:L/PR:N/UI:N/S:U/C:H/I:H/A:H,3.1
CVE-2019-15542,ammonia,1.9.0,High,False,,0.00366,0.58568,no,,,,,,,,bb7d7be9b28f4c955555b958be12b887350347b0,7.5,CVSS:3.0/AV:N/AC:L/PR:N/UI:N/S:U/C:N/I:N/A:H,3.0
CVE-2019-15551,smallvec,0.6.9,Critical,False,,0.00425,0.62254,no,,,,,,,04e3c4ed3024f3197fad18051a30c7ac1e5c5470,830d32bbdb7dc858d1f81d662fe6dd06219f0647,9.8,CVSS:3.0/AV:N/AC:L/PR:N/UI:N/S:U/C:H/I:H/A:H,3.0
CVE-2019-15554,smallvec,0.6.9,Critical,False,,0.0042,0.61998,no,,,,,,,fcb1b7e99a2a98d928983af78a494ef566cbde8b,830d32bbdb7dc858d1f81d662fe6dd06219f0647,9.8,CVSS:3.0/AV:N/AC:L/PR:N/UI:N/S:U/C:H/I:H/A:H,3.0
CVE-2019-16335,jackson-databind,2.9.1,Critical,False,,0.00651,0.70881,no,,,,,,,e8df0987e3034d102ee6d704d30a05a2e3ac7089 | 50791cc7856376949287e0be3e96147665ab8f68 | e969f0a31b781f5dfb74e16ddd5ee4b4fa36e8d8,ec1adf8c72625fd51b30105afad7464c4332d542 | ba9ac61920a4391568f4959e399a25833eae9cf6 | 5b33f88541a25999e1c43ca2eda1aeacacd6d13d,9.8,CVSS:3.1/AV:N/AC:L/PR:N/UI:N/S:U/C:H/I:H/A:H,3.1
CVE-2019-16942,jackson-databind,2.9.1,Critical,False,,0.00415,0.61669,no,,,,,,,e8df0987e3034d102ee6d704d30a05a2e3ac7089 | 81929fad84189ce59ef82e7a6d0df795eb0c7cdb | e969f0a31b781f5dfb74e16ddd5ee4b4fa36e8d8,ec1adf8c72625fd51b30105afad7464c4332d542 | ba9ac61920a4391568f4959e399a25833eae9cf6 | db82f32714c083da3c31267352f0dcc65fd371f5,9.8,CVSS:3.1/AV:N/AC:L/PR:N/UI:N/S:U/C:H/I:H/A:H,3.1
CVE-2019-16943,jackson-databind,2.9.1,Critical,False,,0.01841,0.82997,no,,,,,,,e8df0987e3034d102ee6d704d30a05a2e3ac7089 | 50791cc7856376949287e0be3e96147665ab8f68 | e969f0a31b781f5dfb74e16ddd5ee4b4fa36e8d8,ec1adf8c72625fd51b30105afad7464c4332d542 | ba9ac61920a4391568f4959e399a25833eae9cf6 | db82f32714c083da3c31267352f0dcc65fd371f5,9.8,CVSS:3.1/AV:N/AC:L/PR:N/UI:N/S:U/C:H/I:H/A:H,3.1
CVE-2019-17267,jackson-databind,2.9.1,Critical,False,,0.01195,0.78895,no,,,,,,,e8df0987e3034d102ee6d704d30a05a2e3ac7089 | e969f0a31b781f5dfb74e16ddd5ee4b4fa36e8d8,ba9ac61920a4391568f4959e399a25833eae9cf6 | 5b33f88541a25999e1c43ca2eda1aeacacd6d13d,9.8,CVSS:3.1/AV:N/AC:L/PR:N/UI:N/S:U/C:H/I:H/A:H,3.1
CVE-2019-17531,jackson-databind,2.9.1,Critical,False,,0.0119,0.78846,no,,,,,,,e8df0987e3034d102ee6d704d30a05a2e3ac7089 | 50791cc7856376949287e0be3e96147665ab8f68 | e969f0a31b781f5dfb74e16ddd5ee4b4fa36e8d8,ec1adf8c72625fd51b30105afad7464c4332d542 | ba9ac61920a4391568f4959e399a25833eae9cf6 | db82f32714c083da3c31267352f0dcc65fd371f5,9.8,CVSS:3.1/AV:N/AC:L/PR:N/UI:N/S:U/C:H/I:H/A:H,3.1
CVE-2019-17571,log4j,1.2.16,Critical,False,,0.36965,0.97169,no,,,,,,,,32f9cd7d5ce73cc0f29c7e66ce5adc0e6640d222,9.8,CVSS:3.1/AV:N/AC:L/PR:N/UI:N/S:U/C:H/I:H/A:H,3.1
CVE-2019-19844,django,2.0.9,Critical,False,,0.13973,0.9435,no,,,,,,,2a62cdcfec85938f40abb2e9e6a9ff497e02afe8,358973a12eb3105ba084a2d594428a19223b8582 | c494d90c195a739a7298b073eaa6ed987c2fd0bc,9.8,CVSS:3.1/AV:N/AC:L/PR:N/UI:N/S:U/C:H/I:H/A:H,3.1
CVE-2019-20330,jackson-databind,2.9.1,Critical,False,,0.01863,0.83097,no,,,,,,,e8df0987e3034d102ee6d704d30a05a2e3ac7089 | 81929fad84189ce59ef82e7a6d0df795eb0c7cdb | e969f0a31b781f5dfb74e16ddd5ee4b4fa36e8d8 | a5807c566af27b184731dd4eb7dfcc420962db32,e8697cdbf415028b171f9b7698f3308eda00a3c7 | ba9ac61920a4391568f4959e399a25833eae9cf6 | f78b6ec284cea3f3f57e8ea21a969b3735679905,9.8,CVSS:3.1/AV:N/AC:L/PR:N/UI:N/S:U/C:H/I:H/A:H,3.1
CVE-2019-20477,pyyaml,5.1,Critical,False,,0.00467,0.64445,no,,,,,,,e471e86bf6dabdad45a1438c20a4a5c033eb9034,,9.8,CVSS:3.1/AV:N/AC:L/PR:N/UI:N/S:U/C:H/I:H/A:H,3.1
CVE-2019-3498,django,2.0.9,High,False,,0.01439,0.8075,no,,,,,,,c669cf279ae7b3e02a61db4fb077030a4db80e4f | 8c85c8692240e5ae4b568eb4272475fe1fa4b059 | df591468251ed489a3e147d7c359f387f4effe66,2c9dbe9226478e3c04cb2ec3bbbf18462ae87efb | 2b865f4c59411239abbab3f94444d3c42850c2f1 | 066f26fe8b98609726f7962c21de7233afb4ff7e,6.5,CVSS:3.0/AV:N/AC:L/PR:N/UI:R/S:U/C:N/I:H/A:N,3.0
CVE-2019-6975,django,2.0.9,High,False,,0.18399,0.95245,no,,,,,,,,1cdba624d55d5c2fe3c74fff1fb5fb17b126821d | be439e58768cd827ca8ac8ff9263c4aae0f75907 | 79a6e7798fec3de342c687b4a6d512c499c1f972,7.5,CVSS:3.0/AV:N/AC:L/PR:N/UI:N/S:U/C:N/I:N/A:H,3.0
CVE-2020-10650,jackson-databind,2.9.1,High,False,,0.09853,0.93004,no,,https://github.com/FasterXML/jackson-databind/commit/a424c038ba0c0d65e579e22001dec925902ac0ef,,https://github.com/FasterXML/jackson-databind/commit/a424c038ba0c0d65e579e22001dec925902ac0ef,,GHSA-rpr3-cw39-3pxh,,1d919062ec351a925a628be2986224383c27f561 | a424c038ba0c0d65e579e22001dec925902ac0ef,8.1,CVSS:3.1/AV:N/AC:H/PR:N/UI:N/S:U/C:H/I:H/A:H,3.1
CVE-2020-10672,jackson-databind,2.9.1,High,False,,0.4007,0.97344,no,,,,,,,e969f0a31b781f5dfb74e16ddd5ee4b4fa36e8d8 | a5807c566af27b184731dd4eb7dfcc420962db32,1d919062ec351a925a628be2986224383c27f561,8.8,CVSS:3.1/AV:N/AC:L/PR:N/UI:R/S:U/C:H/I:H/A:H,3.1
CVE-2020-10673,jackson-databind,2.9.1,High,False,,0.20473,0.95566,no,,,,,,,e8df0987e3034d102ee6d704d30a05a2e3ac7089 | e969f0a31b781f5dfb74e16ddd5ee4b4fa36e8d8 | a5807c566af27b184731dd4eb7dfcc420962db32,fe5805bb27111c6fd010b04e7dc92a7536869301 | 1d919062ec351a925a628be2986224383c27f561,8.8,CVSS:3.1/AV:N/AC:L/PR:N/UI:R/S:U/C:H/I:H/A:H,3.1
CVE-2020-10968,jackson-databind,2.9.1,High,False,,0.03824,0.8815,no,,,,,,,e969f0a31b781f5dfb74e16ddd5ee4b4fa36e8d8 | a5807c566af27b184731dd4eb7dfcc420962db32,1d919062ec351a925a628be2986224383c27f561,8.8,CVSS:3.1/AV:N/AC:L/PR:N/UI:R/S:U/C:H/I:H/A:H,3.1
CVE-2020-10969,jackson-databind,2.9.1,High,False,,0.01035,0.77413,no,,,,,,,50791cc7856376949287e0be3e96147665ab8f68 | 81929fad84189ce59ef82e7a6d0df795eb0c7cdb | e969f0a31b781f5dfb74e16ddd5ee4b4fa36e8d8 | a5807c566af27b184731dd4eb7dfcc420962db32,e8697cdbf415028b171f9b7698f3308eda00a3c7 | 1d5273df752a3912dfb8afe97a16a1a1db634839 | 1d919062ec351a925a628be2986224383c27f561,8.8,CVSS:3.1/AV:N/AC:L/PR:N/UI:R/S:U/C:H/I:H/A:H,3.1
CVE-2020-11022,jquery,3.3.9,Medium,False,,0.03633,0.87846,no,,https://github.com/jquery/jquery/commit/1d61fd9407e6fbe82fe55cb0b938307aa0791f77,,https://github.com/jquery/jquery/commit/1d61fd9407e6fbe82fe55cb0b938307aa0791f77,,,497914920385b7016ac9c9367e0198530787adf2 | 17ba30046ed57677de4feff8d07354890b40efdb | f2b59e3ae8097ea01d15c708f1267b73794399c0 | 35c2f3ca5c935f3d8bde15932a712677c9bbd50f | 766daeb0449588db7207606c22bcf7b59d1f6f9b | ce256312d518e16a6ee7df5f7f301b8bf9a1caf2,c62d5ba13e02923cf4f6e2a7ede0d2afcaa68043 | ee0693f6d6bdc5cd772e163e6ed410567d82d33f | ed3ab8ae68db8942877b5d6d8f3f91f090cd63fb | 7a0a850f3d41c0412609c1d32b1e602d4afe2f4e | 1d61fd9407e6fbe82fe55cb0b938307aa0791f77,6.1,CVSS:3.1/AV:N/AC:L/PR:N/UI:R/S:C/C:L/I:L/A:N,3.1
CVE-2020-11023,jquery,3.3.9,Medium,True,2025-01-23,0.58921,0.98229,no,,,,,,,497914920385b7016ac9c9367e0198530787adf2 | 17ba30046ed57677de4feff8d07354890b40efdb | f2b59e3ae8097ea01d15c708f1267b73794399c0 | d6c7b4cf627ab409c595e1c76bf0a8deadbc7feb | d50941ce25ee8c7586bd98ccbf8892190a8d3052 | 4e3da33c59fafe34e237585743e86e24ba81046e,c62d5ba13e02923cf4f6e2a7ede0d2afcaa68043 | ee0693f6d6bdc5cd772e163e6ed410567d82d33f | ed3ab8ae68db8942877b5d6d8f3f91f090cd63fb | 7a0a850f3d41c0412609c1d32b1e602d4afe2f4e,6.1,CVSS:3.1/AV:N/AC:L/PR:N/UI:R/S:C/C:L/I:L/A:N,3.1
CVE-2020-11078,httplib2,0.12.1,Medium,False,,0.03277,0.87189,no,,https://github.com/httplib2/httplib2/commit/a1457cc31f3206cf691d11d2bf34e98865873e9e,,https://github.com/httplib2/httplib2/commit/a1457cc31f3206cf691d11d2bf34e98865873e9e,,,,8373177d3a9e4dd9c956f9bded22a5f96a00957b | a1457cc31f3206cf691d11d2bf34e98865873e9e,6.8,CVSS:3.1/AV:N/AC:H/PR:N/UI:N/S:C/C:N/I:H/A:N,3.1
CVE-2020-11111,jackson-databind,2.9.1,High,False,,0.02082,0.8402,no,,,,,,,e969f0a31b781f5dfb74e16ddd5ee4b4fa36e8d8 | a5807c566af27b184731dd4eb7dfcc420962db32,1d919062ec351a925a628be2986224383c27f561,8.8,CVSS:3.1/AV:N/AC:L/PR:N/UI:R/S:U/C:H/I:H/A:H,3.1
CVE-2020-11112,jackson-databind,2.9.1,High,False,,0.06772,0.91332,no,,,,,,,e969f0a31b781f5dfb74e16ddd5ee4b4fa36e8d8 | a5807c566af27b184731dd4eb7dfcc420962db32,1d919062ec351a925a628be2986224383c27f561,8.8,CVSS:3.1/AV:N/AC:L/PR:N/UI:R/S:U/C:H/I:H/A:H,3.1
CVE-2020-11113,jackson-databind,2.9.1,High,False,,0.60714,0.98298,no,,,,,,,e969f0a31b781f5dfb74e16ddd5ee4b4fa36e8d8 | a5807c566af27b184731dd4eb7dfcc420962db32,1d919062ec351a925a628be2986224383c27f561,8.8,CVSS:3.1/AV:N/AC:L/PR:N/UI:R/S:U/C:H/I:H/A:H,3.1
CVE-2020-11619,jackson-databind,2.9.1,High,False,,0.0133,0.79978,no,,,,,,,e969f0a31b781f5dfb74e16ddd5ee4b4fa36e8d8 | a5807c566af27b184731dd4eb7dfcc420962db32,1d919062ec351a925a628be2986224383c27f561,8.1,CVSS:3.1/AV:N/AC:H/PR:N/UI:N/S:U/C:H/I:H/A:H,3.1
CVE-2020-11620,jackson-databind,2.9.1,High,False,,0.02124,0.84181,no,,,,,,,e969f0a31b781f5dfb74e16ddd5ee4b4fa36e8d8 | a5807c566af27b184731dd4eb7dfcc420962db32,1d919062ec351a925a628be2986224383c27f561,8.1,CVSS:3.1/AV:N/AC:H/PR:N/UI:N/S:U/C:H/I:H/A:H,3.1
CVE-2020-14060,jackson-databind,2.9.1,High,False,,0.08718,0.92507,no,,,,,,,e969f0a31b781f5dfb74e16ddd5ee4b4fa36e8d8,82c84c74e99ab04cd46b5349f24be1c753034ce1,8.1,CVSS:3.1/AV:N/AC:H/PR:N/UI:N/S:U/C:H/I:H/A:H,3.1
CVE-2020-14061,jackson-databind,2.9.1,High,False,,0.0615,0.90842,no,,,,,,,e969f0a31b781f5dfb74e16ddd5ee4b4fa36e8d8,82c84c74e99ab04cd46b5349f24be1c753034ce1,8.1,CVSS:3.1/AV:N/AC:H/PR:N/UI:N/S:U/C:H/I:H/A:H,3.1
CVE-2020-14062,jackson-databind,2.9.1,High,False,,0.07334,0.91713,no,,,,,,,e969f0a31b781f5dfb74e16ddd5ee4b4fa36e8d8,82c84c74e99ab04cd46b5349f24be1c753034ce1,8.1,CVSS:3.1/AV:N/AC:H/PR:N/UI:N/S:U/C:H/I:H/A:H,3.1
CVE-2020-14155,pcre,8.43,Medium,False,,0.0023,0.45774,no,,,,,,,ef3e35341f6a930af2d57979999b71457b9f72a4 | 1fa237df2f46d34bd56dd8d018183c756094c2e0 | f33774cb120324d428dabf52c89b8a65e4d4c166,b0260b150324ee878b652adb8858798201178630 | ec145a327278663269837a9fbbf06aaef2517df8 | 398ac950bd5564f0fc1b928526b29c8eb7c0a18d | d3d6e3f69eee5b68222674ff50b71a32a528a20c | 7dffbc82afdd8696a032d6701021d6252f9bdda9,,,
CVE-2020-14195,jackson-databind,2.9.1,High,False,,0.09062,0.92661,no,,,,,,,e969f0a31b781f5dfb74e16ddd5ee4b4fa36e8d8,82c84c74e99ab04cd46b5349f24be1c753034ce1,8.1,CVSS:3.1/AV:N/AC:H/PR:N/UI:N/S:U/C:H/I:H/A:H,3.1
CVE-2020-14343,pyyaml,5.1,Critical,False,,0.1402,0.94359,no,,,,,,,e471e86bf6dabdad45a1438c20a4a5c033eb9034,58d0cb7ee09954c67fabfbd714c5673b03e7a9e1,9.8,CVSS:3.1/AV:N/AC:L/PR:N/UI:N/S:U/C:H/I:H/A:H,3.1
CVE-2020-15250,junit,4.13,Medium,False,,0.00056,0.1748,no,,https://github.com/junit-team/junit4/commit/610155b8c22138329f0723eec22521627dbc52ae,,https://github.com/junit-team/junit4/commit/610155b8c22138329f0723eec22521627dbc52ae,,,a8629da96207e1ce71ead9ba9f85bc324f09bcab,1b683f4ec07bcfa40149f086d32240f805487e66 | 610155b8c22138329f0723eec22521627dbc52ae,5.5,CVSS:3.1/AV:L/AC:L/PR:N/UI:R/S:U/C:H/I:N/A:N,3.1
CVE-2020-1747,pyyaml,5.1,Critical,False,,0.0307,0.86762,no,,https://github.com/yaml/pyyaml/pull/386,,https://github.com/yaml/pyyaml/pull/386,,,e471e86bf6dabdad45a1438c20a4a5c033eb9034,69b025a9f32fd864ed2096a444a718b7492eb892,9.8,CVSS:3.1/AV:N/AC:L/PR:N/UI:N/S:U/C:H/I:H/A:H,3.1
CVE-2020-24616,jackson-databind,2.9.1,High,False,,0.02676,0.85848,no,,,,,,,e8df0987e3034d102ee6d704d30a05a2e3ac7089,f797abcbf63fa4b5faf20a2f567c29d1e513b450,8.1,CVSS:3.1/AV:N/AC:H/PR:N/UI:N/S:U/C:H/I:H/A:H,3.1
CVE-2020-24750,jackson-databind,2.9.1,High,False,,0.01997,0.83681,no,,https://github.com/FasterXML/jackson-databind/commit/ad5a630174f08d279504bc51ebba8772fd71b86b,,https://github.com/FasterXML/jackson-databind/commit/ad5a630174f08d279504bc51ebba8772fd71b86b,,,e8df0987e3034d102ee6d704d30a05a2e3ac7089 | 50791cc7856376949287e0be3e96147665ab8f68,e19c557b789113f900018208d87446c34ae4fab3 | f797abcbf63fa4b5faf20a2f567c29d1e513b450 | ad5a630174f08d279504bc51ebba8772fd71b86b,8.1,CVSS:3.1/AV:N/AC:H/PR:N/UI:N/S:U/C:H/I:H/A:H,3.1
CVE-2020-25576,rand_core,0.4.0,Critical,False,,0.00544,0.67795,no,,,,,,,,,9.8,CVSS:3.1/AV:N/AC:L/PR:N/UI:N/S:U/C:H/I:H/A:H,3.1
CVE-2020-25626,djangorestframework,3.9.2,Medium,False,,0.00715,0.72388,no,,,,,,,,6f7aad8ffa96226672eacb82ab003dcf01070ed3,6.1,CVSS:3.1/AV:N/AC:L/PR:N/UI:R/S:C/C:L/I:L/A:N,3.1
CVE-2020-25649,jackson-databind,2.9.1,High,False,,0.00018,0.04595,no,,,,,,,21f90cf247018c1286cc20544029782450dc270a | e969f0a31b781f5dfb74e16ddd5ee4b4fa36e8d8 | a1eedfdeea46f2a8da0ed23f06e7e1d39050499b,fe5805bb27111c6fd010b04e7dc92a7536869301 | d0e9952ea70d1af5c512322a32456f237afb9e9b | 94484ca0177dd02c3ed83a5a5bbbcffc07a44d03 | 4dfd4d772708cee62da0a0170d81b586e12ca565,7.5,CVSS:3.1/AV:N/AC:L/PR:N/UI:N/S:U/C:N/I:H/A:N,3.1
CVE-2020-26137,urllib3,1.24.1,Medium,False,,0.00277,0.5118,no,,https://github.com/urllib3/urllib3/commit/1dd69c5c5982fae7c87a620d487c2ebf7a6b436b | https://github.com/urllib3/urllib3/pull/1800,,https://github.com/urllib3/urllib3/commit/1dd69c5c5982fae7c87a620d487c2ebf7a6b436b | https://github.com/urllib3/urllib3/pull/1800,,,,21758b0694ea53b499e832a993e8d1ada01135b2 | 1dd69c5c5982fae7c87a620d487c2ebf7a6b436b,6.5,CVSS:3.1/AV:N/AC:L/PR:N/UI:N/S:U/C:L/I:L/A:N,3.1
CVE-2020-26238,cron-utils,9.1.2,Critical,False,,0.09965,0.9306,no,,https://github.com/jmrozanec/cron-utils/commit/4cf373f7352f5d95f0bf6512af8af326b31c835e,,https://github.com/jmrozanec/cron-utils/commit/4cf373f7352f5d95f0bf6512af8af326b31c835e,,,,b994c8d85ab8790c701521e8e4136a21d2decb03 | 4cf373f7352f5d95f0bf6512af8af326b31c835e,8.1,CVSS:3.1/AV:N/AC:H/PR:N/UI:N/S:U/C:H/I:H/A:H,3.1
CVE-2020-28362,stdlib,go1.15.2,High,False,,0.00163,0.37145,no,,,,,,,0fdc3801bfd43d6f55e4ea5bf095e1ea55430339,bc9c580409b61af6b29f0cbd9d45bec63dbe2ccb | c53315d6cf1b4bfea6ff356b4a1524778c683bb9,,,
CVE-2020-28366,stdlib,go1.15.2,High,False,,0.00167,0.37768,no,,,,,,,0fdc3801bfd43d6f55e4ea5bf095e1ea55430339,bc9c580409b61af6b29f0cbd9d45bec63dbe2ccb | c53315d6cf1b4bfea6ff356b4a1524778c683bb9,,,
CVE-2020-28367,stdlib,go1.15.2,High,False,,0.00272,0.50709,no,,,,,,,0fdc3801bfd43d6f55e4ea5bf095e1ea55430339,bc9c580409b61af6b29f0cbd9d45bec63dbe2ccb | c53315d6cf1b4bfea6ff356b4a1524778c683bb9,,,
CVE-2020-28493,jinja2,2.10.1,Medium,False,,0.00207,0.43005,no,,https://github.com/pallets/jinja/pull/1343,,https://github.com/pallets/jinja/pull/1343,,,,cf215390d4a4d6f0a4de27e2687eed176878f13d,5.3,CVSS:3.1/AV:N/AC:L/PR:N/UI:N/S:U/C:N/I:N/A:L,3.1
CVE-2020-28500,lodash,4.17.4,Medium,False,,0.00245,0.47768,no,,https://github.com/lodash/lodash/pull/5065,,https://github.com/lodash/lodash/pull/5065,,,,c6e281b878b315c7a10d90f9c2af4cdb112d9625 | 506f585d78d236075f5d47b240518f3e1fdf5811,5.3,CVSS:3.1/AV:N/AC:L/PR:N/UI:N/S:U/C:N/I:N/A:L,3.1
CVE-2020-28724,werkzeug,0.11,Medium,False,,0.00923,0.7601,no,,https://github.com/pallets/werkzeug/pull/890/files,,https://github.com/pallets/werkzeug/pull/890/files,,,,e6d0e510738952788fdd01bbfe5dfb2d8cff0ba4,6.1,CVSS:3.1/AV:N/AC:L/PR:N/UI:R/S:C/C:L/I:L/A:N,3.1
CVE-2020-28928,musl,1.1.24-r2,Medium,False,,0.00045,0.13759,no,,,,,,,,,,,
CVE-2020-29509,stdlib,go1.15.2,Medium,False,,0.00187,0.40438,no,,,,,,,,ec5170397c724a8ae440b2bc529f857c86f0e6b1,,,
CVE-2020-29511,stdlib,go1.15.2,Medium,False,,0.00187,0.40438,no,,,,,,,,ec5170397c724a8ae440b2bc529f857c86f0e6b1,,,
CVE-2020-29651,py,1.8.0,High,False,,0.00781,0.73738,no,,https://github.com/pytest-dev/py/pull/257/commits/4a9017dc6199d2a564b6e4b0aa39d6d8870e4144,,https://github.com/pytest-dev/py/pull/257/commits/4a9017dc6199d2a564b6e4b0aa39d6d8870e4144,,,,,7.5,CVSS:3.1/AV:N/AC:L/PR:N/UI:N/S:U/C:N/I:N/A:H,3.1
CVE-2020-29652,golang.org/x/crypto,v0.0.0-20201002170205-7f63de1d35b0,High,False,,0.00031,0.08771,no,,,,,,,,,7.5,CVSS:3.1/AV:N/AC:L/PR:N/UI:N/S:U/C:N/I:N/A:H,3.1
CVE-2020-35490,jackson-databind,2.9.1,High,False,,0.03916,0.88313,no,,,,,,,e8df0987e3034d102ee6d704d30a05a2e3ac7089,7ae9214c0670eeb679dd131ab0aee3565cc7af87,8.1,CVSS:3.1/AV:N/AC:H/PR:N/UI:N/S:U/C:H/I:H/A:H,3.1
CVE-2020-35491,jackson-databind,2.9.1,High,False,,0.05713,0.90439,no,,,,,,,e8df0987e3034d102ee6d704d30a05a2e3ac7089,7ae9214c0670eeb679dd131ab0aee3565cc7af87,8.1,CVSS:3.1/AV:N/AC:H/PR:N/UI:N/S:U/C:H/I:H/A:H,3.1
CVE-2020-35669,http,0.13.2,Medium,False,,0.25379,0.96222,no,,,,,,,,,6.1,CVSS:3.1/AV:N/AC:L/PR:N/UI:R/S:C/C:L/I:L/A:N,3.1
CVE-2020-35728,jackson-databind,2.9.1,High,False,,0.40547,0.97369,no,,,,,,,e969f0a31b781f5dfb74e16ddd5ee4b4fa36e8d8,7ae9214c0670eeb679dd131ab0aee3565cc7af87,8.1,CVSS:3.1/AV:N/AC:H/PR:N/UI:N/S:U/C:H/I:H/A:H,3.1
CVE-2020-36179,jackson-databind,2.9.1,High,False,,0.60256,0.98283,no,,,,,,,e8df0987e3034d102ee6d704d30a05a2e3ac7089 | 50791cc7856376949287e0be3e96147665ab8f68,e19c557b789113f900018208d87446c34ae4fab3 | 7ae9214c0670eeb679dd131ab0aee3565cc7af87,8.1,CVSS:3.1/AV:N/AC:H/PR:N/UI:N/S:U/C:H/I:H/A:H,3.1
CVE-2020-36180,jackson-databind,2.9.1,High,False,,0.0295,0.86474,no,,,,,,,e8df0987e3034d102ee6d704d30a05a2e3ac7089 | 50791cc7856376949287e0be3e96147665ab8f68,e19c557b789113f900018208d87446c34ae4fab3 | 7ae9214c0670eeb679dd131ab0aee3565cc7af87,8.1,CVSS:3.1/AV:N/AC:H/PR:N/UI:N/S:U/C:H/I:H/A:H,3.1
CVE-2020-36181,jackson-databind,2.9.1,High,False,,0.05412,0.90156,no,,,,,,,e8df0987e3034d102ee6d704d30a05a2e3ac7089 | 50791cc7856376949287e0be3e96147665ab8f68,e19c557b789113f900018208d87446c34ae4fab3 | 7ae9214c0670eeb679dd131ab0aee3565cc7af87,8.1,CVSS:3.1/AV:N/AC:H/PR:N/UI:N/S:U/C:H/I:H/A:H,3.1
CVE-2020-36182,jackson-databind,2.9.1,High,False,,0.02715,0.85936,no,,,,,,,e8df0987e3034d102ee6d704d30a05a2e3ac7089 | 50791cc7856376949287e0be3e96147665ab8f68,e19c557b789113f900018208d87446c34ae4fab3 | 7ae9214c0670eeb679dd131ab0aee3565cc7af87,8.1,CVSS:3.1/AV:N/AC:H/PR:N/UI:N/S:U/C:H/I:H/A:H,3.1
CVE-2020-36183,jackson-databind,2.9.1,High,False,,0.02061,0.8394,no,,,,,,,e8df0987e3034d102ee6d704d30a05a2e3ac7089 | 50791cc7856376949287e0be3e96147665ab8f68,e19c557b789113f900018208d87446c34ae4fab3 | 7ae9214c0670eeb679dd131ab0aee3565cc7af87,8.1,CVSS:3.1/AV:N/AC:H/PR:N/UI:N/S:U/C:H/I:H/A:H,3.1
CVE-2020-36184,jackson-databind,2.9.1,High,False,,0.0691,0.91421,no,,,,,,,e8df0987e3034d102ee6d704d30a05a2e3ac7089 | 50791cc7856376949287e0be3e96147665ab8f68,e19c557b789113f900018208d87446c34ae4fab3 | 7ae9214c0670eeb679dd131ab0aee3565cc7af87,8.1,CVSS:3.1/AV:N/AC:H/PR:N/UI:N/S:U/C:H/I:H/A:H,3.1
CVE-2020-36185,jackson-databind,2.9.1,High,False,,0.02715,0.85936,no,,,,,,,e8df0987e3034d102ee6d704d30a05a2e3ac7089 | 50791cc7856376949287e0be3e96147665ab8f68,e19c557b789113f900018208d87446c34ae4fab3 | 7ae9214c0670eeb679dd131ab0aee3565cc7af87,8.1,CVSS:3.1/AV:N/AC:H/PR:N/UI:N/S:U/C:H/I:H/A:H,3.1
CVE-2020-36186,jackson-databind,2.9.1,High,False,,0.02413,0.85126,no,,,,,,,e8df0987e3034d102ee6d704d30a05a2e3ac7089 | 50791cc7856376949287e0be3e96147665ab8f68,e19c557b789113f900018208d87446c34ae4fab3 | 7ae9214c0670eeb679dd131ab0aee3565cc7af87,8.1,CVSS:3.1/AV:N/AC:H/PR:N/UI:N/S:U/C:H/I:H/A:H,3.1
CVE-2020-36187,jackson-databind,2.9.1,High,False,,0.02147,0.84257,no,,,,,,,e8df0987e3034d102ee6d704d30a05a2e3ac7089 | 50791cc7856376949287e0be3e96147665ab8f68,e19c557b789113f900018208d87446c34ae4fab3 | 7ae9214c0670eeb679dd131ab0aee3565cc7af87,8.1,CVSS:3.1/AV:N/AC:H/PR:N/UI:N/S:U/C:H/I:H/A:H,3.1
CVE-2020-36188,jackson-databind,2.9.1,High,False,,0.0944,0.92818,no,,,,,,,e8df0987e3034d102ee6d704d30a05a2e3ac7089 | 50791cc7856376949287e0be3e96147665ab8f68,e19c557b789113f900018208d87446c34ae4fab3 | 7ae9214c0670eeb679dd131ab0aee3565cc7af87,8.1,CVSS:3.1/AV:N/AC:H/PR:N/UI:N/S:U/C:H/I:H/A:H,3.1
CVE-2020-36189,jackson-databind,2.9.1,High,False,,0.03941,0.88351,no,,,,,,,e8df0987e3034d102ee6d704d30a05a2e3ac7089 | 50791cc7856376949287e0be3e96147665ab8f68,e19c557b789113f900018208d87446c34ae4fab3 | 7ae9214c0670eeb679dd131ab0aee3565cc7af87,8.1,CVSS:3.1/AV:N/AC:H/PR:N/UI:N/S:U/C:H/I:H/A:H,3.1
CVE-2020-36518,jackson-databind,2.12.3,High,False,,0.00514,0.66615,no,,,,,,,70c5dfbd52410d99d36181072711125ac5240a15,f758e50f0ecb7c24d91f66beda42d259a1e2c4a4 | bdf6441dac25e2908b642100a588656da57b4077,7.5,CVSS:3.1/AV:N/AC:L/PR:N/UI:N/S:U/C:N/I:N/A:H,3.1
CVE-2020-36604,hoek,6.1.3,High,False,,0.01047,0.77536,no,,,,,,,04450279698565e2a9ebffe8b1c349539daa7924,5bd73f642b0e21a92fc582ad2b489301753d1e01 | 8bf7635550d35ff01966601c19078df8da9b96a6,8.1,CVSS:3.1/AV:N/AC:H/PR:N/UI:N/S:U/C:H/I:H/A:H,3.1
CVE-2020-7471,django,2.0.9,Critical,False,,0.09442,0.92819,no,,https://github.com/django/django/commit/eb31d845323618d688ad429479c6dda973056136,,https://github.com/django/django/commit/eb31d845323618d688ad429479c6dda973056136,,,c669cf279ae7b3e02a61db4fb077030a4db80e4f | 2a62cdcfec85938f40abb2e9e6a9ff497e02afe8 | 2a04e24d2dfc8e60a66e4369d970913cb2112d91,e09f09b965ef47ffd99abd2c26ba7416751cffa6 | b2c33a57b3b98f1e90bbc2a2be2c5a6d814eed29 | c459a4661b2e96b53d3784c76e1fd5651b8cdc4a | eb31d845323618d688ad429479c6dda973056136,9.8,CVSS:3.1/AV:N/AC:L/PR:N/UI:N/S:U/C:H/I:H/A:H,3.1
CVE-2020-8164,actionpack,5.2.3,High,False,,0.07389,0.91746,no,,,,,,,66cabeda2c46c582d19738e1318be8d59584cc5b,7b5cc5a5dfcf38522be0a4b5daa97c5b2ba26c20 | 34991a6ae2fc68347c01ea7382fa89004159e019,7.5,CVSS:3.1/AV:N/AC:L/PR:N/UI:N/S:U/C:H/I:N/A:N,3.1
CVE-2020-8166,actionpack,5.2.3,Medium,False,,0.00443,0.63332,no,,,,,,,66cabeda2c46c582d19738e1318be8d59584cc5b,7b5cc5a5dfcf38522be0a4b5daa97c5b2ba26c20 | 34991a6ae2fc68347c01ea7382fa89004159e019,4.3,CVSS:3.1/AV:N/AC:L/PR:N/UI:R/S:U/C:N/I:L/A:N,3.1
CVE-2020-8203,lodash,4.17.4,High,False,,0.0322,0.87064,no,,,,,,,,f2e7063ee409ff40a60b14370c58dceee1a2efd4,7.4,CVSS:3.1/AV:N/AC:H/PR:N/UI:N/S:U/C:N/I:H/A:H,3.1
CVE-2020-8840,jackson-databind,2.9.1,Critical,False,,0.08164,0.922,no,,,,,,,e8df0987e3034d102ee6d704d30a05a2e3ac7089 | 81929fad84189ce59ef82e7a6d0df795eb0c7cdb | e969f0a31b781f5dfb74e16ddd5ee4b4fa36e8d8,e8697cdbf415028b171f9b7698f3308eda00a3c7 | ba9ac61920a4391568f4959e399a25833eae9cf6 | 2d53865142a689cca7eb187776a71ad7f71c6660,9.8,CVSS:3.1/AV:N/AC:L/PR:N/UI:N/S:U/C:H/I:H/A:H,3.1
CVE-2020-8908,guava,29.0-jre,Low,False,,0.00074,0.22406,no,,https://github.com/google/guava/commit/fec0dbc4634006a6162cfd4d0d09c962073ddf40,,https://github.com/google/guava/commit/fec0dbc4634006a6162cfd4d0d09c962073ddf40,,,2537d1ed4795f8fad737a7bf6d6f93fbdfa28e54,6b1f97ced922d48f071153ad9e631d06383033a4 | fec0dbc4634006a6162cfd4d0d09c962073ddf40 | 60a549cadba9f9e10583b4348b5102e8b4087aa7,3.3,CVSS:3.1/AV:L/AC:L/PR:L/UI:N/S:U/C:L/I:N/A:N,3.1
CVE-2020-9546,jackson-databind,2.9.1,Critical,False,,0.02327,0.84841,no,,,,,,,50791cc7856376949287e0be3e96147665ab8f68 | 81929fad84189ce59ef82e7a6d0df795eb0c7cdb | e969f0a31b781f5dfb74e16ddd5ee4b4fa36e8d8 | a5807c566af27b184731dd4eb7dfcc420962db32,e8697cdbf415028b171f9b7698f3308eda00a3c7 | 1d5273df752a3912dfb8afe97a16a1a1db634839 | 1d919062ec351a925a628be2986224383c27f561,9.8,CVSS:3.1/AV:N/AC:L/PR:N/UI:N/S:U/C:H/I:H/A:H,3.1
CVE-2020-9547,jackson-databind,2.9.1,Critical,False,,0.38262,0.97241,no,,,,,,,e8df0987e3034d102ee6d704d30a05a2e3ac7089 | 81929fad84189ce59ef82e7a6d0df795eb0c7cdb | e969f0a31b781f5dfb74e16ddd5ee4b4fa36e8d8 | a5807c566af27b184731dd4eb7dfcc420962db32,e8697cdbf415028b171f9b7698f3308eda00a3c7 | 1d5273df752a3912dfb8afe97a16a1a1db634839 | 1d919062ec351a925a628be2986224383c27f561,9.8,CVSS:3.1/AV:N/AC:L/PR:N/UI:N/S:U/C:H/I:H/A:H,3.1
CVE-2020-9548,jackson-databind,2.9.1,Critical,False,,0.57602,0.9817,no,,,,,,,e8df0987e3034d102ee6d704d30a05a2e3ac7089 | 81929fad84189ce59ef82e7a6d0df795eb0c7cdb | e969f0a31b781f5dfb74e16ddd5ee4b4fa36e8d8 | a5807c566af27b184731dd4eb7dfcc420962db32,e8697cdbf415028b171f9b7698f3308eda00a3c7 | 1d5273df752a3912dfb8afe97a16a1a1db634839 | 1d919062ec351a925a628be2986224383c27f561,9.8,CVSS:3.1/AV:N/AC:L/PR:N/UI:N/S:U/C:H/I:H/A:H,3.1
CVE-2021-20190,jackson-databind,2.9.1,High,False,,0.00633,0.70382,no,,,,,,,50791cc7856376949287e0be3e96147665ab8f68 | 99bcd1f88dc826f857ae4ab33e842110bfc6ce21,e19c557b789113f900018208d87446c34ae4fab3 | d0e9952ea70d1af5c512322a32456f237afb9e9b,8.1,CVSS:3.1/AV:N/AC:H/PR:N/UI:N/S:U/C:H/I:H/A:H,3.1
CVE-2021-20270,pygments,2.3.1,High,False,,0.00223,0.44911,no,,,,,,,,,7.5,CVSS:3.1/AV:N/AC:L/PR:N/UI:N/S:U/C:N/I:N/A:H,3.1
CVE-2021-21240,httplib2,0.12.1,High,False,,0.01924,0.83403,no,,https://github.com/httplib2/httplib2/commit/bd9ee252c8f099608019709e22c0d705e98d26bc | https://github.com/httplib2/httplib2/pull/182,,https://github.com/httplib2/httplib2/commit/bd9ee252c8f099608019709e22c0d705e98d26bc | https://github.com/httplib2/httplib2/pull/182,,,,81e80d00c2b3cb51de6019cfd28b793184d7699a | bd9ee252c8f099608019709e22c0d705e98d26bc,7.5,CVSS:3.1/AV:N/AC:L/PR:N/UI:N/S:U/C:N/I:N/A:H,3.1
CVE-2021-22885,actionpack,5.2.3,High,False,,0.03096,0.86815,no,,,,,,,,26126839058bad41120b5d74f3cc06b93baa987e | c04aff675d4cd3e8a54e0008dbfca10a8832a414 | 85c6823b77b60f2a3a6a25d7a1013032e8c580ef,7.5,CVSS:3.1/AV:N/AC:L/PR:N/UI:N/S:U/C:H/I:N/A:N,3.1
CVE-2021-22904,actionpack,5.2.3,High,False,,0.07856,0.92015,no,,,,,,,cb0a558f42fc6957fac4d2daa16771b72ff7da6e | 66cabeda2c46c582d19738e1318be8d59584cc5b | 914caca2d31bd753f47f9168f2a375921d9e91cc,26126839058bad41120b5d74f3cc06b93baa987e | 48661542a2607d55f436438fe21001d262e61fec | c04aff675d4cd3e8a54e0008dbfca10a8832a414 | 75ac626c4e21129d8296d4206a1960563cc3d4aa,7.5,CVSS:3.1/AV:N/AC:L/PR:N/UI:N/S:U/C:N/I:N/A:H,3.1
CVE-2021-23337,lodash,4.17.4,High,False,,0.04314,0.88908,no,,,,,,,,c6e281b878b315c7a10d90f9c2af4cdb112d9625 | 506f585d78d236075f5d47b240518f3e1fdf5811,7.2,CVSS:3.1/AV:N/AC:L/PR:H/UI:N/S:U/C:H/I:H/A:H,3.1
CVE-2021-23727,celery,4.3.0,High,False,,0.01396,0.80428,no,,,,,,,,b21c13d234dd6d6c197436374ab1bb5db4be62c7,7.5,CVSS:3.1/AV:N/AC:H/PR:L/UI:N/S:U/C:H/I:H/A:H,3.1
CVE-2021-25900,smallvec,0.6.9,Critical,False,,0.00533,0.67388,no,,,,,,,fcb1b7e99a2a98d928983af78a494ef566cbde8b | 34c26282c41548b3bd3749b7f4bc38c4fd1f4cfb,5757ac500d4e544485d796b542e4e589749c291b | 4e53e072808815ed6b847c77193c568ee076c29d,9.8,CVSS:3.1/AV:N/AC:L/PR:N/UI:N/S:U/C:H/I:H/A:H,3.1
CVE-2021-27291,pygments,2.3.1,High,False,,0.034,0.8743,no,,https://github.com/pygments/pygments/commit/2e7e8c4a7b318f4032493773732754e418279a14,,https://github.com/pygments/pygments/commit/2e7e8c4a7b318f4032493773732754e418279a14,,,f534f990331df660f5a5ea6947943e184672ac51,4d555d0fffc914a2a4ac9874416cdaaf8f8c9e74 | 2e7e8c4a7b318f4032493773732754e418279a14,7.5,CVSS:3.1/AV:N/AC:L/PR:N/UI:N/S:U/C:N/I:N/A:H,3.1
CVE-2021-27918,stdlib,go1.15.2,High,False,,0.00025,0.06789,no,,,,,,,,13722418773b6a081816e8cc48131306565db1bd | e9e0473681e581040b4adcd64b53967e1572fe8d,,,
CVE-2021-28170,javax.el,3.0.0,Medium,False,,0.00115,0.29991,no,,,,,,,,62bc0131470927666affac57e77a728bcf487621,5.3,CVSS:3.1/AV:N/AC:L/PR:N/UI:N/S:U/C:N/I:L/A:N,3.1
CVE-2021-29923,stdlib,go1.15.2,High,False,,0.00254,0.48696,no,,,,,,,,ec5170397c724a8ae440b2bc529f857c86f0e6b1,,,
CVE-2021-3114,stdlib,go1.15.2,Medium,False,,0.0012,0.30957,no,,https://github.com/golang/go/commit/d95ca9138026cbe40e0857d76a81a16d03230871,,https://github.com/golang/go/commit/d95ca9138026cbe40e0857d76a81a16d03230871,,,0fdc3801bfd43d6f55e4ea5bf095e1ea55430339,ccb4f250bd7e382e50824c36ec5a3e1a57dcf11a | 2117ea9737bc9cb2e30cb087b76a283f68768819 | d95ca9138026cbe40e0857d76a81a16d03230871,,,
CVE-2021-3115,stdlib,go1.15.2,High,False,,0.0013,0.3247,no,,,,,,,0fdc3801bfd43d6f55e4ea5bf095e1ea55430339,ccb4f250bd7e382e50824c36ec5a3e1a57dcf11a | 2117ea9737bc9cb2e30cb087b76a283f68768819,,,
CVE-2021-31525,stdlib,go1.15.2,Medium,False,,0.00022,0.0591,no,,,,,,,,07d8cba9e15f5c5a3b0462a9215dbeac0cebf027 | 04cd717a269d94d3b3459a3aaf43bc71e3112b7a,,,
CVE-2021-33195,stdlib,go1.15.2,High,False,,0.00032,0.09159,no,,,,,,,,ab7f8297f9734b24a43a942930258cda411f16a3 | 7677616a263e8ded606cc8297cb67ddc667a876e,,,
CVE-2021-33196,stdlib,go1.15.2,High,False,,0.00054,0.16901,no,,,,,,,,ab7f8297f9734b24a43a942930258cda411f16a3 | 7677616a263e8ded606cc8297cb67ddc667a876e,,,
CVE-2021-33197,stdlib,go1.15.2,Medium,False,,0.00039,0.11905,no,,,,,,,,ab7f8297f9734b24a43a942930258cda411f16a3 | 7677616a263e8ded606cc8297cb67ddc667a876e,,,
CVE-2021-33198,stdlib,go1.15.2,High,False,,0.00031,0.08853,no,,,,,,,,ab7f8297f9734b24a43a942930258cda411f16a3 | 7677616a263e8ded606cc8297cb67ddc667a876e,,,
CVE-2021-33203,django,2.0.9,Medium,False,,0.00327,0.5565,no,,,,,,,,2da029d8540ab0b2e9edcba25c4d46c52853197f | 625d3c1c643b0eb5c84339415ca0ba9f1728efa2 | 843c34b3ab921c1acf77ee2014a97bc7975595b8,4.9,CVSS:3.1/AV:N/AC:L/PR:H/UI:N/S:U/C:H/I:N/A:N,3.1
CVE-2021-34558,stdlib,go1.15.2,Medium,False,,0.00917,0.75942,no,,,,,,,,c6d89dbf9954b101589e2db8e170b84167782109 | bc51e930274a5d5835ac8797978afc0864c9e30c,,,
CVE-2021-35515,commons-compress,1.19,High,False,,0.00598,0.69433,no,,,,,,,c49e865f4eabd47e264063499e27e12eb549feb1,,7.5,CVSS:3.1/AV:N/AC:L/PR:N/UI:N/S:U/C:N/I:N/A:H,3.1
CVE-2021-35516,commons-compress,1.19,High,False,,0.01402,0.80462,no,,,,,,,c49e865f4eabd47e264063499e27e12eb549feb1,,7.5,CVSS:3.1/AV:N/AC:L/PR:N/UI:N/S:U/C:N/I:N/A:H,3.1
CVE-2021-35517,commons-compress,1.19,High,False,,0.01062,0.77684,no,,,,,,,9ee24a3d6a84c7e09abb5a9b4940bc91e2ab23d6,,7.5,CVSS:3.1/AV:N/AC:L/PR:N/UI:N/S:U/C:N/I:N/A:H,3.1
CVE-2021-36090,commons-compress,1.19,High,False,,0.00592,0.69258,no,,,,,,,4b5962d0fc3082e456a7dd249fc25e5aa7b1d350,60e3d9f6bef1e431f8738e881c051d706f81e6cf,7.5,CVSS:3.1/AV:N/AC:L/PR:N/UI:N/S:U/C:N/I:N/A:H,3.1
CVE-2021-36221,stdlib,go1.15.2,Medium,False,,0.00231,0.45932,no,,,,,,,,acbe242f8a2cae8ef4749806291a37d23089b572 | fa6aa872225f8d33a90d936e7a81b64d2cea68e1,,,
CVE-2021-38193,ammonia,1.9.0,Medium,False,,0.00201,0.42154,no,,,,,,,,892da8a7f16b7af34c95394b98b5d0ca974ae9cd,6.1,CVSS:3.1/AV:N/AC:L/PR:N/UI:R/S:C/C:L/I:L/A:N,3.1
CVE-2021-38297,stdlib,go1.15.2,Critical,False,,0.10629,0.93327,no,,,,,,,,c580180744e60d6c84fc0b59d634fcff01290780 | 2ac3bdf378ae408ad8c993084c1c6f7d05b7dff8,,,
CVE-2021-38561,golang.org/x/text,v0.3.6,High,False,,0.00053,0.16589,no,,,,,,,,383b2e75a7a4198c42f8f87833eefb772868a56f,7.5,CVSS:3.1/AV:N/AC:L/PR:N/UI:N/S:U/C:N/I:N/A:H,3.1
CVE-2021-39293,stdlib,go1.15.2,High,False,,0.00039,0.11693,no,,,,,,,,170a72e58bd128b421f4b3974fe2a37fd035efdf | 21a4e67ad58e3c4a7c5254f60cda5be5c3c450ff,,,
CVE-2021-4104,log4j,1.2.16,High,False,,0.69284,0.98653,no,,https://github.com/apache/logging-log4j2/pull/608#issuecomment-990494126,,https://github.com/apache/logging-log4j2/pull/608#issuecomment-990494126,,,,,7.5,CVSS:3.1/AV:N/AC:H/PR:L/UI:N/S:U/C:H/I:H/A:H,3.1
CVE-2021-41269,cron-utils,9.1.2,Critical,False,,0.01885,0.83207,no,,https://github.com/jmrozanec/cron-utils/commit/cfd2880f80e62ea74b92fa83474c2aabdb9899da | https://github.com/jmrozanec/cron-utils/commit/d6707503ec2f20947f79e38f861dba93b39df9da,,https://github.com/jmrozanec/cron-utils/commit/cfd2880f80e62ea74b92fa83474c2aabdb9899da | https://github.com/jmrozanec/cron-utils/commit/d6707503ec2f20947f79e38f861dba93b39df9da,,,,d78d40bbfc09a0a2626a967d2529e3f561f860b7 | cfd2880f80e62ea74b92fa83474c2aabdb9899da | d6707503ec2f20947f79e38f861dba93b39df9da,9.8,CVSS:3.1/AV:N/AC:L/PR:N/UI:N/S:U/C:H/I:H/A:H,3.1
CVE-2021-41771,stdlib,go1.15.2,High,False,,0.00868,0.75188,no,,,,,,,,23991f50b34f8707bcfc7761321bb3b0e9dba10e | f58c78a5771570667b26e8c74faa017bd4c2c448,,,
CVE-2021-41772,stdlib,go1.15.2,High,False,,0.00062,0.19333,no,,,,,,,,23991f50b34f8707bcfc7761321bb3b0e9dba10e | f58c78a5771570667b26e8c74faa017bd4c2c448,,,
CVE-2021-42771,babel,2.6.0,High,False,,0.00169,0.38119,no,,https://github.com/python-babel/babel/pull/782,,https://github.com/python-babel/babel/pull/782,,,,a99fa2474c808b51ebdabea18db871e389751559,7.8,CVSS:3.1/AV:L/AC:L/PR:L/UI:N/S:U/C:H/I:H/A:H,3.1
CVE-2021-43565,golang.org/x/crypto,v0.0.0-20201002170205-7f63de1d35b0,High,False,,0.00015,0.03272,no,,,,,,,,,7.5,CVSS:3.1/AV:N/AC:L/PR:N/UI:N/S:U/C:N/I:N/A:H,3.1
CVE-2021-44716,stdlib,go1.15.2,High,False,,0.00088,0.25024,no,,,,,,,,f1f3923d2e3a0952c698d2901fc052046fa4af3d | de690c2ff8e323c7ce9e274f986dc6f824b35405,,,
CVE-2021-44717,stdlib,go1.15.2,Medium,False,,0.0022,0.44592,no,,,,,,,,f1f3923d2e3a0952c698d2901fc052046fa4af3d | de690c2ff8e323c7ce9e274f986dc6f824b35405,,,
CVE-2021-46877,jackson-databind,2.12.3,High,False,,0.00293,0.52692,no,,,,,,,a1eedfdeea46f2a8da0ed23f06e7e1d39050499b,917d1a9c3b57b2a38b2e94a9982c70465730021b,7.5,CVSS:3.1/AV:N/AC:L/PR:N/UI:N/S:U/C:N/I:N/A:H,3.1
CVE-2022-1705,stdlib,go1.15.2,Medium,False,,0.00053,0.16653,no,,,,,,,,1ed3c127daceaffb9aadc806ba60f0b51b47421b | 88a06f40dfcdc4d37346be169f2b1b9070f38bb3,,,
CVE-2022-1962,stdlib,go1.15.2,Medium,False,,5e-05,0.00228,no,,,,,,,,1ed3c127daceaffb9aadc806ba60f0b51b47421b | 88a06f40dfcdc4d37346be169f2b1b9070f38bb3,,,
CVE-2022-22577,actionpack,5.2.3,Medium,False,,0.00291,0.52527,no,,,,,,,,,6.1,CVSS:3.1/AV:N/AC:L/PR:N/UI:R/S:C/C:L/I:L/A:N,3.1
CVE-2022-23302,log4j,1.2.16,High,False,,0.00647,0.70794,no,,,,,,,fa6a663c01c1c7c1585ad92045246e576a5eccda,527f5374efd3c534b8aae7c133898019182e9f99,8.8,CVSS:3.1/AV:N/AC:L/PR:L/UI:N/S:U/C:H/I:H/A:H,3.1
CVE-2022-23305,log4j,1.2.16,Critical,False,,0.07951,0.92072,no,,,,,,,f1be130772643baf9bd09713570afa2726db333e,07225cff489eacef093939951c1edd80af14fbce,9.8,CVSS:3.1/AV:N/AC:L/PR:N/UI:N/S:U/C:H/I:H/A:H,3.1
CVE-2022-23307,log4j,1.2.16,Critical,False,,0.02155,0.84292,no,,,,,,,,8d9204a4b4c6016fa6b36513a46502689d6a45c1 | 527f5374efd3c534b8aae7c133898019182e9f99,8.8,CVSS:3.1/AV:N/AC:L/PR:L/UI:N/S:U/C:H/I:H/A:H,3.1
CVE-2022-23491,certifi,2019.3.9,Medium,False,,0.00054,0.17017,no,,,,,,,,9e9e840925d7b8e76c76fdac1fab7e6e88c1c3b8,7.5,CVSS:3.1/AV:N/AC:L/PR:N/UI:N/S:U/C:N/I:H/A:N,3.1
CVE-2022-23628,github.com/open-policy-agent/opa,v0.35.0,Medium,False,,0.00311,0.54365,no,,https://github.com/open-policy-agent/opa/commit/932e4ffc37a590ace79e9b75ca4340288c220239 | https://github.com/open-policy-agent/opa/commit/bfd984ddf93ef2c4963a08d4fdadae0bcf1a3717 | https://github.com/open-policy-agent/opa/pull/3851,,https://github.com/open-policy-agent/opa/commit/932e4ffc37a590ace79e9b75ca4340288c220239 | https://github.com/open-policy-agent/opa/commit/bfd984ddf93ef2c4963a08d4fdadae0bcf1a3717 | https://github.com/open-policy-agent/opa/pull/3851,,,64359aebdea5bfc4c6644e0e760a8d13aaa3ebba,ad4f4f130025f8fd57978b94bee03ae247e76102,5.3,CVSS:3.1/AV:N/AC:L/PR:N/UI:N/S:U/C:N/I:L/A:N,3.1
CVE-2022-23633,actionpack,5.2.3,High,False,,0.00303,0.53606,no,,https://github.com/rails/rails/commit/f9a2ad03943d5c2ba54e1d45f155442b519c75da,,https://github.com/rails/rails/commit/f9a2ad03943d5c2ba54e1d45f155442b519c75da,,,2efddadd6cba4e2129acedf1d402d11abcc03996,365e0fe8c346a90c91d2f622b4bdae2fbb11a940 | 6d25fed5c70bc1bd3292f69692c82063dd32320a | c06fa92a3f8b3ff88c85ce587630c451ea3396a6 | 9c111dcbb9d15bbc8328edbae03e67746cdec314,5.9,CVSS:3.1/AV:N/AC:H/PR:N/UI:N/S:U/C:H/I:N/A:N,3.1
CVE-2022-23772,stdlib,go1.15.2,High,False,,0.00035,0.1019,no,,,,,,,,0a6cf8706fdd0fe1bd26e4d1ecbcd41650bf5e6c | 6a70ee2873b2367e2a0d6e7d7e167c072b99daf0,,,
CVE-2022-23773,stdlib,go1.15.2,High,False,,0.00118,0.30664,no,,,,,,,,0a6cf8706fdd0fe1bd26e4d1ecbcd41650bf5e6c | 6a70ee2873b2367e2a0d6e7d7e167c072b99daf0,,,
CVE-2022-23806,stdlib,go1.15.2,Critical,False,,0.0004,0.12105,no,,,,,,,,0a6cf8706fdd0fe1bd26e4d1ecbcd41650bf5e6c | 6a70ee2873b2367e2a0d6e7d7e167c072b99daf0,,,
CVE-2022-24675,stdlib,go1.15.2,High,False,,0.00179,0.39478,no,,,,,,,,346b18ee9d15410ab08dd583787c64dbed0666d2 | 0b0d2fe66d2348fa694a925595807859bf08a391,,,
CVE-2022-24769,github.com/docker/docker,v20.10.11+incompatible,Medium,False,,0.00097,0.26709,no,,https://github.com/moby/moby/commit/2bbc786e4c59761d722d2d1518cd0a32829bc07f,,https://github.com/moby/moby/commit/2bbc786e4c59761d722d2d1518cd0a32829bc07f,,,,87a90dc786bda134c9eb02adbae2c6a7342fb7f6,5.9,CVSS:3.1/AV:L/AC:L/PR:N/UI:N/S:U/C:L/I:L/A:L,3.1
CVE-2022-24775,guzzlehttp/psr7,1.8.3,Medium,False,,0.00933,0.76168,no,,,,,,,35c2f3ca5c935f3d8bde15932a712677c9bbd50f | 698ee686c23de8c97d7e0601cf745b220d54f4e1 | 1dc8d9cba3897165e16d12bb13d813afb1eb3fe7,7dedb70d1d4d58709908dc6c665c322ed47e4744 | cce59c58baffd5b1f31102b480e0dd33c2d56f43 | 902db15a551a4a415e732b622282e21ce1b508b4 | 53491b6394cdcb66880063b82c0b16cf082711eb,7.5,CVSS:3.1/AV:N/AC:L/PR:N/UI:N/S:U/C:N/I:H/A:N,3.1
CVE-2022-24921,stdlib,go1.15.2,High,False,,0.00018,0.0475,no,,,,,,,ec5170397c724a8ae440b2bc529f857c86f0e6b1,7de0c90a1771146bcba5663fb257c52acffe6161 | 7dd10d4ce20e64d96a10cb67794851a58d96a2aa,,,
CVE-2022-27191,golang.org/x/crypto,v0.0.0-20201002170205-7f63de1d35b0,High,False,,0.00089,0.25246,no,,,,,,,,,7.5,CVSS:3.1/AV:N/AC:L/PR:N/UI:N/S:U/C:N/I:N/A:H,3.1
CVE-2022-27664,golang.org/x/net,v0.0.0-20211111083644-e5c967477495,High,False,,0.00137,0.33442,no,,,,,,,,170d78d9baa82d1b64682c5d1f15e5f386f18f3e,7.5,CVSS:3.1/AV:N/AC:L/PR:N/UI:N/S:U/C:N/I:N/A:H,3.1
CVE-2022-28131,stdlib,go1.15.2,High,False,,0.00015,0.03273,no,,,,,,,,1ed3c127daceaffb9aadc806ba60f0b51b47421b | 88a06f40dfcdc4d37346be169f2b1b9070f38bb3,,,
CVE-2022-28327,stdlib,go1.15.2,High,False,,0.00175,0.38977,no,,,,,,,,346b18ee9d15410ab08dd583787c64dbed0666d2 | 0b0d2fe66d2348fa694a925595807859bf08a391,,,
CVE-2022-2879,stdlib,go1.15.2,High,False,,0.00016,0.03477,no,,,,,,,,947091d31ccda14b0a362adff37b6e037f0f59f3 | 895664482c0ebe5cec4a6935615a1e9610bbf1e3,,,
CVE-2022-2880,stdlib,go1.15.2,High,False,,0.00031,0.09084,no,,,,,,,,947091d31ccda14b0a362adff37b6e037f0f59f3 | 895664482c0ebe5cec4a6935615a1e9610bbf1e3,,,
CVE-2022-28946,github.com/open-policy-agent/opa,v0.35.0,High,False,,0.00433,0.62781,no,,https://github.com/open-policy-agent/opa/commit/e9d3828db670cbe11129885f37f08cbf04935264,,https://github.com/open-policy-agent/opa/commit/e9d3828db670cbe11129885f37f08cbf04935264,,,,e9d3828db670cbe11129885f37f08cbf04935264,7.5,CVSS:3.1/AV:N/AC:L/PR:N/UI:N/S:U/C:N/I:N/A:H,3.1
CVE-2022-28948,gopkg.in/yaml.v3,v3.0.0-20210107192922-496545a6307b,High,False,,0.01524,0.81309,no,,,,,,,,,7.5,CVSS:3.1/AV:N/AC:L/PR:N/UI:N/S:U/C:N/I:N/A:H,3.1
CVE-2022-29217,pyjwt,1.7.1,High,False,,0.00311,0.54259,no,,https://github.com/jpadilla/pyjwt/commit/9c528670c455b8d948aff95ed50e22940d1ad3fc,,https://github.com/jpadilla/pyjwt/commit/9c528670c455b8d948aff95ed50e22940d1ad3fc,,,908ee84aeefb8126a94e48e88ba9916d9d2512b3,83ff831a4d11190e3a0bed781da43f8d84352653,7.5,CVSS:3.1/AV:N/AC:L/PR:N/UI:N/S:U/C:N/I:H/A:N,3.1
CVE-2022-29526,golang.org/x/sys,v0.0.0-20211205182925-97ca703d548d,Medium,False,,0.00182,0.39908,no,,,,,,,,085c61ae517110168841be0afeb8f883d66fe95a | 8ed0e51b5e5cc50985444f39dc56c55e4fa3bcf9,5.3,CVSS:3.1/AV:N/AC:L/PR:N/UI:N/S:U/C:L/I:N/A:N,3.1
CVE-2022-29804,stdlib,go1.15.2,High,False,,0.0005,0.15352,no,,,,,,,,26cdea3acca29db94541236f0037a20aa22ce2d7 | 4068be56ce7721a3d75606ea986d11e9ca27077a,,,
CVE-2022-30034,flower,0.9.3,High,False,,0.00226,0.45399,no,,,,,,,,f39aa8613d741c595226a82e35c9ad88d37c2d48,8.6,CVSS:3.1/AV:N/AC:L/PR:N/UI:N/S:U/C:L/I:L/A:H,3.1
CVE-2022-30580,stdlib,go1.15.2,High,False,,0.0006,0.18742,no,,,,,,,,26cdea3acca29db94541236f0037a20aa22ce2d7 | 4068be56ce7721a3d75606ea986d11e9ca27077a,,,
CVE-2022-30629,stdlib,go1.15.2,Low,False,,0.00066,0.20373,no,,,,,,,,26cdea3acca29db94541236f0037a20aa22ce2d7 | 4068be56ce7721a3d75606ea986d11e9ca27077a,,,
CVE-2022-30630,stdlib,go1.15.2,High,False,,0.00038,0.11471,no,,,,,,,,1ed3c127daceaffb9aadc806ba60f0b51b47421b | 88a06f40dfcdc4d37346be169f2b1b9070f38bb3,,,
CVE-2022-30631,stdlib,go1.15.2,High,False,,0.00041,0.12389,no,,,,,,,,1ed3c127daceaffb9aadc806ba60f0b51b47421b | 88a06f40dfcdc4d37346be169f2b1b9070f38bb3,,,
CVE-2022-30632,stdlib,go1.15.2,High,False,,0.00096,0.26407,no,,,,,,,,1ed3c127daceaffb9aadc806ba60f0b51b47421b | 88a06f40dfcdc4d37346be169f2b1b9070f38bb3,,,
CVE-2022-30633,stdlib,go1.15.2,High,False,,0.00096,0.26407,no,,,,,,,,1ed3c127daceaffb9aadc806ba60f0b51b47421b | 88a06f40dfcdc4d37346be169f2b1b9070f38bb3,,,
CVE-2022-30634,stdlib,go1.15.2,High,False,,0.00079,0.2343,no,,,,,,,,26cdea3acca29db94541236f0037a20aa22ce2d7 | 4068be56ce7721a3d75606ea986d11e9ca27077a,,,
CVE-2022-30635,stdlib,go1.15.2,High,False,,0.00096,0.26407,no,,,,,,,,1ed3c127daceaffb9aadc806ba60f0b51b47421b | 88a06f40dfcdc4d37346be169f2b1b9070f38bb3,,,
CVE-2022-31090,guzzlehttp/guzzle,7.4.4,High,False,,0.03005,0.86591,no,,https://github.com/guzzle/guzzle/commit/1dd98b0564cb3f6bd16ce683cb755f94c10fbd82,,https://github.com/guzzle/guzzle/commit/1dd98b0564cb3f6bd16ce683cb755f94c10fbd82,,,414c24961042f6616fb43e23fa69a785f9fc053e,a52f0440530b54fa079ce76e8c5d196a42cad981 | 1dd98b0564cb3f6bd16ce683cb755f94c10fbd82,7.7,CVSS:3.1/AV:N/AC:L/PR:L/UI:N/S:C/C:H/I:N/A:N,3.1
CVE-2022-31091,guzzlehttp/guzzle,7.4.4,High,False,,0.0034,0.56742,no,,https://github.com/guzzle/guzzle/commit/1dd98b0564cb3f6bd16ce683cb755f94c10fbd82,,https://github.com/guzzle/guzzle/commit/1dd98b0564cb3f6bd16ce683cb755f94c10fbd82,,,414c24961042f6616fb43e23fa69a785f9fc053e,a52f0440530b54fa079ce76e8c5d196a42cad981 | 1dd98b0564cb3f6bd16ce683cb755f94c10fbd82,7.7,CVSS:3.1/AV:N/AC:L/PR:L/UI:N/S:C/C:H/I:N/A:N,3.1
CVE-2022-32148,stdlib,go1.15.2,Medium,False,,0.00056,0.17496,no,,,,,,,,1ed3c127daceaffb9aadc806ba60f0b51b47421b | 88a06f40dfcdc4d37346be169f2b1b9070f38bb3,,,
CVE-2022-32149,golang.org/x/text,v0.3.6,High,False,,0.00056,0.17422,no,,,,,,,,434eadcdbc3b0256971992e8c70027278364c72c,7.5,CVSS:3.1/AV:N/AC:L/PR:N/UI:N/S:U/C:N/I:N/A:H,3.1
CVE-2022-32189,stdlib,go1.15.2,High,False,,0.00113,0.29791,no,,,,,,,,15da892a4950a4caac987ee72c632436329f62d5 | be59153dd8e67d83428e18a44dd29df3059c21fe,,,
CVE-2022-33082,github.com/open-policy-agent/opa,v0.35.0,High,False,,0.01094,0.78005,no,,,,,,,,9b5fb9b1d2feca3eb51da6a383ca25175ee58234,7.5,CVSS:3.1/AV:N/AC:L/PR:N/UI:N/S:U/C:N/I:N/A:H,3.1
CVE-2022-3358,openssl,3.0.5,High,False,,0.19455,0.95404,no,,,,,,,89cd17a031e022211684eb7eb41190cf1910f9fa,75a6bc17f32505421a78476a972d4d9b74f303b6,,,
CVE-2022-3602,openssl,3.0.5,High,False,,0.84357,0.99324,no,,,,,,,49a77a5a996a49e8cb728eed42e55a7c1a9eef6e | 89cd17a031e022211684eb7eb41190cf1910f9fa,8c1dd95f3cc5d91acb9ce8994b3ac45ab927178f | 19cc035b6c6f2283573d29c7ea7f7d675cf750ce,,,
CVE-2022-36109,github.com/docker/docker,v20.10.11+incompatible,Medium,False,,0.00041,0.12421,no,,https://github.com/moby/moby/commit/de7af816e76a7fd3fbf06bffa6832959289fba32,,https://github.com/moby/moby/commit/de7af816e76a7fd3fbf06bffa6832959289fba32,,,,e42327a6d3c55ceda3bd5475be7aae6036d02db3,6.3,CVSS:3.1/AV:N/AC:L/PR:L/UI:N/S:U/C:L/I:L/A:L,3.1
CVE-2022-36359,django,2.0.9,High,False,,0.00789,0.73908,no,,,,,,,3591e1c1acbd7c13174275367c3fdf012cb0413b | ef62a3a68c9d558486145a42c0d71ea9a76add9e,653a7bd7b7c2f7c3ffe6b22be53da1472c491474 | e9e9729846dc24dc73264341094ed51f2c8ac3dc,8.8,CVSS:3.1/AV:N/AC:L/PR:N/UI:R/S:U/C:H/I:H/A:H,3.1
CVE-2022-37434,zlib,1.2.12,Critical,False,,0.92544,0.99741,no,,https://github.com/madler/zlib/commit/eff308af425b67093bab25f80f1ae950166bece1 | https://github.com/madler/zlib/commit/1eb7682f845ac9e9bf9ae35bbfb3bad5dacbd91d,,https://github.com/madler/zlib/commit/eff308af425b67093bab25f80f1ae950166bece1 | https://github.com/madler/zlib/commit/1eb7682f845ac9e9bf9ae35bbfb3bad5dacbd91d,,,7162e686b18d22b4385fa5c04274fb04dbd810c7,1eb7682f845ac9e9bf9ae35bbfb3bad5dacbd91d | eff308af425b67093bab25f80f1ae950166bece1 | 79c57d0cc55db834177d2f8ce4b4d83109a23dc9 | 9de633dea8c50bc7d88b62d190e8c3c7242c0f13,,,
CVE-2022-3786,openssl,3.0.5,High,False,,0.26622,0.96351,no,,https://git.openssl.org/gitweb/?p=openssl.git;a=commitdiff;h=c42165b5706e42f67ef8ef4c351a9a4c5d21639a,,https://git.openssl.org/gitweb/?p=openssl.git;a=commitdiff;h=c42165b5706e42f67ef8ef4c351a9a4c5d21639a,,,49a77a5a996a49e8cb728eed42e55a7c1a9eef6e | 89cd17a031e022211684eb7eb41190cf1910f9fa,8c1dd95f3cc5d91acb9ce8994b3ac45ab927178f | 19cc035b6c6f2283573d29c7ea7f7d675cf750ce,,,
CVE-2022-3996,openssl,3.0.5,High,False,,0.00172,0.38559,no,,https://github.com/openssl/openssl/commit/7725e7bfe6f2ce8146b6552b44e0d226be7638e7,,https://github.com/openssl/openssl/commit/7725e7bfe6f2ce8146b6552b44e0d226be7638e7,,,89cd17a031e022211684eb7eb41190cf1910f9fa,7725e7bfe6f2ce8146b6552b44e0d226be7638e7,,,
CVE-2022-40896,pygments,2.3.1,Medium,False,,0.00066,0.20462,no,,,,,,,,,5.5,CVSS:3.1/AV:L/AC:L/PR:N/UI:R/S:U/C:N/I:N/A:H,3.1
CVE-2022-40897,setuptools,51.3.3,High,False,,0.00513,0.66519,no,,https://github.com/pypa/setuptools/commit/43a9c9bfa6aa626ec2a22540bea28d2ca77964be,,https://github.com/pypa/setuptools/commit/43a9c9bfa6aa626ec2a22540bea28d2ca77964be,,,,a462cb5edb324dcc56f903524b742305e4087014 | 43a9c9bfa6aa626ec2a22540bea28d2ca77964be,5.9,CVSS:3.1/AV:N/AC:H/PR:N/UI:N/S:U/C:N/I:N/A:H,3.1
CVE-2022-41715,stdlib,go1.15.2,High,False,,0.00016,0.03901,no,,,,,,,,947091d31ccda14b0a362adff37b6e037f0f59f3 | 895664482c0ebe5cec4a6935615a1e9610bbf1e3,,,
CVE-2022-41716,stdlib,go1.15.2,High,False,,0.00013,0.02347,no,,,,,,,,156bf3dd36a9264f721dc98749c8899c559cca43 | 5d5ed57b134b7a02259ff070864f753c9e601a18,,,
CVE-2022-41717,golang.org/x/net,v0.0.0-20211111083644-e5c967477495,Medium,False,,0.00331,0.56052,no,,,,,,,,0d8a92bdfd3d6d1b24f47e05f9be46645aec94f0 | dc04f3ba1f25313bc9c97e728620206c235db9ee,5.3,CVSS:3.1/AV:N/AC:L/PR:N/UI:N/S:U/C:N/I:N/A:L,3.1
CVE-2022-41720,stdlib,go1.15.2,High,False,,0.00035,0.10248,no,,,,,,,,0d8a92bdfd3d6d1b24f47e05f9be46645aec94f0 | dc04f3ba1f25313bc9c97e728620206c235db9ee,,,
CVE-2022-41722,stdlib,go1.15.2,High,False,,0.0039,0.6009,no,,,,,,,,8656c03fee94ce9cdc4da120b831c2fb9fd68d9d,,,
CVE-2022-41723,golang.org/x/net,v0.0.0-20211111083644-e5c967477495,High,False,,0.00272,0.50701,no,,,,,,,,8656c03fee94ce9cdc4da120b831c2fb9fd68d9d,7.5,CVSS:3.1/AV:N/AC:L/PR:N/UI:N/S:U/C:N/I:N/A:H,3.1
CVE-2022-41724,stdlib,go1.15.2,High,False,,0.0002,0.05358,no,,,,,,,,8656c03fee94ce9cdc4da120b831c2fb9fd68d9d,,,
CVE-2022-41725,stdlib,go1.15.2,High,False,,0.00065,0.201,no,,,,,,,,8656c03fee94ce9cdc4da120b831c2fb9fd68d9d,,,
CVE-2022-42003,jackson-databind,2.12.3,High,False,,0.00346,0.57184,no,,https://github.com/FasterXML/jackson-databind/commit/d78d00ee7b5245b93103fef3187f70543d67ca33,,https://github.com/FasterXML/jackson-databind/commit/d78d00ee7b5245b93103fef3187f70543d67ca33,,,70c5dfbd52410d99d36181072711125ac5240a15,ea6f3d4b05dde564a1a5013dd34467d676072afa | 19e6b6fbcfd4105dc6365928ebc2f07da61e78c5 | bfe08f8178f028a71bc25bf68a8f690d0e484d9e | d78d00ee7b5245b93103fef3187f70543d67ca33,7.5,CVSS:3.1/AV:N/AC:L/PR:N/UI:N/S:U/C:N/I:N/A:H,3.1
CVE-2022-42004,jackson-databind,2.12.3,High,False,,0.00273,0.50745,no,,https://github.com/FasterXML/jackson-databind/commit/063183589218fec19a9293ed2f17ec53ea80ba88,,https://github.com/FasterXML/jackson-databind/commit/063183589218fec19a9293ed2f17ec53ea80ba88,,,70c5dfbd52410d99d36181072711125ac5240a15,ea6f3d4b05dde564a1a5013dd34467d676072afa | 13cd41d616022f63a0af38db2389de52199cf62c | 70c5dfbd52410d99d36181072711125ac5240a15 | 063183589218fec19a9293ed2f17ec53ea80ba88,7.5,CVSS:3.1/AV:N/AC:L/PR:N/UI:N/S:U/C:N/I:N/A:H,3.1
CVE-2022-4203,openssl,3.0.5,Medium,False,,0.00593,0.69284,no,,https://git.openssl.org/gitweb/?p=openssl.git;a=commitdiff;h=c927a3492698c254637da836762f9b1f86cffabc,,https://git.openssl.org/gitweb/?p=openssl.git;a=commitdiff;h=c927a3492698c254637da836762f9b1f86cffabc,,,89cd17a031e022211684eb7eb41190cf1910f9fa,31157bc0b46e04227b8468d3e6915e4d0332777c,,,
CVE-2022-42975,phoenix,1.6.13,High,False,,0.00204,0.42552,no,,https://github.com/phoenixframework/phoenix/commit/6e7185b33a59e0b1d1c0b4223adf340a73e963ae,,https://github.com/phoenixframework/phoenix/commit/6e7185b33a59e0b1d1c0b4223adf340a73e963ae,,,,50b4854124fc52cfa4666b2e555f984532d372e9 | 6e7185b33a59e0b1d1c0b4223adf340a73e963ae,7.5,CVSS:3.1/AV:N/AC:L/PR:N/UI:N/S:U/C:N/I:H/A:N,3.1
CVE-2022-4304,openssl,1.1.1q,Medium,False,,0.00218,0.44414,no,,,,,,,e818b74be2170fbe957a07b0da4401c2b694b3b8 | e04bd3433fd84e1861bf258ea37928d9845e6a86 | 89cd17a031e022211684eb7eb41190cf1910f9fa,e818b74be2170fbe957a07b0da4401c2b694b3b8 | e04bd3433fd84e1861bf258ea37928d9845e6a86 | 31157bc0b46e04227b8468d3e6915e4d0332777c | a7e992847de83aa36be0c399c89db3fb827b0be2,,,
CVE-2022-4450,openssl,1.1.1q,High,False,,0.00147,0.35154,no,,https://git.openssl.org/gitweb/?p=openssl.git;a=commitdiff;h=63bcf189be73a9cc1264059bed6f57974be74a83 | https://git.openssl.org/gitweb/?p=openssl.git;a=commitdiff;h=bbcf509bd046b34cca19c766bbddc31683d0858b,,https://git.openssl.org/gitweb/?p=openssl.git;a=commitdiff;h=63bcf189be73a9cc1264059bed6f57974be74a83 | https://git.openssl.org/gitweb/?p=openssl.git;a=commitdiff;h=bbcf509bd046b34cca19c766bbddc31683d0858b,,,e04bd3433fd84e1861bf258ea37928d9845e6a86 | 89cd17a031e022211684eb7eb41190cf1910f9fa,e04bd3433fd84e1861bf258ea37928d9845e6a86 | 31157bc0b46e04227b8468d3e6915e4d0332777c,,,
CVE-2023-0215,openssl,1.1.1q,High,False,,0.0043,0.62564,no,,https://git.openssl.org/gitweb/?p=openssl.git;a=commitdiff;h=8818064ce3c3c0f1b740a5aaba2a987e75bfbafd | https://git.openssl.org/gitweb/?p=openssl.git;a=commitdiff;h=9816136fe31d92ace4037d5da5257f763aeeb4eb | https://git.openssl.org/gitweb/?p=openssl.git;a=commitdiff;h=c3829dd8825c654652201e16f8a0a0c46ee3f344,,https://git.openssl.org/gitweb/?p=openssl.git;a=commitdiff;h=8818064ce3c3c0f1b740a5aaba2a987e75bfbafd | https://git.openssl.org/gitweb/?p=openssl.git;a=commitdiff;h=9816136fe31d92ace4037d5da5257f763aeeb4eb | https://git.openssl.org/gitweb/?p=openssl.git;a=commitdiff;h=c3829dd8825c654652201e16f8a0a0c46ee3f344,,,e818b74be2170fbe957a07b0da4401c2b694b3b8 | e04bd3433fd84e1861bf258ea37928d9845e6a86 | 89cd17a031e022211684eb7eb41190cf1910f9fa,e818b74be2170fbe957a07b0da4401c2b694b3b8 | e04bd3433fd84e1861bf258ea37928d9845e6a86 | 31157bc0b46e04227b8468d3e6915e4d0332777c | 42768eafab40d3e2f0851caa84aa9801139c74ab,,,
CVE-2023-0216,openssl,3.0.5,High,False,,0.0102,0.77263,no,,https://git.openssl.org/gitweb/?p=openssl.git;a=commitdiff;h=934a04f0e775309cadbef0aa6b9692e1b12a76c6,,https://git.openssl.org/gitweb/?p=openssl.git;a=commitdiff;h=934a04f0e775309cadbef0aa6b9692e1b12a76c6,,,89cd17a031e022211684eb7eb41190cf1910f9fa,42768eafab40d3e2f0851caa84aa9801139c74ab,,,
CVE-2023-0217,openssl,3.0.5,High,False,,0.01029,0.77335,no,,,,,,,89cd17a031e022211684eb7eb41190cf1910f9fa,,,,
CVE-2023-0286,openssl,1.1.1q,High,False,,0.88334,0.99499,no,,https://git.openssl.org/gitweb/?p=openssl.git;a=commitdiff;h=2c6c9d439b484e1ba9830d8454a34fa4f80fdfe9 | https://git.openssl.org/gitweb/?p=openssl.git;a=commitdiff;h=2f7530077e0ef79d98718138716bc51ca0cad658 | https://git.openssl.org/gitweb/?p=openssl.git;a=commitdiff;h=fd2af07dc083a350c959147097003a14a5e8ac4d,,https://git.openssl.org/gitweb/?p=openssl.git;a=commitdiff;h=2c6c9d439b484e1ba9830d8454a34fa4f80fdfe9 | https://git.openssl.org/gitweb/?p=openssl.git;a=commitdiff;h=2f7530077e0ef79d98718138716bc51ca0cad658 | https://git.openssl.org/gitweb/?p=openssl.git;a=commitdiff;h=fd2af07dc083a350c959147097003a14a5e8ac4d,,,e818b74be2170fbe957a07b0da4401c2b694b3b8 | e04bd3433fd84e1861bf258ea37928d9845e6a86 | 89cd17a031e022211684eb7eb41190cf1910f9fa,e818b74be2170fbe957a07b0da4401c2b694b3b8 | e04bd3433fd84e1861bf258ea37928d9845e6a86 | 31157bc0b46e04227b8468d3e6915e4d0332777c | 42768eafab40d3e2f0851caa84aa9801139c74ab,,,
CVE-2023-0401,openssl,3.0.5,High,False,,0.00825,0.74493,no,,https://git.openssl.org/gitweb/?p=openssl.git;a=commitdiff;h=d3b6dfd70db844c4499bec6ad6601623a565e674,,https://git.openssl.org/gitweb/?p=openssl.git;a=commitdiff;h=d3b6dfd70db844c4499bec6ad6601623a565e674,,,89cd17a031e022211684eb7eb41190cf1910f9fa,42768eafab40d3e2f0851caa84aa9801139c74ab,,,
CVE-2023-0464,openssl,1.1.1q,High,False,,0.00968,0.76626,no,,https://git.openssl.org/gitweb/?p=openssl.git;a=commitdiff;h=2017771e2db3e2b96f89bbe8766c3209f6a99545 | https://git.openssl.org/gitweb/?p=openssl.git;a=commitdiff;h=879f7080d7e141f415c79eaa3a8ac4a3dad0348b | https://git.openssl.org/gitweb/?p=openssl.git;a=commitdiff;h=959c59c7a0164117e7f8366466a32bb1f8d77ff1,,https://git.openssl.org/gitweb/?p=openssl.git;a=commitdiff;h=2017771e2db3e2b96f89bbe8766c3209f6a99545 | https://git.openssl.org/gitweb/?p=openssl.git;a=commitdiff;h=879f7080d7e141f415c79eaa3a8ac4a3dad0348b | https://git.openssl.org/gitweb/?p=openssl.git;a=commitdiff;h=959c59c7a0164117e7f8366466a32bb1f8d77ff1,,,e818b74be2170fbe957a07b0da4401c2b694b3b8 | e04bd3433fd84e1861bf258ea37928d9845e6a86 | 89cd17a031e022211684eb7eb41190cf1910f9fa | a92271e03a8d0dee507b6f1e7f49512568b2c7ad,e818b74be2170fbe957a07b0da4401c2b694b3b8 | e04bd3433fd84e1861bf258ea37928d9845e6a86 | de90e54bbe82e5be4fb9608b6f5c308bb837d355 | 2cf4e90eaaf7402bf038b158dbdacd0a15561fb7,,,
CVE-2023-0465,openssl,1.1.1q,Medium,False,,0.00521,0.66887,no,,https://git.openssl.org/gitweb/?p=openssl.git;a=commitdiff;h=1dd43e0709fece299b15208f36cc7c76209ba0bb | https://git.openssl.org/gitweb/?p=openssl.git;a=commitdiff;h=b013765abfa80036dc779dd0e50602c57bb3bf95 | https://git.openssl.org/gitweb/?p=openssl.git;a=commitdiff;h=facfb1ab745646e97a1920977ae4a9965ea61d5c,,https://git.openssl.org/gitweb/?p=openssl.git;a=commitdiff;h=1dd43e0709fece299b15208f36cc7c76209ba0bb | https://git.openssl.org/gitweb/?p=openssl.git;a=commitdiff;h=b013765abfa80036dc779dd0e50602c57bb3bf95 | https://git.openssl.org/gitweb/?p=openssl.git;a=commitdiff;h=facfb1ab745646e97a1920977ae4a9965ea61d5c,,,e818b74be2170fbe957a07b0da4401c2b694b3b8 | e04bd3433fd84e1861bf258ea37928d9845e6a86 | 89cd17a031e022211684eb7eb41190cf1910f9fa | a92271e03a8d0dee507b6f1e7f49512568b2c7ad,e818b74be2170fbe957a07b0da4401c2b694b3b8 | e04bd3433fd84e1861bf258ea37928d9845e6a86 | de90e54bbe82e5be4fb9608b6f5c308bb837d355 | 2cf4e90eaaf7402bf038b158dbdacd0a15561fb7,,,
CVE-2023-0466,openssl,1.1.1q,Medium,False,,0.00825,0.7449,no,,https://git.openssl.org/gitweb/?p=openssl.git;a=commitdiff;h=0d16b7e99aafc0b4a6d729eec65a411a7e025f0a | https://git.openssl.org/gitweb/?p=openssl.git;a=commitdiff;h=51e8a84ce742db0f6c70510d0159dad8f7825908 | https://git.openssl.org/gitweb/?p=openssl.git;a=commitdiff;h=fc814a30fc4f0bc54fcea7d9a7462f5457aab061,,https://git.openssl.org/gitweb/?p=openssl.git;a=commitdiff;h=0d16b7e99aafc0b4a6d729eec65a411a7e025f0a | https://git.openssl.org/gitweb/?p=openssl.git;a=commitdiff;h=51e8a84ce742db0f6c70510d0159dad8f7825908 | https://git.openssl.org/gitweb/?p=openssl.git;a=commitdiff;h=fc814a30fc4f0bc54fcea7d9a7462f5457aab061,,,e818b74be2170fbe957a07b0da4401c2b694b3b8 | e04bd3433fd84e1861bf258ea37928d9845e6a86 | 89cd17a031e022211684eb7eb41190cf1910f9fa | a92271e03a8d0dee507b6f1e7f49512568b2c7ad,e818b74be2170fbe957a07b0da4401c2b694b3b8 | e04bd3433fd84e1861bf258ea37928d9845e6a86 | de90e54bbe82e5be4fb9608b6f5c308bb837d355 | 2cf4e90eaaf7402bf038b158dbdacd0a15561fb7,,,
CVE-2023-1255,openssl,3.0.5,Medium,False,,0.00084,0.24349,no,,https://git.openssl.org/gitweb/?p=openssl.git;a=commitdiff;h=02ac9c9420275868472f33b01def01218742b8bb | https://git.openssl.org/gitweb/?p=openssl.git;a=commitdiff;h=bc2f61ad70971869b242fc1cb445b98bad50074a,,https://git.openssl.org/gitweb/?p=openssl.git;a=commitdiff;h=02ac9c9420275868472f33b01def01218742b8bb | https://git.openssl.org/gitweb/?p=openssl.git;a=commitdiff;h=bc2f61ad70971869b242fc1cb445b98bad50074a,,,89cd17a031e022211684eb7eb41190cf1910f9fa | a92271e03a8d0dee507b6f1e7f49512568b2c7ad,de90e54bbe82e5be4fb9608b6f5c308bb837d355 | 2cf4e90eaaf7402bf038b158dbdacd0a15561fb7,,,
CVE-2023-2253,github.com/docker/distribution,v2.7.1+incompatible,High,False,,0.00147,0.35055,no,,,,,,,,,6.5,CVSS:3.1/AV:N/AC:L/PR:L/UI:N/S:U/C:N/I:N/A:H,3.1
CVE-2023-22792,actionpack,5.2.3,Low,False,,0.02264,0.84652,no,,,,,,,9891ca89c69732a21743f0349f2995956a7802e7 | 914caca2d31bd753f47f9168f2a375921d9e91cc | 984c3ef2775781d47efa9f541ce570daa2434a80,28bb76d3efc39b2ef663dfe2346f7c2621343cd6 | c443466a99f8ed951605fb4993a01de5e41349a4 | 23e0345fe900dfd7edd6e8e5a7a6bd54b2a7d2ed,7.5,CVSS:3.1/AV:N/AC:L/PR:N/UI:N/S:U/C:N/I:N/A:H,3.1
CVE-2023-22795,actionpack,5.2.3,Low,False,,0.01304,0.79782,no,,,,,,,984c3ef2775781d47efa9f541ce570daa2434a80,c443466a99f8ed951605fb4993a01de5e41349a4 | 23e0345fe900dfd7edd6e8e5a7a6bd54b2a7d2ed,7.5,CVSS:3.1/AV:N/AC:L/PR:N/UI:N/S:U/C:N/I:N/A:H,3.1
CVE-2023-23934,werkzeug,0.11,Low,False,,0.00267,0.50158,no,,https://github.com/pallets/werkzeug/commit/cf275f42acad1b5950c50ffe8ef58fe62cdce028,,https://github.com/pallets/werkzeug/commit/cf275f42acad1b5950c50ffe8ef58fe62cdce028,,,,22a254fca2ad0130adbbcbd11d3de51bcb04a08b,3.5,CVSS:3.1/AV:A/AC:L/PR:N/UI:R/S:U/C:N/I:L/A:N,3.1
CVE-2023-24531,stdlib,go1.15.2,Critical,False,,0.00481,0.65131,no,,,,,,,,,,,
CVE-2023-24532,stdlib,go1.15.2,Medium,False,,0.00026,0.07368,no,,,,,,,,7bd22aafe41be40e2174335a3dc55431ca9548ec | aee9a19c559da6fd258a8609556d89f6fad2a6d8,,,
CVE-2023-24534,stdlib,go1.15.2,High,False,,0.00119,0.30809,no,,,,,,,,ca305e101d89969b5cc6a812b1f12038b769aaa2 | 7c47a6b15782b13ecb76fd3c6c18e5f1edc34733,,,
CVE-2023-24536,stdlib,go1.15.2,High,False,,0.00061,0.1901,no,,,,,,,,ca305e101d89969b5cc6a812b1f12038b769aaa2 | 7c47a6b15782b13ecb76fd3c6c18e5f1edc34733,,,
CVE-2023-24537,stdlib,go1.15.2,High,False,,0.00012,0.01616,no,,,,,,,,ca305e101d89969b5cc6a812b1f12038b769aaa2 | 7c47a6b15782b13ecb76fd3c6c18e5f1edc34733,,,
CVE-2023-24538,stdlib,go1.15.2,Critical,False,,0.00654,0.70951,no,,,,,,,,ca305e101d89969b5cc6a812b1f12038b769aaa2 | 7c47a6b15782b13ecb76fd3c6c18e5f1edc34733,,,
CVE-2023-24539,stdlib,go1.15.2,High,False,,0.00066,0.20332,no,,,,,,,,484330d038d060c6e4db3dc8e6ea2b811b2a44d8 | 324c3ace2d2e4e30949baa23b4c9aac8a4123317,,,
CVE-2023-24540,stdlib,go1.15.2,Critical,False,,0.00246,0.47864,no,,,,,,,,484330d038d060c6e4db3dc8e6ea2b811b2a44d8 | 324c3ace2d2e4e30949baa23b4c9aac8a4123317,,,
CVE-2023-25577,werkzeug,0.11,High,False,,0.00366,0.58624,no,,https://github.com/pallets/werkzeug/commit/517cac5a804e8c4dc4ed038bb20dacd038e7a9f1,,https://github.com/pallets/werkzeug/commit/517cac5a804e8c4dc4ed038bb20dacd038e7a9f1,,,,22a254fca2ad0130adbbcbd11d3de51bcb04a08b,7.5,CVSS:3.1/AV:N/AC:L/PR:N/UI:N/S:U/C:N/I:N/A:H,3.1
CVE-2023-26464,log4j,1.2.16,High,False,,0.00147,0.35041,no,,,,,,,,8d9204a4b4c6016fa6b36513a46502689d6a45c1,7.5,CVSS:3.1/AV:N/AC:L/PR:N/UI:N/S:U/C:N/I:N/A:H,3.1
CVE-2023-2650,openssl,1.1.1q,Medium,False,,0.91594,0.99679,no,,https://git.openssl.org/gitweb/?p=openssl.git;a=commitdiff;h=423a2bc737a908ad0c77bda470b2b59dc879936b | https://git.openssl.org/gitweb/?p=openssl.git;a=commitdiff;h=db779b0e10b047f2585615e0b8f2acdf21f8544a | https://git.openssl.org/gitweb/?p=openssl.git;a=commitdiff;h=9e209944b35cf82368071f160a744b6178f9b098,,https://git.openssl.org/gitweb/?p=openssl.git;a=commitdiff;h=423a2bc737a908ad0c77bda470b2b59dc879936b | https://git.openssl.org/gitweb/?p=openssl.git;a=commitdiff;h=db779b0e10b047f2585615e0b8f2acdf21f8544a | https://git.openssl.org/gitweb/?p=openssl.git;a=commitdiff;h=9e209944b35cf82368071f160a744b6178f9b098,,,e818b74be2170fbe957a07b0da4401c2b694b3b8 | e04bd3433fd84e1861bf258ea37928d9845e6a86 | 89cd17a031e022211684eb7eb41190cf1910f9fa | a92271e03a8d0dee507b6f1e7f49512568b2c7ad,e818b74be2170fbe957a07b0da4401c2b694b3b8 | e04bd3433fd84e1861bf258ea37928d9845e6a86 | de90e54bbe82e5be4fb9608b6f5c308bb837d355 | 2cf4e90eaaf7402bf038b158dbdacd0a15561fb7,,,
CVE-2023-28117,sentry-sdk,0.7.10,High,False,,0.00398,0.60643,no,,https://github.com/getsentry/sentry-python/pull/1842,,https://github.com/getsentry/sentry-python/pull/1842,,,,8c4a19a4391a721b4b7e27d6a2b17902963ce62e,6.5,CVSS:3.1/AV:N/AC:L/PR:L/UI:N/S:U/C:H/I:N/A:N,3.1
CVE-2023-28362,actionpack,5.2.3,Medium,False,,0.00224,0.4516,no,,https://github.com/rails/rails/commit/1c3f93d1e90a3475f9ae2377ead25ccf11f71441 | https://github.com/rails/rails/commit/69e37c84e3f77d75566424c7d0015172d6a6fac5,,https://github.com/rails/rails/commit/1c3f93d1e90a3475f9ae2377ead25ccf11f71441 | https://github.com/rails/rails/commit/69e37c84e3f77d75566424c7d0015172d6a6fac5,,GHSA-4g8v-vg43-wpgf,,1c3f93d1e90a3475f9ae2377ead25ccf11f71441 | 69e37c84e3f77d75566424c7d0015172d6a6fac5,,,
CVE-2023-28370,tornado,5.1.1,Medium,False,,0.00528,0.67186,no,,,,,,,,34f5c1cf2696afec5532ca9e870ba32cbc7fee27,6.1,CVSS:3.1/AV:N/AC:L/PR:N/UI:R/S:C/C:L/I:L/A:N,3.1
CVE-2023-28840,github.com/docker/docker,v20.10.11+incompatible,High,False,,0.00481,0.65127,no,,https://github.com/moby/moby/pull/45118,,https://github.com/moby/moby/pull/45118,,,8eab29edd820017901796eb60d4bea28d760f16f | d7573ab8672555762688f4c7ab8cc69ae8ec1a47,5d6db842238e3c4f5f9fb9ad70ea46b35227d084 | 59118bff500fc0d95d0560a9788735a8d89568ce,8.7,CVSS:3.1/AV:N/AC:H/PR:N/UI:N/S:C/C:N/I:H/A:H,3.1
CVE-2023-28841,github.com/docker/docker,v20.10.11+incompatible,Medium,False,,0.03129,0.86877,no,,https://github.com/moby/moby/pull/45118,,https://github.com/moby/moby/pull/45118,,,8eab29edd820017901796eb60d4bea28d760f16f | d7573ab8672555762688f4c7ab8cc69ae8ec1a47,5d6db842238e3c4f5f9fb9ad70ea46b35227d084 | 59118bff500fc0d95d0560a9788735a8d89568ce,6.8,CVSS:3.1/AV:N/AC:H/PR:N/UI:N/S:C/C:H/I:N/A:N,3.1
CVE-2023-28842,github.com/docker/docker,v20.10.11+incompatible,Medium,False,,0.00636,0.70488,no,,,,,,,8eab29edd820017901796eb60d4bea28d760f16f | d7573ab8672555762688f4c7ab8cc69ae8ec1a47,5d6db842238e3c4f5f9fb9ad70ea46b35227d084 | 59118bff500fc0d95d0560a9788735a8d89568ce,6.8,CVSS:3.1/AV:N/AC:H/PR:N/UI:N/S:C/C:N/I:H/A:N,3.1
CVE-2023-29197,guzzlehttp/psr7,1.8.3,Medium,False,,0.02291,0.84735,no,,,,,,,1dc8d9cba3897165e16d12bb13d813afb1eb3fe7,e4490cabc77465aaee90b20cfc9a770f8c04be6b | 0454e12ef0cd597ccd2adb036f7bda4e7fface66,7.5,CVSS:3.1/AV:N/AC:L/PR:N/UI:N/S:U/C:N/I:H/A:N,3.1
CVE-2023-29400,stdlib,go1.15.2,High,False,,0.00048,0.14876,no,,,,,,,,484330d038d060c6e4db3dc8e6ea2b811b2a44d8 | 324c3ace2d2e4e30949baa23b4c9aac8a4123317,,,
CVE-2023-29402,stdlib,go1.15.2,Critical,False,,0.00125,0.31723,no,,,,,,,,7fe60b5df764f5a16a2c40e4412b5ed60f709192 | e827d41c0a2ea392c117a790cdfed0022e419424,,,
CVE-2023-29403,stdlib,go1.15.2,High,False,,0.0001,0.01116,no,,,,,,,,7fe60b5df764f5a16a2c40e4412b5ed60f709192 | e827d41c0a2ea392c117a790cdfed0022e419424,,,
CVE-2023-29404,stdlib,go1.15.2,Critical,False,,0.00084,0.24403,no,,,,,,,,7fe60b5df764f5a16a2c40e4412b5ed60f709192 | e827d41c0a2ea392c117a790cdfed0022e419424,,,
CVE-2023-29405,stdlib,go1.15.2,Critical,False,,0.00329,0.55936,no,,,,,,,,7fe60b5df764f5a16a2c40e4412b5ed60f709192 | e827d41c0a2ea392c117a790cdfed0022e419424,,,
CVE-2023-29406,stdlib,go1.15.2,Medium,False,,0.00344,0.5704,no,,,,,,,,e58941fc25771784319ebd0178e566ecf7d3d8c1 | 2c358ffe9762ba08c8db0196942395f97775e31b,,,
CVE-2023-29409,stdlib,go1.15.2,Medium,False,,0.00115,0.29993,no,,,,,,,,0ae54ddd37302bdd2a8c775135bf5f076a18eeb3 | adb775e309dea43157e931835e920ac9e7769abe,,,
CVE-2023-2975,openssl,3.0.5,Medium,False,,0.00191,0.40899,no,,https://git.openssl.org/gitweb/?p=openssl.git;a=commitdiff;h=00e2f5eea29994d19293ec4e8c8775ba73678598 | https://git.openssl.org/gitweb/?p=openssl.git;a=commitdiff;h=6a83f0c958811f07e0d11dfc6b5a6a98edfd5bdc,,https://git.openssl.org/gitweb/?p=openssl.git;a=commitdiff;h=00e2f5eea29994d19293ec4e8c8775ba73678598 | https://git.openssl.org/gitweb/?p=openssl.git;a=commitdiff;h=6a83f0c958811f07e0d11dfc6b5a6a98edfd5bdc,,,89cd17a031e022211684eb7eb41190cf1910f9fa | a92271e03a8d0dee507b6f1e7f49512568b2c7ad,,,,
CVE-2023-2976,guava,29.0-jre,Medium,False,,0.00065,0.20171,no,,,,,,,,6b1f97ced922d48f071153ad9e631d06383033a4,7.1,CVSS:3.1/AV:L/AC:L/PR:L/UI:N/S:U/C:H/I:H/A:N,3.1
CVE-2023-30608,sqlparse,0.3.0,Medium,False,,0.0109,0.77961,no,,https://github.com/andialbrecht/sqlparse/commit/c457abd5f097dd13fb21543381e7cfafe7d31cfb | https://github.com/andialbrecht/sqlparse/commit/e75e35869473832a1eb67772b1adfee2db11b85a,,https://github.com/andialbrecht/sqlparse/commit/c457abd5f097dd13fb21543381e7cfafe7d31cfb | https://github.com/andialbrecht/sqlparse/commit/e75e35869473832a1eb67772b1adfee2db11b85a,,,4b7b0d3a01d8061572137f82a53de7365f3a241c,647d1457acf7d88614215841eb15d423df2a1895,7.5,CVSS:3.1/AV:N/AC:L/PR:N/UI:N/S:U/C:N/I:N/A:H,3.1
CVE-2023-30861,flask,1.0.3,High,False,,0.00192,0.41029,no,,https://github.com/pallets/flask/commit/70f906c51ce49c485f1d355703e9cc3386b1cc2b | https://github.com/pallets/flask/commit/afd63b16170b7c047f5758eb910c416511e9c965,,https://github.com/pallets/flask/commit/70f906c51ce49c485f1d355703e9cc3386b1cc2b | https://github.com/pallets/flask/commit/afd63b16170b7c047f5758eb910c416511e9c965,,,8728c3e4cd4e929a4327d917acd4b96c75f963d0,f3b8f570545200c87465d18386f3fc9f2258307a | 47af817c8fe01045c641b97f8fb784c7ad864eee,7.5,CVSS:3.1/AV:N/AC:L/PR:N/UI:N/S:U/C:H/I:N/A:N,3.1
CVE-2023-32681,requests,2.21.0,Medium,False,,0.06278,0.90952,no,,https://github.com/psf/requests/commit/74ea7cf7a6a27a4eeb2ae24e162bcc942a6706d5,,https://github.com/psf/requests/commit/74ea7cf7a6a27a4eeb2ae24e162bcc942a6706d5,,,6366d3dd190a9e58ca582955cddf7e2ac5f32dcc,147c8511ddbfa5e8f71bbf5c18ede0c4ceb3bba4,6.1,CVSS:3.1/AV:N/AC:H/PR:N/UI:R/S:C/C:H/I:N/A:N,3.1
CVE-2023-3446,openssl,1.1.1q,Medium,False,,0.00937,0.76224,no,,https://git.openssl.org/gitweb/?p=openssl.git;a=commitdiff;h=8780a896543a654e757db1b9396383f9d8095528 | https://git.openssl.org/gitweb/?p=openssl.git;a=commitdiff;h=1fa20cf2f506113c761777127a38bce5068740eb | https://git.openssl.org/gitweb/?p=openssl.git;a=commitdiff;h=fc9867c1e03c22ebf56943be205202e576aabf23,,https://git.openssl.org/gitweb/?p=openssl.git;a=commitdiff;h=8780a896543a654e757db1b9396383f9d8095528 | https://git.openssl.org/gitweb/?p=openssl.git;a=commitdiff;h=1fa20cf2f506113c761777127a38bce5068740eb | https://git.openssl.org/gitweb/?p=openssl.git;a=commitdiff;h=fc9867c1e03c22ebf56943be205202e576aabf23,,,,,,,
CVE-2023-37920,certifi,2019.3.9,High,False,,0.00112,0.29531,no,,https://github.com/certifi/python-certifi/commit/8fb96ed81f71e7097ed11bc4d9b19afd7ea5c909,,https://github.com/certifi/python-certifi/commit/8fb96ed81f71e7097ed11bc4d9b19afd7ea5c909,,,,8fb96ed81f71e7097ed11bc4d9b19afd7ea5c909,9.8,CVSS:3.1/AV:N/AC:L/PR:N/UI:N/S:U/C:H/I:H/A:H,3.1
CVE-2023-3817,openssl,1.1.1q,Medium,False,,0.0032,0.55072,no,,https://git.openssl.org/gitweb/?p=openssl.git;a=commitdiff;h=9002fd07327a91f35ba6c1307e71fa6fd4409b7f | https://git.openssl.org/gitweb/?p=openssl.git;a=commitdiff;h=91ddeba0f2269b017dc06c46c993a788974b1aa5 | https://git.openssl.org/gitweb/?p=openssl.git;a=commitdiff;h=6a1eb62c29db6cb5eec707f9338aee00f44e26f5,,https://git.openssl.org/gitweb/?p=openssl.git;a=commitdiff;h=9002fd07327a91f35ba6c1307e71fa6fd4409b7f | https://git.openssl.org/gitweb/?p=openssl.git;a=commitdiff;h=91ddeba0f2269b017dc06c46c993a788974b1aa5 | https://git.openssl.org/gitweb/?p=openssl.git;a=commitdiff;h=6a1eb62c29db6cb5eec707f9338aee00f44e26f5,,,89cd17a031e022211684eb7eb41190cf1910f9fa | a92271e03a8d0dee507b6f1e7f49512568b2c7ad,245cb0291e0db99d9ccf3692fa76f440b2b054c2 | 17a2c5111864d8e016c5f2d29c40a3746b559e9d,,,
CVE-2023-39318,stdlib,go1.15.2,Medium,False,,0.00087,0.24872,no,,,,,,,c19c4c566c63818dfd059b352e52c4710eecf14d,d5b851804329aa547dafa278a0c35dd62298d651 | 2c1e5b05fe39fc5e6c730dd60e82946b8e67c6ba,,,
CVE-2023-39319,stdlib,go1.15.2,Medium,False,,0.00087,0.24872,no,,,,,,,c19c4c566c63818dfd059b352e52c4710eecf14d,d5b851804329aa547dafa278a0c35dd62298d651 | 2c1e5b05fe39fc5e6c730dd60e82946b8e67c6ba,,,
CVE-2023-39323,stdlib,go1.15.2,High,False,,0.0006,0.18739,no,,,,,,,c19c4c566c63818dfd059b352e52c4710eecf14d,68f9a6e2addc828246992e66e79c6a51a32d1d71 | 26b5783b72376acd0386f78295e678b9a6bff30e,,,
CVE-2023-39325,golang.org/x/net,v0.0.0-20211111083644-e5c967477495,High,False,,0.0015,0.35479,no,,,,,,,c19c4c566c63818dfd059b352e52c4710eecf14d,8042fd87f37a725e34407994c9a11aaf95f5af45 | 883f062fc0a097bf561030ad453fd3e300896975,7.5,CVSS:3.1/AV:N/AC:L/PR:N/UI:N/S:U/C:N/I:N/A:H,3.1
CVE-2023-39326,stdlib,go1.15.2,Medium,False,,0.00123,0.31506,no,,,,,,,,97c8ff8d53759e7a82b1862403df1694f2b6e073 | 6018ad99a4a951581b2d846a8ccd6f1d4e74fd11,,,
CVE-2023-3978,golang.org/x/net,v0.0.0-20211111083644-e5c967477495,Medium,False,,0.00097,0.26728,no,,,,,,,,8ffa475fbdb33da97e8bf79cc5791ee8751fca5e,6.1,CVSS:3.1/AV:N/AC:L/PR:N/UI:R/S:C/C:L/I:L/A:N,3.1
CVE-2023-43804,urllib3,1.24.1,High,False,,0.0095,0.76396,no,,https://github.com/urllib3/urllib3/commit/01220354d389cd05474713f8c982d05c9b17aafb | https://github.com/urllib3/urllib3/commit/644124ecd0b6e417c527191f866daa05a5a2056d,,https://github.com/urllib3/urllib3/commit/01220354d389cd05474713f8c982d05c9b17aafb | https://github.com/urllib3/urllib3/commit/644124ecd0b6e417c527191f866daa05a5a2056d,,,6446fef0cf432ca035169602a1447a0d8ef53e80,262e3e332209ee93ff70e2b13502c8f20c105ac8 | c9016bf464751a02b7e46f8b86504f47d4238784,8.1,CVSS:3.1/AV:N/AC:L/PR:L/UI:N/S:U/C:H/I:H/A:N,3.1
CVE-2023-44270,postcss,8.4.27,Medium,False,,0.00197,0.41638,no,,https://github.com/postcss/postcss/commit/58cc860b4c1707510c9cd1bc1fa30b423a9ad6c5,,https://github.com/postcss/postcss/commit/58cc860b4c1707510c9cd1bc1fa30b423a9ad6c5,,,,90208de8805dd762596c0028b8637ffbed23e371 | 58cc860b4c1707510c9cd1bc1fa30b423a9ad6c5,5.3,CVSS:3.1/AV:N/AC:L/PR:N/UI:N/S:U/C:N/I:L/A:N,3.1
CVE-2023-44487,stdlib,go1.15.2,High,True,2023-10-10,0.9446,0.99993,no,,https://github.com/nghttp2/nghttp2/pull/1961 | https://github.com/microsoft/CBL-Mariner/pull/6381 | https://github.com/apache/trafficserver/pull/10564 | https://github.com/linkerd/website/pull/1695/commits/4b9c6836471bc8270ab48aae6fd2181bc73fd632 | https://github.com/envoyproxy/envoy/pull/30055 | https://github.com/netty/netty/commit/58f75f665aa81a8cbcf6ffa74820042a285c5e61 | https://github.com/kazu-yamamoto/http2/commit/f61d41a502bd0f60eb24e1ce14edc7b6df6722a1 | https://github.com/grpc/grpc-go/pull/6703,,https://github.com/nghttp2/nghttp2/pull/1961 | https://github.com/microsoft/CBL-Mariner/pull/6381 | https://github.com/apache/trafficserver/pull/10564 | https://github.com/linkerd/website/pull/1695/commits/4b9c6836471bc8270ab48aae6fd2181bc73fd632 | https://github.com/envoyproxy/envoy/pull/30055 | https://github.com/netty/netty/commit/58f75f665aa81a8cbcf6ffa74820042a285c5e61 | https://github.com/kazu-yamamoto/http2/commit/f61d41a502bd0f60eb24e1ce14edc7b6df6722a1 | https://github.com/grpc/grpc-go/pull/6703,,GHSA-qppj-fm5r-hxr3 | GHSA-vx74-f528-fxqg | GHSA-xpw8-rcwv-8f8p,3bd4b8a9566a8de9ecd730b50552b580ba3fe4c2 | 24d1ec762e4bee402cc98b5ca57a08531f3c0b51 | e37b977db6f47e4380ad67114a49e8568951c953 | 16bf392c67833ad549733b58c350ff92b5ee782a | b310e3566f58dd04ec2b15b111ec86ea70e20019 | b14030656330ed623cd1f9efe2f4f9abd9d16e29 | ee849590a02cc5cd61eff18aa64bf985ec45124d | 63772e2191a750dd3cafa75914cacdb038c7520c,7e11c65e70778a3c6757dab45b56e579c539050b | 4298fb738cff7fd7679a9b415f569e7728dae566 | 4317e7187c28af82fe94ab09b37d5f5fbca7fff4 | 1a3b131141fed9468d9da1167c7fcb37902935ed | df3dbfbb8344844fdf4f9a2b3d8aebe3793bfc56 | 1a6238dbb383b68833499b4425342900e8fd6abd | 7d430ba73e5b5915970a89f0b9f4bbbfc86e7960 | 796ffd3a329b4b1f2ec0dd51158e62c94914c4ca,7.5,CVSS:3.1/AV:N/AC:L/PR:N/UI:N/S:U/C:N/I:N/A:H,3.1
CVE-2023-45283,stdlib,go1.15.2,High,False,,0.00318,0.54841,no,,,,,,,,1d0d4b149ce71083ec474d0491851ab2d2dc695e | ed817f1c4055a559a94afffecbb91c78e4f39942,,,
CVE-2023-45284,stdlib,go1.15.2,Medium,False,,0.00033,0.09583,no,,,,,,,,1d0d4b149ce71083ec474d0491851ab2d2dc695e | ed817f1c4055a559a94afffecbb91c78e4f39942,,,
CVE-2023-45285,stdlib,go1.15.2,High,False,,0.00055,0.1715,no,,,,,,,,97c8ff8d53759e7a82b1862403df1694f2b6e073 | 6018ad99a4a951581b2d846a8ccd6f1d4e74fd11,,,
CVE-2023-45287,stdlib,go1.15.2,High,False,,0.00185,0.40196,no,,,,,,,,,,,
CVE-2023-45288,stdlib,go1.15.2,High,False,,0.71463,0.9873,no,,,,,,,,,,,
CVE-2023-45289,stdlib,go1.15.2,Medium,False,,0.00615,0.69929,no,,,,,,,,,,,
CVE-2023-45290,stdlib,go1.15.2,Medium,False,,0.00491,0.65626,no,,,,,,,,,,,
CVE-2023-45803,urllib3,1.24.1,Medium,False,,0.00051,0.158,no,,https://github.com/urllib3/urllib3/commit/4e98d57809dacab1cbe625fddeec1a290c478ea9,,https://github.com/urllib3/urllib3/commit/4e98d57809dacab1cbe625fddeec1a290c478ea9,,,6446fef0cf432ca035169602a1447a0d8ef53e80,56f01e088dc006c03d4ee6ea9da4ab810f1ed700 | 9c2c2307dd1d6af504e09aac0326d86ee3597a0b,4.2,CVSS:3.1/AV:A/AC:H/PR:H/UI:N/S:U/C:H/I:N/A:N,3.1
CVE-2023-46136,werkzeug,0.11,Medium,False,,0.00573,0.68716,no,,https://github.com/pallets/werkzeug/commit/f3c803b3ade485a45f12b6d6617595350c0f03e2,,https://github.com/pallets/werkzeug/commit/f3c803b3ade485a45f12b6d6617595350c0f03e2,,,,ce4eff5902d4a6b41a20ecc6e4029741284a87fd,7.5,CVSS:3.1/AV:N/AC:L/PR:N/UI:N/S:U/C:N/I:N/A:H,3.1
CVE-2023-4807,openssl,1.1.1q,High,False,,0.00675,0.71479,no,,https://git.openssl.org/gitweb/?p=openssl.git;a=commitdiff;h=4bfac4471f53c4f74c8d81020beb938f92d84ca5 | https://git.openssl.org/gitweb/?p=openssl.git;a=commitdiff;h=6754de4a121ec7f261b16723180df6592cbb4508 | https://git.openssl.org/gitweb/?p=openssl.git;a=commitdiff;h=a632d534c73eeb3e3db8c7540d811194ef7c79ff,,https://git.openssl.org/gitweb/?p=openssl.git;a=commitdiff;h=4bfac4471f53c4f74c8d81020beb938f92d84ca5 | https://git.openssl.org/gitweb/?p=openssl.git;a=commitdiff;h=6754de4a121ec7f261b16723180df6592cbb4508 | https://git.openssl.org/gitweb/?p=openssl.git;a=commitdiff;h=a632d534c73eeb3e3db8c7540d811194ef7c79ff,,,e04bd3433fd84e1861bf258ea37928d9845e6a86 | 89cd17a031e022211684eb7eb41190cf1910f9fa | a92271e03a8d0dee507b6f1e7f49512568b2c7ad,e04bd3433fd84e1861bf258ea37928d9845e6a86 | 6ba3884c3235e1bb474b379026087f8216afacf4 | 7b649c73a2b99b52d45fc0600ee1ecf156113deb,,,
CVE-2023-48795,golang.org/x/crypto,v0.0.0-20201002170205-7f63de1d35b0,Medium,False,,0.61084,0.98316,no,,https://github.com/connectbot/sshlib/commit/5c8b534f6e97db7ac0e0e579331213aa25c173ab | https://github.com/jtesta/ssh-audit/commit/8e972c5e94b460379fe0c7d20209c16df81538a5 | https://github.com/openssh/openssh-portable/commits/master | https://github.com/TeraTermProject/teraterm/commit/7279fbd6ef4d0c8bdd6a90af4ada2899d786eec0 | https://github.com/golang/crypto/commit/9d2ee975ef9fe627bf0a6f01c1f69e8ef1d4f05d | https://github.com/mscdex/ssh2/commit/97b223f8891b96d6fc054df5ab1d5a1a545da2a3 | https://github.com/libssh2/libssh2/pull/1291 | https://git.libssh.org/projects/libssh.git/commit/?h=stable-0.10&id=10e09e273f69e149389b3e0e5d44b8c221c2e7f6,,https://github.com/connectbot/sshlib/commit/5c8b534f6e97db7ac0e0e579331213aa25c173ab | https://github.com/jtesta/ssh-audit/commit/8e972c5e94b460379fe0c7d20209c16df81538a5 | https://github.com/openssh/openssh-portable/commits/master | https://github.com/TeraTermProject/teraterm/commit/7279fbd6ef4d0c8bdd6a90af4ada2899d786eec0 | https://github.com/golang/crypto/commit/9d2ee975ef9fe627bf0a6f01c1f69e8ef1d4f05d | https://github.com/mscdex/ssh2/commit/97b223f8891b96d6fc054df5ab1d5a1a545da2a3 | https://github.com/libssh2/libssh2/pull/1291 | https://git.libssh.org/projects/libssh.git/commit/?h=stable-0.10&id=10e09e273f69e149389b3e0e5d44b8c221c2e7f6,,GHSA-45x7-px36-x8w8,7a8d04dbcb388a5d837a213ad249c1b96e19e998 | 583cba31eb09c14abd0b217fe7ac2e9a60425d51 | 4ed7957623e5ccbd420a09a506bd6bc9930fe93c | 8c0ea6bd3306cfd6ca19730d180a2a93a716e1ee | 79a1bc918ffd2e81b5bd39cfdf87dfc81390fbb5,dca6a021b5889d3723845694132c9d8dd3f8d348 | 891c1b1e7313268f85fbfbf1c7e58d401dc370f8 | 5c8b534f6e97db7ac0e0e579331213aa25c173ab | df84c42e7e8a1675769fa9065b2781a6abc8ab1b | a6a92f0d69b8cf5e72e38ffa5e693057aa2dc776 | 106609456818d9983c932db2cdbaaad8577b98f9 | 60c60ff27b37b34b79218aef0ceb92f68e54f83f | 85be379c3f1c0021ccb8d6ae9eb69f4e6712a150,5.9,CVSS:3.1/AV:N/AC:H/PR:N/UI:N/S:U/C:N/I:H/A:N,3.1
CVE-2023-49210,openssl,1.1.1q,Critical,False,,0.00458,0.6399,no,,,,,,,,,9.8,CVSS:3.1/AV:N/AC:L/PR:N/UI:N/S:U/C:H/I:H/A:H,3.1
CVE-2023-52389,poco,1.9.4,Critical,False,,0.00132,0.32656,no,,,,,,,4ba8595ed83841d1fa240716b5652adc3772c36b,c6f27f6c96d280fad23d63271a7c9cd99ee18344 | c04dfdbc37882f298d3178b3875cd67c38ea7d78,,,
CVE-2023-5363,openssl,3.0.5,High,False,,0.0487,0.89569,no,,https://git.openssl.org/gitweb/?p=openssl.git;a=commitdiff;h=5f69f5c65e483928c4b28ed16af6e5742929f1ee | https://git.openssl.org/gitweb/?p=openssl.git;a=commitdiff;h=0df40630850fb2740e6be6890bb905d3fc623b2d,,https://git.openssl.org/gitweb/?p=openssl.git;a=commitdiff;h=5f69f5c65e483928c4b28ed16af6e5742929f1ee | https://git.openssl.org/gitweb/?p=openssl.git;a=commitdiff;h=0df40630850fb2740e6be6890bb905d3fc623b2d,,,89cd17a031e022211684eb7eb41190cf1910f9fa | a92271e03a8d0dee507b6f1e7f49512568b2c7ad,c3cc0f1386b0544383a61244a4beeb762b67498f | 01d5e2318405362b4de5e670c90d9b40a351d053,,,
CVE-2023-5678,openssl,1.1.1q,Medium,False,,0.00638,0.70523,no,,https://git.openssl.org/gitweb/?p=openssl.git;a=commitdiff;h=db925ae2e65d0d925adef429afc37f75bd1c2017 | https://git.openssl.org/gitweb/?p=openssl.git;a=commitdiff;h=ddeb4b6c6d527e54ce9a99cba785c0f7776e54b6,,https://git.openssl.org/gitweb/?p=openssl.git;a=commitdiff;h=db925ae2e65d0d925adef429afc37f75bd1c2017 | https://git.openssl.org/gitweb/?p=openssl.git;a=commitdiff;h=ddeb4b6c6d527e54ce9a99cba785c0f7776e54b6,,,e818b74be2170fbe957a07b0da4401c2b694b3b8 | e04bd3433fd84e1861bf258ea37928d9845e6a86 | 89cd17a031e022211684eb7eb41190cf1910f9fa | a92271e03a8d0dee507b6f1e7f49512568b2c7ad,e818b74be2170fbe957a07b0da4401c2b694b3b8 | e04bd3433fd84e1861bf258ea37928d9845e6a86 | 85cf92f55d9e2ac5aacf92bedd33fb890b9f8b4c | 99e6624ebb8a5943ab9699ed4ab221e8b29a31dd,,,
CVE-2023-5752,pip,22.2.2,Medium,False,,0.00075,0.22553,no,,https://github.com/pypa/pip/pull/12306,,https://github.com/pypa/pip/pull/12306,,,,e3dc91dad93a020b3034a87ebe59027f63370fe8,3.3,CVSS:3.1/AV:L/AC:L/PR:L/UI:N/S:U/C:N/I:L/A:N,3.1
CVE-2023-6129,openssl,3.0.5,Medium,False,,0.0257,0.85565,no,,https://github.com/openssl/openssl/commit/f3fc5808fe9ff74042d639839610d03b8fdcc015 | https://github.com/openssl/openssl/commit/5b139f95c9a47a55a0c54100f3837b1eee942b04 | https://github.com/openssl/openssl/commit/050d26383d4e264966fb83428e72d5d48f402d35,,https://github.com/openssl/openssl/commit/f3fc5808fe9ff74042d639839610d03b8fdcc015 | https://github.com/openssl/openssl/commit/5b139f95c9a47a55a0c54100f3837b1eee942b04 | https://github.com/openssl/openssl/commit/050d26383d4e264966fb83428e72d5d48f402d35,,,89cd17a031e022211684eb7eb41190cf1910f9fa | a92271e03a8d0dee507b6f1e7f49512568b2c7ad,050d26383d4e264966fb83428e72d5d48f402d35 | 5b139f95c9a47a55a0c54100f3837b1eee942b04 | f3fc5808fe9ff74042d639839610d03b8fdcc015,,,
CVE-2023-6237,openssl,3.0.5,Medium,False,,0.00539,0.67605,no,,https://github.com/openssl/openssl/commit/0b0f7abfb37350794a4b8960fafc292cd5d1b84d | https://github.com/openssl/openssl/commit/18c02492138d1eb8b6548cb26e7b625fb2414a2a | https://github.com/openssl/openssl/commit/a830f551557d3d66a84bbb18a5b889c640c36294,,https://github.com/openssl/openssl/commit/0b0f7abfb37350794a4b8960fafc292cd5d1b84d | https://github.com/openssl/openssl/commit/18c02492138d1eb8b6548cb26e7b625fb2414a2a | https://github.com/openssl/openssl/commit/a830f551557d3d66a84bbb18a5b889c640c36294,,,,0b0f7abfb37350794a4b8960fafc292cd5d1b84d | 18c02492138d1eb8b6548cb26e7b625fb2414a2a | a830f551557d3d66a84bbb18a5b889c640c36294,,,
CVE-2024-0727,openssl,1.1.1q,Medium,False,,0.00236,0.46537,no,,https://github.openssl.org/openssl/extended-releases/commit/03b3941d60c4bce58fab69a0c22377ab439bc0e8 | https://github.com/openssl/openssl/commit/775acfdbd0c6af9ac855f34969cdab0c0c90844a | https://github.openssl.org/openssl/extended-releases/commit/aebaa5883e31122b404e450732dc833dc9dee539 | https://github.com/openssl/openssl/commit/09df4395b5071217b76dc7d3d2e630eb8c5a79c2 | https://github.com/openssl/openssl/commit/d135eeab8a5dbf72b3da5240bab9ddb7678dbd2c,,https://github.openssl.org/openssl/extended-releases/commit/03b3941d60c4bce58fab69a0c22377ab439bc0e8 | https://github.com/openssl/openssl/commit/775acfdbd0c6af9ac855f34969cdab0c0c90844a | https://github.openssl.org/openssl/extended-releases/commit/aebaa5883e31122b404e450732dc833dc9dee539 | https://github.com/openssl/openssl/commit/09df4395b5071217b76dc7d3d2e630eb8c5a79c2 | https://github.com/openssl/openssl/commit/d135eeab8a5dbf72b3da5240bab9ddb7678dbd2c,,,e818b74be2170fbe957a07b0da4401c2b694b3b8 | e04bd3433fd84e1861bf258ea37928d9845e6a86 | 89cd17a031e022211684eb7eb41190cf1910f9fa | a92271e03a8d0dee507b6f1e7f49512568b2c7ad,e818b74be2170fbe957a07b0da4401c2b694b3b8 | e04bd3433fd84e1861bf258ea37928d9845e6a86 | 85cf92f55d9e2ac5aacf92bedd33fb890b9f8b4c | 99e6624ebb8a5943ab9699ed4ab221e8b29a31dd | 09df4395b5071217b76dc7d3d2e630eb8c5a79c2 | 775acfdbd0c6af9ac855f34969cdab0c0c90844a | d135eeab8a5dbf72b3da5240bab9ddb7678dbd2c,,,
CVE-2024-1135,gunicorn,19.9.0,High,False,,0.0004,0.12025,no,,,,,,,,,,,
CVE-2024-12224,idna,0.1.5,Medium,False,,0.00151,0.35745,no,,,,,,,,,8.8,CVSS:3.1/AV:N/AC:L/PR:N/UI:R/S:U/C:H/I:H/A:H,3.1
CVE-2024-13176,openssl,1.1.1q,Medium,False,,0.00073,0.22174,no,,https://github.com/openssl/openssl/commit/392dcb336405a0c94486aa6655057f59fd3a0902 | https://github.com/openssl/openssl/commit/4b1cb94a734a7d4ec363ac0a215a25c181e11f65 | https://github.com/openssl/openssl/commit/77c608f4c8857e63e98e66444e2e761c9627916f | https://github.com/openssl/openssl/commit/2af62e74fb59bc469506bc37eb2990ea408d9467 | https://github.com/openssl/openssl/commit/07272b05b04836a762b4baa874958af51d513844,,https://github.com/openssl/openssl/commit/392dcb336405a0c94486aa6655057f59fd3a0902 | https://github.com/openssl/openssl/commit/4b1cb94a734a7d4ec363ac0a215a25c181e11f65 | https://github.com/openssl/openssl/commit/77c608f4c8857e63e98e66444e2e761c9627916f | https://github.com/openssl/openssl/commit/2af62e74fb59bc469506bc37eb2990ea408d9467 | https://github.com/openssl/openssl/commit/07272b05b04836a762b4baa874958af51d513844,,,,07272b05b04836a762b4baa874958af51d513844 | 2af62e74fb59bc469506bc37eb2990ea408d9467 | 392dcb336405a0c94486aa6655057f59fd3a0902 | 4b1cb94a734a7d4ec363ac0a215a25c181e11f65 | 77c608f4c8857e63e98e66444e2e761c9627916f,,,
CVE-2024-21520,djangorestframework,3.9.2,Low,False,,0.08397,0.92336,no,,https://github.com/encode/django-rest-framework/commit/3b41f0124194430da957b119712978fa2266b642 | https://github.com/encode/django-rest-framework/pull/9435,,https://github.com/encode/django-rest-framework/commit/3b41f0124194430da957b119712978fa2266b642 | https://github.com/encode/django-rest-framework/pull/9435,,,,c7a7eae551528b6887614df816c8a26df70272d6 | 3b41f0124194430da957b119712978fa2266b642,,,
CVE-2024-21907,Newtonsoft.Json,12.0.3,High,False,,0.0233,0.84848,no,,https://github.com/JamesNK/Newtonsoft.Json/commit/7e77bbe1beccceac4fc7b174b53abfefac278b66 | https://github.com/JamesNK/Newtonsoft.Json/pull/2462,,https://github.com/JamesNK/Newtonsoft.Json/commit/7e77bbe1beccceac4fc7b174b53abfefac278b66 | https://github.com/JamesNK/Newtonsoft.Json/pull/2462,,GHSA-5crp-9r3c-p9vr,,ae9fe44e1323e91bcbd185ca1a14099fba7c021f | 7e77bbe1beccceac4fc7b174b53abfefac278b66,7.5,CVSS:3.1/AV:N/AC:L/PR:N/UI:N/S:U/C:N/I:N/A:H,3.1
CVE-2024-22195,jinja2,2.10.1,Medium,False,,0.00151,0.3566,no,,,,,,,,d9de4bb215fd1cc8092a410fb834c7c4060b1fc1,6.1,CVSS:3.1/AV:N/AC:L/PR:N/UI:R/S:C/C:L/I:L/A:N,3.1
CVE-2024-24557,github.com/docker/docker,v20.10.11+incompatible,Medium,False,,0.00083,0.24292,no,,https://github.com/moby/moby/commit/3e230cfdcc989dc524882f6579f9e0dac77400ae,,https://github.com/moby/moby/commit/3e230cfdcc989dc524882f6579f9e0dac77400ae,,,615dfdf67264ed5b08dd5e86657bf0e580731cea,fce6e0ca9bc000888de3daa157af14fa41fcd0ff | fca702de7f71362c8d103073c7e4a1d0a467fadd,7.8,CVSS:3.1/AV:L/AC:L/PR:N/UI:R/S:U/C:H/I:H/A:H,3.1
CVE-2024-24783,stdlib,go1.15.2,Medium,False,,0.00602,0.6955,no,,,,,,,,,,,
CVE-2024-24784,stdlib,go1.15.2,High,False,,0.02017,0.83779,no,,,,,,,,,,,
CVE-2024-24785,stdlib,go1.15.2,Medium,False,,0.01065,0.77712,no,,,,,,,,,,,
CVE-2024-24786,google.golang.org/protobuf,v1.27.1,Medium,False,,0.00393,0.60287,no,,,,,,,,,,,
CVE-2024-24787,stdlib,go1.15.2,Medium,False,,0.02711,0.85924,no,,,,,,,,,,,
CVE-2024-24788,stdlib,go1.22.1,Medium,False,,0.00149,0.35375,no,,,,,,,,1.22.3-1,,,
CVE-2024-24789,stdlib,go1.15.2,Medium,False,,7e-05,0.00536,no,,,,,,,a10e42f219abb9c5bc4e7d86d9464700a42c7d57,48103d97a84d549b44bc4764df6958f73ba5ee02 | ace5bb40d027b718b67556afcd31bf54cff050ab,,,
CVE-2024-24790,stdlib,go1.15.2,Critical,False,,0.00172,0.38368,no,,,,,,,a10e42f219abb9c5bc4e7d86d9464700a42c7d57,48103d97a84d549b44bc4764df6958f73ba5ee02 | ace5bb40d027b718b67556afcd31bf54cff050ab,,,
CVE-2024-24791,stdlib,go1.15.2,High,False,,0.01018,0.7724,no,,,,,,,,,,,
CVE-2024-2511,openssl,1.1.1q,Medium,False,,0.03102,0.86825,no,,https://github.com/openssl/openssl/commit/7e4d731b1c07201ad9374c1cd9ac5263bdf35bce | https://github.com/openssl/openssl/commit/e9d7083e241670332e0443da0f0d4ffb52829f08 | https://github.com/openssl/openssl/commit/b52867a9f618bb955bed2a3ce3db4d4f97ed8e5d,,https://github.com/openssl/openssl/commit/7e4d731b1c07201ad9374c1cd9ac5263bdf35bce | https://github.com/openssl/openssl/commit/e9d7083e241670332e0443da0f0d4ffb52829f08 | https://github.com/openssl/openssl/commit/b52867a9f618bb955bed2a3ce3db4d4f97ed8e5d,,,,7e4d731b1c07201ad9374c1cd9ac5263bdf35bce | b52867a9f618bb955bed2a3ce3db4d4f97ed8e5d | e9d7083e241670332e0443da0f0d4ffb52829f08,,,
CVE-2024-25710,commons-compress,1.19,Medium,False,,0.00018,0.04787,no,,,,,,,0874320927ef9427cf5da5973935a1d17201cdf7,acaf5642b1e16d872870a4dc4618e46ccd349493,5.5,CVSS:3.1/AV:L/AC:L/PR:N/UI:R/S:U/C:N/I:N/A:H,3.1
CVE-2024-29018,github.com/docker/docker,v20.10.11+incompatible,Medium,False,,0.00357,0.58004,no,,https://github.com/moby/moby/pull/46609,,https://github.com/moby/moby/pull/46609,,,81428bf11b122325fd855d5c59fa83016f82986a | 615dfdf67264ed5b08dd5e86657bf0e580731cea,330d777c53fbbf734178d6a35c9dc0a5070ba4ac | e63daec8672d77ac0b2b5c262ef525c7cf17fd20 | ab34280ac3c0001c0a64f358320eaae79dd1c9d7,7.5,CVSS:3.1/AV:N/AC:L/PR:N/UI:N/S:U/C:H/I:N/A:N,3.1
CVE-2024-29041,express,4.16.4,Medium,False,,0.00154,0.36131,no,,https://github.com/expressjs/express/commit/0867302ddbde0e9463d0564fea5861feb708c2dd | https://github.com/expressjs/express/commit/0b746953c4bd8e377123527db11f9cd866e39f94 | https://github.com/expressjs/express/pull/5539,,https://github.com/expressjs/express/commit/0867302ddbde0e9463d0564fea5861feb708c2dd | https://github.com/expressjs/express/commit/0b746953c4bd8e377123527db11f9cd866e39f94 | https://github.com/expressjs/express/pull/5539,,,9375a9afa9d7baa814b454c7a6818a7471aaef00 | 4052c15c7f10b79fb7c54f3837ffe118f7a99811,084e36506a18774f85206a65d8da04dc1107fc1b | cd7d79f92a7209b09aa9b065b0643c1bec55ed1d,,,
CVE-2024-34064,jinja2,2.10.1,Medium,False,,0.00838,0.74721,no,,https://github.com/pallets/jinja/commit/0668239dc6b44ef38e7a6c9f91f312fd4ca581cb,,https://github.com/pallets/jinja/commit/0668239dc6b44ef38e7a6c9f91f312fd4ca581cb,,,,dd4a8b5466d8790540c181590b14db4d4d889d57,,,
CVE-2024-34069,werkzeug,0.11,High,False,,0.38929,0.97278,no,,https://github.com/pallets/werkzeug/commit/3386395b24c7371db11a5b8eaac0c91da5362692,,https://github.com/pallets/werkzeug/commit/3386395b24c7371db11a5b8eaac0c91da5362692,,,,f9995e967979eb694d6b31536cc65314fd7e9c8c,,,
CVE-2024-34155,stdlib,go1.15.2,Medium,False,,0.00081,0.23875,no,,,,,,,,,,,
CVE-2024-34156,stdlib,go1.15.2,High,False,,0.00298,0.53187,no,,,,,,,,,,,
CVE-2024-34158,stdlib,go1.15.2,High,False,,0.00163,0.3721,no,,,,,,,,,,,
CVE-2024-35195,requests,2.21.0,Medium,False,,0.00044,0.13552,no,,https://github.com/psf/requests/commit/a58d7f2ffb4d00b46dca2d70a3932a0b37e22fac | https://github.com/psf/requests/pull/6655,,https://github.com/psf/requests/commit/a58d7f2ffb4d00b46dca2d70a3932a0b37e22fac | https://github.com/psf/requests/pull/6655,,,,a58d7f2ffb4d00b46dca2d70a3932a0b37e22fac,,,
CVE-2024-3651,idna,2.8,Medium,False,,0.0067,0.71359,no,,https://github.com/kjd/idna/commit/1d365e17e10d72d0b7876316fc7b9ca0eebdd38d,,https://github.com/kjd/idna/commit/1d365e17e10d72d0b7876316fc7b9ca0eebdd38d,,,001644567c3f1e1c7e62cfff806be7dad1be8cd3,1d365e17e10d72d0b7876316fc7b9ca0eebdd38d,7.5,CVSS:3.1/AV:N/AC:L/PR:N/UI:N/S:U/C:N/I:N/A:H,3.1
CVE-2024-37891,urllib3,1.24.1,Medium,False,,0.00263,0.4971,no,,https://github.com/urllib3/urllib3/commit/accff72ecc2f6cf5a76d9570198a93ac7c90270e,,https://github.com/urllib3/urllib3/commit/accff72ecc2f6cf5a76d9570198a93ac7c90270e,,,6446fef0cf432ca035169602a1447a0d8ef53e80,d9d85c88aa644af56d5e129634e750ce76e1a765 | 27e2a5c5a7ab6a517252cc8dcef3ffa6ffb8f61a,6.5,CVSS:3.1/AV:N/AC:L/PR:L/UI:N/S:U/C:H/I:N/A:N,3.1
CVE-2024-39689,certifi,2022.12.7,Low,False,,0.21233,0.95687,no,,https://github.com/certifi/python-certifi/commit/bd8153872e9c6fc98f4023df9c2deaffea2fa463,,https://github.com/certifi/python-certifi/commit/bd8153872e9c6fc98f4023df9c2deaffea2fa463,,,,bd8153872e9c6fc98f4023df9c2deaffea2fa463,7.5,CVSS:3.1/AV:N/AC:L/PR:N/UI:N/S:U/C:N/I:H/A:N,3.1
CVE-2024-40647,sentry-sdk,0.7.10,Low,False,,0.0003,0.0848,no,,https://github.com/getsentry/sentry-python/commit/763e40aa4cb57ecced467f48f78f335c87e9bdff | https://github.com/getsentry/sentry-python/pull/3251,,https://github.com/getsentry/sentry-python/commit/763e40aa4cb57ecced467f48f78f335c87e9bdff | https://github.com/getsentry/sentry-python/pull/3251,,,,763e40aa4cb57ecced467f48f78f335c87e9bdff | 6f4685e29b072d02edfb5c9def75120e88e600e4,,,
CVE-2024-41110,github.com/docker/docker,v20.10.11+incompatible,Critical,False,,0.03417,0.87459,no,,https://github.com/moby/moby/commit/411e817ddf710ff8e08fa193da80cb78af708191 | https://github.com/moby/moby/commit/42f40b1d6dd7562342f832b9cd2adf9e668eeb76 | https://github.com/moby/moby/commit/65cc597cea28cdc25bea3b8a86384b4251872919 | https://github.com/moby/moby/commit/852759a7df454cbf88db4e954c919becd48faa9b | https://github.com/moby/moby/commit/a31260625655cff9ae226b51757915e275e304b0 | https://github.com/moby/moby/commit/a79fabbfe84117696a19671f4aa88b82d0f64fc1 | https://github.com/moby/moby/commit/ae160b4edddb72ef4bd71f66b975a1a1cc434f00 | https://github.com/moby/moby/commit/ae2b3666c517c96cbc2adf1af5591a6b00d4ec0f,,https://github.com/moby/moby/commit/411e817ddf710ff8e08fa193da80cb78af708191 | https://github.com/moby/moby/commit/42f40b1d6dd7562342f832b9cd2adf9e668eeb76 | https://github.com/moby/moby/commit/65cc597cea28cdc25bea3b8a86384b4251872919 | https://github.com/moby/moby/commit/852759a7df454cbf88db4e954c919becd48faa9b | https://github.com/moby/moby/commit/a31260625655cff9ae226b51757915e275e304b0 | https://github.com/moby/moby/commit/a79fabbfe84117696a19671f4aa88b82d0f64fc1 | https://github.com/moby/moby/commit/ae160b4edddb72ef4bd71f66b975a1a1cc434f00 | https://github.com/moby/moby/commit/ae2b3666c517c96cbc2adf1af5591a6b00d4ec0f,,,,411e817ddf710ff8e08fa193da80cb78af708191 | 42f40b1d6dd7562342f832b9cd2adf9e668eeb76 | 65cc597cea28cdc25bea3b8a86384b4251872919 | 852759a7df454cbf88db4e954c919becd48faa9b | a31260625655cff9ae226b51757915e275e304b0 | a79fabbfe84117696a19671f4aa88b82d0f64fc1 | ae160b4edddb72ef4bd71f66b975a1a1cc434f00 | ae2b3666c517c96cbc2adf1af5591a6b00d4ec0f,,,
CVE-2024-41128,actionpack,5.2.3,Medium,False,,0.00605,0.69648,no,,https://github.com/rails/rails/commit/27121e80f6dbb260f5a9f0452cd8411cb681f075 | https://github.com/rails/rails/commit/b0fe99fa854ec8ff4498e75779b458392d1560ef | https://github.com/rails/rails/commit/b1241f468d1b32235f438c2e2203386e6efd3891 | https://github.com/rails/rails/commit/fb493bebae1a9b83e494fe7edbf01f6167d606fd,,https://github.com/rails/rails/commit/27121e80f6dbb260f5a9f0452cd8411cb681f075 | https://github.com/rails/rails/commit/b0fe99fa854ec8ff4498e75779b458392d1560ef | https://github.com/rails/rails/commit/b1241f468d1b32235f438c2e2203386e6efd3891 | https://github.com/rails/rails/commit/fb493bebae1a9b83e494fe7edbf01f6167d606fd,,,505e84599aff6abf719484636b0515e1ce2e2220 | 984c3ef2775781d47efa9f541ce570daa2434a80 | d39db5d1891f7509cde2efc425c9d69bbb77e670 | fb6c4305939da06efdf2893d99130e7829c53e8b,b2fbbfbcaa3d662c68a9ee21ab6cf95eccc2b4ec | f61f4ef957f80e1668797fce8a2393f3edb7ed76 | 5b5f0da552f62e85e31e2d747d52aed2a3133f48 | a1f6a13f691e0929d40b7e1b1e0d31aa69778128,,,
CVE-2024-4340,sqlparse,0.3.0,High,False,,0.15953,0.94778,no,,https://github.com/andialbrecht/sqlparse/commit/b4a39d9850969b4e1d6940d32094ee0b42a2cf03,,https://github.com/andialbrecht/sqlparse/commit/b4a39d9850969b4e1d6940d32094ee0b42a2cf03,,GHSA-2m57-hf25-phgg,,b4a39d9850969b4e1d6940d32094ee0b42a2cf03,,,
CVE-2024-43796,express,4.16.4,Low,False,,0.00123,0.31411,no,,https://github.com/expressjs/express/commit/54271f69b511fea198471e6ff3400ab805d6b553,,https://github.com/expressjs/express/commit/54271f69b511fea198471e6ff3400ab805d6b553,,,4052c15c7f10b79fb7c54f3837ffe118f7a99811,21df421ebc7a5249bb31101da666bbf22adc3f18 | 344b022fc7ed95cf07b46e097935e61151fd585f,4.7,CVSS:3.1/AV:N/AC:H/PR:N/UI:R/S:C/C:L/I:L/A:N,3.1
CVE-2024-45231,django,2.0.9,Medium,False,,0.00235,0.4636,no,,,,,,,52821001bb62b764d73e63812133f199b8fef9eb,6f9fea33137fee6416ff43b775aa9567440a23d3 | 8e68f938f376cf2ca22a7e8ff0bcbe1b7a5832d1,5.3,CVSS:3.1/AV:N/AC:L/PR:N/UI:N/S:U/C:L/I:N/A:N,3.1
CVE-2024-45336,stdlib,go1.15.2,Medium,False,,0.00142,0.34397,no,,,,,,,,,,,
CVE-2024-45337,golang.org/x/crypto,v0.0.0-20201002170205-7f63de1d35b0,Critical,False,,0.30296,0.96699,no,,https://github.com/golang/crypto/commit/b4f1988a35dee11ec3e05d6bf3e90b695fbd8909,,https://github.com/golang/crypto/commit/b4f1988a35dee11ec3e05d6bf3e90b695fbd8909,,,,b4f1988a35dee11ec3e05d6bf3e90b695fbd8909,,,
CVE-2024-45341,stdlib,go1.15.2,Medium,False,,0.00119,0.30764,no,,,,,,,,,,,
CVE-2024-45590,body-parser,1.18.3,High,False,,0.01535,0.81374,no,,https://github.com/expressjs/body-parser/commit/b2695c4450f06ba3b0ccf48d872a229bb41c9bce,,https://github.com/expressjs/body-parser/commit/b2695c4450f06ba3b0ccf48d872a229bb41c9bce,,,,17529513673e39ba79886a7ce3363320cf1c0c50,7.5,CVSS:3.1/AV:N/AC:L/PR:N/UI:N/S:U/C:N/I:N/A:H,3.1
CVE-2024-4603,openssl,3.0.5,Medium,False,,0.00092,0.2568,no,,https://github.com/openssl/openssl/commit/3559e868e58005d15c6013a0c1fd832e51c73397 | https://github.com/openssl/openssl/commit/53ea06486d296b890d565fb971b2764fcd826e7e | https://github.com/openssl/openssl/commit/9c39b3858091c152f52513c066ff2c5a47969f0d | https://github.com/openssl/openssl/commit/da343d0605c826ef197aceedc67e8e04f065f740,,https://github.com/openssl/openssl/commit/3559e868e58005d15c6013a0c1fd832e51c73397 | https://github.com/openssl/openssl/commit/53ea06486d296b890d565fb971b2764fcd826e7e | https://github.com/openssl/openssl/commit/9c39b3858091c152f52513c066ff2c5a47969f0d | https://github.com/openssl/openssl/commit/da343d0605c826ef197aceedc67e8e04f065f740,,,,3559e868e58005d15c6013a0c1fd832e51c73397 | 53ea06486d296b890d565fb971b2764fcd826e7e | 9c39b3858091c152f52513c066ff2c5a47969f0d | da343d0605c826ef197aceedc67e8e04f065f740,,,
CVE-2024-47081,requests,2.21.0,Medium,False,,0.00177,0.39179,no,,https://github.com/psf/requests/commit/96ba401c1296ab1dda74a2365ef36d88f7d144ef | https://github.com/psf/requests/pull/6965,,https://github.com/psf/requests/commit/96ba401c1296ab1dda74a2365ef36d88f7d144ef | https://github.com/psf/requests/pull/6965,,,,021dc729f0b71a3030cefdbec7fb57a0e80a6cfd,,,
CVE-2024-4741,openssl,1.1.1q,High,False,,0.00359,0.58131,no,,https://github.com/openssl/openssl/commit/704f725b96aa373ee45ecfb23f6abfe8be8d9177 | https://github.com/openssl/openssl/commit/b3f0eb0a295f58f16ba43ba99dad70d4ee5c437d | https://github.com/openssl/openssl/commit/c88c3de51020c37e8706bf7a682a162593053aac | https://github.com/openssl/openssl/commit/e5093133c35ca82874ad83697af76f4b0f7e3bd8,,https://github.com/openssl/openssl/commit/704f725b96aa373ee45ecfb23f6abfe8be8d9177 | https://github.com/openssl/openssl/commit/b3f0eb0a295f58f16ba43ba99dad70d4ee5c437d | https://github.com/openssl/openssl/commit/c88c3de51020c37e8706bf7a682a162593053aac | https://github.com/openssl/openssl/commit/e5093133c35ca82874ad83697af76f4b0f7e3bd8,,,,704f725b96aa373ee45ecfb23f6abfe8be8d9177 | b3f0eb0a295f58f16ba43ba99dad70d4ee5c437d | c88c3de51020c37e8706bf7a682a162593053aac | e5093133c35ca82874ad83697af76f4b0f7e3bd8,,,
CVE-2024-47887,actionpack,5.2.3,Medium,False,,0.00296,0.5296,no,,https://github.com/rails/rails/commit/56b2fc3302836405b496e196a8d5fc0195e55049 | https://github.com/rails/rails/commit/7c1398854d51f9bb193fb79f226647351133d08a | https://github.com/rails/rails/commit/8e057db25bff1dc7a98e9ae72e0083825b9ac545 | https://github.com/rails/rails/commit/f4dc83d8926509d0958ec21fcdbc2e7df3d32ce2,,https://github.com/rails/rails/commit/56b2fc3302836405b496e196a8d5fc0195e55049 | https://github.com/rails/rails/commit/7c1398854d51f9bb193fb79f226647351133d08a | https://github.com/rails/rails/commit/8e057db25bff1dc7a98e9ae72e0083825b9ac545 | https://github.com/rails/rails/commit/f4dc83d8926509d0958ec21fcdbc2e7df3d32ce2,,,375d9a0a7fb329b0fbbd75a13e93e53a00520587 | 984c3ef2775781d47efa9f541ce570daa2434a80 | d39db5d1891f7509cde2efc425c9d69bbb77e670 | fb6c4305939da06efdf2893d99130e7829c53e8b,b2fbbfbcaa3d662c68a9ee21ab6cf95eccc2b4ec | f61f4ef957f80e1668797fce8a2393f3edb7ed76 | 5b5f0da552f62e85e31e2d747d52aed2a3133f48 | a1f6a13f691e0929d40b7e1b1e0d31aa69778128,,,
CVE-2024-49766,werkzeug,0.11,Medium,False,,0.01392,0.80404,no,,https://github.com/pallets/werkzeug/commit/2767bcb10a7dd1c297d812cc5e6d11a474c1f092,,https://github.com/pallets/werkzeug/commit/2767bcb10a7dd1c297d812cc5e6d11a474c1f092,,,,5eaefc3996aa5cc8c5237d8b82f1b89eed6ea624,5.3,CVSS:3.1/AV:N/AC:L/PR:N/UI:N/S:U/C:L/I:N/A:N,3.1
CVE-2024-49767,werkzeug,0.11,Medium,False,,0.0109,0.77967,no,,https://github.com/pallets/quart/commit/5e78c4169b8eb66b91ead3e62d44721b9e1644ee | https://github.com/pallets/quart/commit/abb04a512496206de279225340ed022852fbf51f | https://github.com/pallets/werkzeug/commit/50cfeebcb0727e18cc52ffbeb125f4a66551179b,,https://github.com/pallets/quart/commit/5e78c4169b8eb66b91ead3e62d44721b9e1644ee | https://github.com/pallets/quart/commit/abb04a512496206de279225340ed022852fbf51f | https://github.com/pallets/werkzeug/commit/50cfeebcb0727e18cc52ffbeb125f4a66551179b,,,,0c91e8e5cd35eb0b8629672627decd528f1f2bbf | 5e78c4169b8eb66b91ead3e62d44721b9e1644ee | abb04a512496206de279225340ed022852fbf51f | 5eaefc3996aa5cc8c5237d8b82f1b89eed6ea624,7.5,CVSS:3.1/AV:N/AC:L/PR:N/UI:N/S:U/C:N/I:N/A:H,3.1
CVE-2024-52804,tornado,5.1.1,High,False,,0.00145,0.34762,no,,https://github.com/tornadoweb/tornado/commit/d5ba4a1695fbf7c6a3e54313262639b198291533,,https://github.com/tornadoweb/tornado/commit/d5ba4a1695fbf7c6a3e54313262639b198291533,,GHSA-7pwv-g7hj-39pr,,a5ecfab15e52202a46d34638aad93cddca86d87b,,,
CVE-2024-54133,actionpack,5.2.3,Low,False,,0.0019,0.40787,no,,https://github.com/rails/rails/commit/2e3f41e4538b9ca1044357f6644f037bbb7c6c49 | https://github.com/rails/rails/commit/3da2479cfe1e00177114b17e496213c40d286b3a | https://github.com/rails/rails/commit/5558e72f22fc69c1c407b31ac5fb3b4ce087b542 | https://github.com/rails/rails/commit/cb16a3bb515b5d769f73926d9757270ace691f1d,,https://github.com/rails/rails/commit/2e3f41e4538b9ca1044357f6644f037bbb7c6c49 | https://github.com/rails/rails/commit/3da2479cfe1e00177114b17e496213c40d286b3a | https://github.com/rails/rails/commit/5558e72f22fc69c1c407b31ac5fb3b4ce087b542 | https://github.com/rails/rails/commit/cb16a3bb515b5d769f73926d9757270ace691f1d,,,375a4143cf5caeb6159b338be824903edfd62836 | d39db5d1891f7509cde2efc425c9d69bbb77e670 | fb6c4305939da06efdf2893d99130e7829c53e8b | dd8f7185faeca6ee968a6e9367f6d8601a83b8db,778eab826538be6da355d848aecaea2245e3b8ce | 14c115b120ed089331ff3dc13f36bd9129ced33d | 33beb0a38db1c058123a8e3cc298cad918adfe32 | a993c27a50395e727872600b5669976ff0a272e7,,,
CVE-2024-5535,openssl,1.1.1q,Critical,False,,0.05181,0.89921,no,,https://github.com/openssl/openssl/commit/4ada436a1946cbb24db5ab4ca082b69c1bc10f37 | https://github.com/openssl/openssl/commit/e86ac436f0bd54d4517745483e2315650fae7b2c | https://github.com/openssl/openssl/commit/99fb785a5f85315b95288921a321a935ea29a51e | https://github.com/openssl/openssl/commit/cf6f91f6121f4db167405db2f0de410a456f260c,,https://github.com/openssl/openssl/commit/4ada436a1946cbb24db5ab4ca082b69c1bc10f37 | https://github.com/openssl/openssl/commit/e86ac436f0bd54d4517745483e2315650fae7b2c | https://github.com/openssl/openssl/commit/99fb785a5f85315b95288921a321a935ea29a51e | https://github.com/openssl/openssl/commit/cf6f91f6121f4db167405db2f0de410a456f260c,,,,4ada436a1946cbb24db5ab4ca082b69c1bc10f37 | 99fb785a5f85315b95288921a321a935ea29a51e | cf6f91f6121f4db167405db2f0de410a456f260c | e86ac436f0bd54d4517745483e2315650fae7b2c,,,
CVE-2024-55565,nanoid,3.3.6,Medium,False,,0.00107,0.2886,no,,https://github.com/ai/nanoid/pull/510,,https://github.com/ai/nanoid/pull/510,,,,65a38ac63a0709c420b9de30b15511b84e87c423,,,
CVE-2024-56201,jinja2,3.0.0,Medium,False,,0.00459,0.64058,no,,https://github.com/pallets/jinja/commit/767b23617628419ae3709ccfb02f9602ae9fe51f,,https://github.com/pallets/jinja/commit/767b23617628419ae3709ccfb02f9602ae9fe51f,,,417f822196f66155e8c121e5229cc12a6b02ce14,877f6e51be8e1765b06d911cfaa9033775f051d1,8.8,CVSS:3.1/AV:L/AC:L/PR:L/UI:N/S:C/C:H/I:H/A:H,3.1
CVE-2024-56326,jinja2,2.10.1,Medium,False,,0.00456,0.6392,no,,https://github.com/pallets/jinja/commit/48b0687e05a5466a91cd5812d604fa37ad0943b4,,https://github.com/pallets/jinja/commit/48b0687e05a5466a91cd5812d604fa37ad0943b4,,,,877f6e51be8e1765b06d911cfaa9033775f051d1,,,
CVE-2024-6119,openssl,3.0.5,High,False,,0.05692,0.90419,no,,https://github.com/openssl/openssl/commit/06d1dc3fa96a2ba5a3e22735a033012aadc9f0d6 | https://github.com/openssl/openssl/commit/621f3729831b05ee828a3203eddb621d014ff2b2 | https://github.com/openssl/openssl/commit/7dfcee2cd2a63b2c64b9b4b0850be64cb695b0a0 | https://github.com/openssl/openssl/commit/05f360d9e849a1b277db628f1f13083a7f8dd04f,,https://github.com/openssl/openssl/commit/06d1dc3fa96a2ba5a3e22735a033012aadc9f0d6 | https://github.com/openssl/openssl/commit/621f3729831b05ee828a3203eddb621d014ff2b2 | https://github.com/openssl/openssl/commit/7dfcee2cd2a63b2c64b9b4b0850be64cb695b0a0 | https://github.com/openssl/openssl/commit/05f360d9e849a1b277db628f1f13083a7f8dd04f,,,89cd17a031e022211684eb7eb41190cf1910f9fa | a92271e03a8d0dee507b6f1e7f49512568b2c7ad | cf2877791ce7508684109664f467c9e40987692f | 4cb31128b5790819dfeea2739fbde265f71a10a2,c523121f902fde2929909dc7f76b13ceb4961efe | 3c6a7a1c3b88d9afaf2828cff7adefba27b52493 | 45fda76bc1b9fd74d10e85e0ce9b65a12dcc58b0 | fb7fab9fa6f4869eaa8fbb97e0d593159f03ffe4 | 05f360d9e849a1b277db628f1f13083a7f8dd04f | 06d1dc3fa96a2ba5a3e22735a033012aadc9f0d6 | 621f3729831b05ee828a3203eddb621d014ff2b2 | 7dfcee2cd2a63b2c64b9b4b0850be64cb695b0a0,,,
CVE-2024-6345,setuptools,51.3.3,High,False,,0.05697,0.90425,no,,https://github.com/pypa/setuptools/commit/88807c7062788254f654ea8c03427adc859321f0,,https://github.com/pypa/setuptools/commit/88807c7062788254f654ea8c03427adc859321f0,,,,88807c7062788254f654ea8c03427adc859321f0,,,
CVE-2024-6827,gunicorn,19.9.0,High,False,,0.00072,0.21829,no,,,,,,,,,,,
CVE-2024-8260,github.com/open-policy-agent/opa,v0.35.0,Medium,False,,0.00143,0.34501,no,,,,,,,,db53d77c482676fadd53bc67a10cf75b3d0ce00b,7.3,CVSS:3.1/AV:L/AC:L/PR:L/UI:R/S:U/C:H/I:H/A:H,3.1
CVE-2024-9143,openssl,1.1.1q,Medium,False,,0.0089,0.75555,no,,https://github.com/openssl/openssl/commit/72ae83ad214d2eef262461365a1975707f862712 | https://github.com/openssl/openssl/commit/fdf6723362ca51bd883295efe206cb5b1cfa5154 | https://github.com/openssl/openssl/commit/bc7e04d7c8d509fb78fc0e285aa948fb0da04700 | https://github.com/openssl/openssl/commit/c0d3e4d32d2805f49bec30547f225bc4d092e1f4,,https://github.com/openssl/openssl/commit/72ae83ad214d2eef262461365a1975707f862712 | https://github.com/openssl/openssl/commit/fdf6723362ca51bd883295efe206cb5b1cfa5154 | https://github.com/openssl/openssl/commit/bc7e04d7c8d509fb78fc0e285aa948fb0da04700 | https://github.com/openssl/openssl/commit/c0d3e4d32d2805f49bec30547f225bc4d092e1f4,,,,72ae83ad214d2eef262461365a1975707f862712 | bc7e04d7c8d509fb78fc0e285aa948fb0da04700 | c0d3e4d32d2805f49bec30547f225bc4d092e1f4 | fdf6723362ca51bd883295efe206cb5b1cfa5154,,,
CVE-2025-0913,stdlib,go1.15.2,Medium,False,,0.0004,0.12094,no,,,,,,,3901409b5d0fb7c85a3e6730a59943cc93b2835c,d375ae50633cdf1cd8536f2a199c382f9053b638 | 6796ebb2cb66b316a07998cdcd69b1c486b8579e,,,
CVE-2025-13465,lodash,4.17.4,Medium,False,,0.00029,0.08421,no,,,,,,,d35a9c40beb594d09814ba7f7673b81d4d67a816,835a537f36ee2fd5fb7f524e213ff9ba2d8698f8,5.3,CVSS:3.1/AV:N/AC:L/PR:N/UI:N/S:U/C:N/I:L/A:N,3.1
CVE-2025-15467,openssl,3.0.5,High,False,,0.00705,0.72155,no,,https://github.com/openssl/openssl/commit/2c8f0e5fa9b6ee5508a0349e4572ddb74db5a703 | https://github.com/openssl/openssl/commit/d0071a0799f20cc8101730145349ed4487c268dc | https://github.com/openssl/openssl/commit/5f26d4202f5b89664c5c3f3c62086276026ba9a9 | https://github.com/openssl/openssl/commit/6ced0fe6b10faa560e410e3ee8d6c82f06c65ea3 | https://github.com/openssl/openssl/commit/ce39170276daec87f55c39dad1f629b56344429e,,https://github.com/openssl/openssl/commit/2c8f0e5fa9b6ee5508a0349e4572ddb74db5a703 | https://github.com/openssl/openssl/commit/d0071a0799f20cc8101730145349ed4487c268dc | https://github.com/openssl/openssl/commit/5f26d4202f5b89664c5c3f3c62086276026ba9a9 | https://github.com/openssl/openssl/commit/6ced0fe6b10faa560e410e3ee8d6c82f06c65ea3 | https://github.com/openssl/openssl/commit/ce39170276daec87f55c39dad1f629b56344429e,,,89cd17a031e022211684eb7eb41190cf1910f9fa | 4cb31128b5790819dfeea2739fbde265f71a10a2 | 98acb6b02839c609ef5b837794e08d906d965335 | 636dfadc70ce26f2473870570bfd9ec352806b1d | 7b371d80d959ec9ab4139d09d78e83c090de9779,a22063cd69a077cc68bb4c10e9f351f75899b194 | 4601ff25acd6c2fe58a8bfe241e6c470e27b8074 | 565bdcc41bbf89fcbaf962636469332689f0c9fd | 67b5686b4419b4cb8caa502711c41815f5279751 | c9a9e5b10105ad850b6e4d1122c645c67767c341 | 2c8f0e5fa9b6ee5508a0349e4572ddb74db5a703 | 5f26d4202f5b89664c5c3f3c62086276026ba9a9 | 6ced0fe6b10faa560e410e3ee8d6c82f06c65ea3,,,
CVE-2025-22866,stdlib,go1.15.2,Medium,False,,0.00022,0.06048,no,,,,,,,,,,,
CVE-2025-22869,golang.org/x/crypto,v0.0.0-20201002170205-7f63de1d35b0,High,False,,0.00607,0.69707,no,,,,,,,,,,,
CVE-2025-22870,golang.org/x/net,v0.0.0-20211111083644-e5c967477495,Medium,False,,0.00023,0.06419,no,,,,,,,,,,,
CVE-2025-22871,stdlib,go1.15.2,Critical,False,,0.00094,0.26092,no,,,,,,,,,,,
CVE-2025-22872,golang.org/x/net,v0.0.0-20211111083644-e5c967477495,Medium,False,,0.00129,0.32283,no,,,,,,,,,,,
CVE-2025-22873,stdlib,go1.15.2,Low,False,,3e-05,0.00136,no,,,,,,,3901409b5d0fb7c85a3e6730a59943cc93b2835c,f77084d15d53e6aa09d2e7f867e69cc9766da2c5 | 34c8b14ca9f4096383d658fbd748322a993a2bd2,,,
CVE-2025-26519,musl,1.1.24-r2,High,False,,0.00035,0.10408,no,,https://git.musl-libc.org/cgit/musl/commit/?id=e5adcd97b5196e29991b524237381a0202a60659 | https://git.musl-libc.org/cgit/musl/commit/?id=c47ad25ea3b484e10326f933e927c0bc8cded3da,,https://git.musl-libc.org/cgit/musl/commit/?id=e5adcd97b5196e29991b524237381a0202a60659 | https://git.musl-libc.org/cgit/musl/commit/?id=c47ad25ea3b484e10326f933e927c0bc8cded3da,,,d0f0fa484c5216710936715c176f67b3781e4b71,9fa28ece75d8a2191de7c5bb53bed224c5947417 | c47ad25ea3b484e10326f933e927c0bc8cded3da | e5adcd97b5196e29991b524237381a0202a60659,,,
CVE-2025-27516,jinja2,2.10.1,Medium,False,,0.00121,0.31128,no,,https://github.com/pallets/jinja/commit/90457bbf33b8662926ae65cdde4c4c32e756e403,,https://github.com/pallets/jinja/commit/90457bbf33b8662926ae65cdde4c4c32e756e403,,,,15206881c006c79667fe5154fe80c01c65410679,8.8,CVSS:3.1/AV:L/AC:L/PR:L/UI:N/S:C/C:H/I:H/A:H,3.1
CVE-2025-43859,h11,0.14.0,Critical,False,,0.00346,0.5719,no,,https://github.com/python-hyper/h11/commit/114803a29ce50116dc47951c690ad4892b1a36ed,,https://github.com/python-hyper/h11/commit/114803a29ce50116dc47951c690ad4892b1a36ed,,,,1c5b07581f058886c8bdd87adababd7d959dc7ca,,,
CVE-2025-46569,github.com/open-policy-agent/opa,v0.35.0,High,False,,0.00064,0.19747,no,,https://github.com/open-policy-agent/opa/commit/ad2063247a14711882f18c387a511fc8094aa79c,,https://github.com/open-policy-agent/opa/commit/ad2063247a14711882f18c387a511fc8094aa79c,,,,8b0720247e65b97fe7715ca15682fee4040df4d1,,,
CVE-2025-4673,stdlib,go1.15.2,Medium,False,,0.00074,0.22425,no,,,,,,,,,,,
CVE-2025-4674,stdlib,go1.15.2,High,False,,6e-05,0.00383,no,,,,,,,3901409b5d0fb7c85a3e6730a59943cc93b2835c,0a75dd7c2dcf7057ef200290d8f5c4c1514dba80 | 9d828e80fa1f3cc52de60428cae446b35b576de8,,,
CVE-2025-47273,setuptools,51.3.3,High,False,,0.00487,0.65438,no,,https://github.com/pypa/setuptools/commit/250a6d17978f9f6ac3ac887091f2d32886fbbb0b,,https://github.com/pypa/setuptools/commit/250a6d17978f9f6ac3ac887091f2d32886fbbb0b,,,,8e4868a036b7fae3208d16cb4e5fe6d63c3752df,8.8,CVSS:3.1/AV:N/AC:L/PR:L/UI:N/S:U/C:H/I:H/A:H,3.1
CVE-2025-47287,tornado,5.1.1,High,False,,0.01164,0.78638,no,,https://github.com/tornadoweb/tornado/commit/b39b892bf78fe8fea01dd45199aa88307e7162f3,,https://github.com/tornadoweb/tornado/commit/b39b892bf78fe8fea01dd45199aa88307e7162f3,,,,ab5f35431242f95a5ef0a2ac228e54e89ab511f0,,,
CVE-2025-47906,stdlib,go1.15.2,Medium,False,,0.00026,0.0725,no,,,,,,,3901409b5d0fb7c85a3e6730a59943cc93b2835c,dd8b7ad9268c2fbde675132a41b4e4da02eef94d | 7f36edc26d4e3becb6d9c9008ff00f260bb19055,,,
CVE-2025-47907,stdlib,go1.15.2,High,False,,0.00013,0.01961,no,,,,,,,3901409b5d0fb7c85a3e6730a59943cc93b2835c,dd8b7ad9268c2fbde675132a41b4e4da02eef94d | 7f36edc26d4e3becb6d9c9008ff00f260bb19055,,,
CVE-2025-47912,stdlib,go1.15.2,Medium,False,,0.00018,0.04808,no,,,,,,,6e676ab2b809d46623acb5988248d95d1eb7939c,3a666bca00d7fb30d55e252131ea2cf2006dc3a3 | bed6c81c2dceeb19c7f9e46fc173671abcda7cfd,,,
CVE-2025-47914,golang.org/x/crypto,v0.0.0-20201002170205-7f63de1d35b0,Medium,False,,0.00011,0.01345,no,,,,,,,,4e0068c0098be10d7025c99ab7c50ce454c1f0f9,,,
CVE-2025-48432,django,2.0.9,Medium,False,,0.00411,0.61455,no,,,,,,,879e5d587b84e6fc961829611999431778eb9f6a | 84d09a547fe35e10018ab242602ca76c29ca91a1 | 9e7cc2b628fe8fd3895986af9b7fc9525034c1b0,a698dc223be0e245c8e9cf347defc1892ae5e3ea | 2285698fc1e41ff34dffcc0625528a8db7318a18 | 15883bc669303242742a81f06958175dddbb66de,5.3,CVSS:3.1/AV:N/AC:L/PR:N/UI:N/S:U/C:N/I:L/A:N,3.1
CVE-2025-48924,commons-lang3,3.11,Medium,False,,0.00034,0.10132,no,,,,,,,da5d64110a8b7182d04359958f40fadfbe1ed6ff | c21484b730221bc87ca26553155350292aa30f0d,631f3ce18ed9ae276b34105592a13f32df200260 | 5b59487808d0b86a94ad7a1ebd4c200e09b7be09,,,
CVE-2025-49128,jackson-core,2.9.10,Medium,False,,0.00027,0.07582,no,,https://github.com/FasterXML/jackson-core/commit/a6c297682737dde13337cb7c3020f299518609a8 | https://github.com/FasterXML/jackson-core/pull/652,,https://github.com/FasterXML/jackson-core/commit/a6c297682737dde13337cb7c3020f299518609a8 | https://github.com/FasterXML/jackson-core/pull/652,,,29fffe6a08161434c234a48f8a6df2b0c49b3b6f,03add30680331fd88a8ef474cbd5bc0a65e57eb8,,,
CVE-2025-50181,urllib3,1.24.1,Medium,False,,0.00079,0.23374,no,,https://github.com/urllib3/urllib3/commit/f05b1329126d5be6de501f9d1e3e36738bc08857,,https://github.com/urllib3/urllib3/commit/f05b1329126d5be6de501f9d1e3e36738bc08857,,,,aaab4eccc10c965897540b21e15f11859d0b62e7,6.1,CVSS:3.1/AV:N/AC:L/PR:N/UI:R/S:C/C:L/I:L/A:N,3.1
CVE-2025-50182,urllib3,2.2.3,Medium,False,,0.00066,0.20357,no,,https://github.com/urllib3/urllib3/commit/7eb4a2aafe49a279c29b6d1f0ed0f42e9736194f,,https://github.com/urllib3/urllib3/commit/7eb4a2aafe49a279c29b6d1f0ed0f42e9736194f,,,04df048cf4b1c3790c56e26c659db764aad62d6f,aaab4eccc10c965897540b21e15f11859d0b62e7,6.1,CVSS:3.1/AV:N/AC:L/PR:N/UI:R/S:C/C:L/I:L/A:N,3.1
CVE-2025-52999,jackson-core,2.9.10,High,False,,0.00206,0.42836,no,,https://github.com/FasterXML/jackson-core/pull/943,,https://github.com/FasterXML/jackson-core/pull/943,,,,a2c0bdcfb9aae8fca555240e63e57c1d9e6f8079,,,
CVE-2025-54410,github.com/docker/docker,v20.10.11+incompatible,Low,False,,7e-05,0.00475,no,,,,,,,,165516eb478021fdc99976e5aadc26bf73c1e51b,5.2,CVSS:3.1/AV:L/AC:L/PR:L/UI:N/S:C/C:L/I:L/A:N,3.1
CVE-2025-57833,django,2.0.9,High,False,,0.00021,0.05706,no,,,,,,,879e5d587b84e6fc961829611999431778eb9f6a | 84d09a547fe35e10018ab242602ca76c29ca91a1 | 9e7cc2b628fe8fd3895986af9b7fc9525034c1b0,5e23d8900201ba10bf76adf825179c72cbf2e1e2 | f71d9c35e4c28614b4c079462f135637a59bfe19 | 75c4403f07b8ad25893f7832dbe8fc6814b53b2d,8.1,CVSS:3.1/AV:N/AC:H/PR:N/UI:N/S:U/C:H/I:H/A:H,3.1
CVE-2025-58181,golang.org/x/crypto,v0.0.0-20201002170205-7f63de1d35b0,Medium,False,,0.00031,0.0881,no,,,,,,,,4e0068c0098be10d7025c99ab7c50ce454c1f0f9,,,
CVE-2025-58183,stdlib,go1.15.2,Medium,False,,0.00018,0.04813,no,,,,,,,,,,,
CVE-2025-58185,stdlib,go1.15.2,Medium,False,,0.00025,0.07141,no,,,,,,,6e676ab2b809d46623acb5988248d95d1eb7939c,3a666bca00d7fb30d55e252131ea2cf2006dc3a3 | bed6c81c2dceeb19c7f9e46fc173671abcda7cfd,,,
CVE-2025-58186,stdlib,go1.15.2,Medium,False,,0.00031,0.08778,no,,,,,,,,,,,
CVE-2025-58187,stdlib,go1.15.2,High,False,,0.00015,0.03032,no,,,,,,,6e676ab2b809d46623acb5988248d95d1eb7939c,8e10ef451a1b6a1e8861ced1154e1c3265bfa01b | 28622c19591d95c9a83f706f2ed1b303d58da85f,,,
CVE-2025-58188,stdlib,go1.15.2,High,False,,9e-05,0.00851,no,,,,,,,6e676ab2b809d46623acb5988248d95d1eb7939c,3a666bca00d7fb30d55e252131ea2cf2006dc3a3 | bed6c81c2dceeb19c7f9e46fc173671abcda7cfd,,,
CVE-2025-58189,stdlib,go1.15.2,Medium,False,,0.00013,0.02064,no,,,,,,,6e676ab2b809d46623acb5988248d95d1eb7939c,3a666bca00d7fb30d55e252131ea2cf2006dc3a3 | bed6c81c2dceeb19c7f9e46fc173671abcda7cfd,,,
CVE-2025-61723,stdlib,go1.15.2,High,False,,0.00032,0.09096,no,,,,,,,6e676ab2b809d46623acb5988248d95d1eb7939c,3a666bca00d7fb30d55e252131ea2cf2006dc3a3 | bed6c81c2dceeb19c7f9e46fc173671abcda7cfd,,,
CVE-2025-61724,stdlib,go1.15.2,Medium,False,,0.00017,0.04314,no,,,,,,,6e676ab2b809d46623acb5988248d95d1eb7939c,3a666bca00d7fb30d55e252131ea2cf2006dc3a3 | bed6c81c2dceeb19c7f9e46fc173671abcda7cfd,,,
CVE-2025-61725,stdlib,go1.15.2,High,False,,0.0004,0.12218,no,,,,,,,,,,,
CVE-2025-61726,stdlib,go1.15.2,High,False,,0.00034,0.09889,no,,,,,,,6e676ab2b809d46623acb5988248d95d1eb7939c,63a1b82d1e68ddd87652467303901593efe0ff11 | 69801b25b9624c3a678ef87d30771861e7bba51f,,,
CVE-2025-61727,stdlib,go1.15.2,Medium,False,,0.00011,0.01458,no,,,,,,,6e676ab2b809d46623acb5988248d95d1eb7939c,1296453960bac0fb5675853c40e3747e5237e16e | fefb02adf45c4bcc879bd406a8d61f2a292c26a9,,,
CVE-2025-61728,stdlib,go1.15.2,Medium,False,,0.00019,0.05153,no,,,,,,,6e676ab2b809d46623acb5988248d95d1eb7939c,63a1b82d1e68ddd87652467303901593efe0ff11 | 69801b25b9624c3a678ef87d30771861e7bba51f,,,
CVE-2025-61729,stdlib,go1.15.2,High,False,,0.00023,0.06307,no,,,,,,,6e676ab2b809d46623acb5988248d95d1eb7939c,1296453960bac0fb5675853c40e3747e5237e16e | fefb02adf45c4bcc879bd406a8d61f2a292c26a9,,,
CVE-2025-61730,stdlib,go1.15.2,Medium,False,,9e-05,0.00869,no,,,,,,,6e676ab2b809d46623acb5988248d95d1eb7939c,63a1b82d1e68ddd87652467303901593efe0ff11 | 69801b25b9624c3a678ef87d30771861e7bba51f,,,
CVE-2025-61731,stdlib,go1.15.2,High,False,,0.0001,0.01241,no,,,,,,,6e676ab2b809d46623acb5988248d95d1eb7939c,63a1b82d1e68ddd87652467303901593efe0ff11 | 69801b25b9624c3a678ef87d30771861e7bba51f,,,
CVE-2025-61732,stdlib,go1.15.2,High,False,,7e-05,0.00623,no,,,,,,,6e676ab2b809d46623acb5988248d95d1eb7939c,96e4e2b1616c3c59577d48abcf2823bf1fdcd2e2 | eaf3bc799a221cc375f188e8699c9330c1caf40a,,,
CVE-2025-6375,poco,1.9.4,Medium,False,,0.00162,0.37113,no,,https://github.com/pocoproject/poco/commit/6f2f85913c191ab9ddfb8fae781f5d66afccf3bf,,https://github.com/pocoproject/poco/commit/6f2f85913c191ab9ddfb8fae781f5d66afccf3bf,,,,96d182a99303fb068575294b36f0cc20da2e7b25 | 6f2f85913c191ab9ddfb8fae781f5d66afccf3bf,,,
CVE-2025-64458,django,2.0.9,High,False,,0.00024,0.06603,no,,,,,,,879e5d587b84e6fc961829611999431778eb9f6a | 84d09a547fe35e10018ab242602ca76c29ca91a1 | 9e7cc2b628fe8fd3895986af9b7fc9525034c1b0,0dfd59e2d5c713510c6bcf245e8ac2d5b2043a0a | da443c4d5472dfc5afe2567b59123da8372715fe | 47fe39af56ecd0ad73b9c7562511015e96b91b80,,,
CVE-2025-64459,django,2.0.9,Critical,False,,0.00256,0.49031,no,,,,,,,879e5d587b84e6fc961829611999431778eb9f6a | 84d09a547fe35e10018ab242602ca76c29ca91a1 | 9e7cc2b628fe8fd3895986af9b7fc9525034c1b0,0dfd59e2d5c713510c6bcf245e8ac2d5b2043a0a | da443c4d5472dfc5afe2567b59123da8372715fe | 47fe39af56ecd0ad73b9c7562511015e96b91b80,,,
CVE-2025-66221,werkzeug,0.11,Medium,False,,0.00032,0.09256,no,,https://github.com/pallets/werkzeug/commit/4b833376a45c323a189cd11d2362bcffdb1c0c13,,https://github.com/pallets/werkzeug/commit/4b833376a45c323a189cd11d2362bcffdb1c0c13,,,,1c7beb671d1af67a07684ffa1fffdb0fc76c7fa4,5.3,CVSS:3.1/AV:N/AC:L/PR:N/UI:N/S:U/C:N/I:N/A:L,3.1
CVE-2025-66418,urllib3,1.24.1,High,False,,0.00033,0.09724,no,,https://github.com/urllib3/urllib3/commit/24d7b67eac89f94e11003424bcf0d8f7b72222a8,,https://github.com/urllib3/urllib3/commit/24d7b67eac89f94e11003424bcf0d8f7b72222a8,,,ef0c74542abe69421a86c4d3c6a86fe43cb809a4,720f484b605f18887a48eef448d0084e2b76902d,7.5,CVSS:3.1/AV:N/AC:L/PR:N/UI:N/S:U/C:N/I:N/A:H,3.1
CVE-2025-66471,urllib3,1.24.1,High,False,,0.00031,0.08998,no,,https://github.com/urllib3/urllib3/commit/c19571de34c47de3a766541b041637ba5f716ed7,,https://github.com/urllib3/urllib3/commit/c19571de34c47de3a766541b041637ba5f716ed7,,,04c6c18b6630386334fb010079a3ae3cdc59eea2,720f484b605f18887a48eef448d0084e2b76902d,7.5,CVSS:3.1/AV:N/AC:L/PR:N/UI:N/S:U/C:N/I:N/A:H,3.1
CVE-2025-68121,stdlib,go1.15.2,Critical,False,,0.00018,0.04493,no,,,,,,,6e676ab2b809d46623acb5988248d95d1eb7939c,96e4e2b1616c3c59577d48abcf2823bf1fdcd2e2 | eaf3bc799a221cc375f188e8699c9330c1caf40a,,,
CVE-2025-68142,pymdown-extensions,10.12,Low,False,,0.00096,0.26538,no,,https://github.com/facelessuser/pymdown-extensions/commit/b50d15a56850ed1408a284bba81cc019c6bd72e8,,https://github.com/facelessuser/pymdown-extensions/commit/b50d15a56850ed1408a284bba81cc019c6bd72e8,,,,b50d15a56850ed1408a284bba81cc019c6bd72e8,5.3,CVSS:3.1/AV:N/AC:L/PR:N/UI:N/S:U/C:N/I:N/A:L,3.1
CVE-2025-68160,openssl,1.1.1q,Medium,False,,0.00027,0.0784,no,,https://github.com/openssl/openssl/commit/68a7cd2e2816c3a02f4d45a2ce43fc04fac97096 | https://github.com/openssl/openssl/commit/384011202af92605d926fafe4a0bcd6b65d162ad | https://github.com/openssl/openssl/commit/475c466ef2fbd8fc1df6fae1c3eed9c813fc8ff6 | https://github.com/openssl/openssl/commit/4c96fbba618e1940f038012506ee9e21d32ee12c | https://github.com/openssl/openssl/commit/6845c3b6460a98b1ec4e463baa2ea1a63a32d7c0,,https://github.com/openssl/openssl/commit/68a7cd2e2816c3a02f4d45a2ce43fc04fac97096 | https://github.com/openssl/openssl/commit/384011202af92605d926fafe4a0bcd6b65d162ad | https://github.com/openssl/openssl/commit/475c466ef2fbd8fc1df6fae1c3eed9c813fc8ff6 | https://github.com/openssl/openssl/commit/4c96fbba618e1940f038012506ee9e21d32ee12c | https://github.com/openssl/openssl/commit/6845c3b6460a98b1ec4e463baa2ea1a63a32d7c0,,,e818b74be2170fbe957a07b0da4401c2b694b3b8 | e04bd3433fd84e1861bf258ea37928d9845e6a86 | 89cd17a031e022211684eb7eb41190cf1910f9fa | 4cb31128b5790819dfeea2739fbde265f71a10a2 | 98acb6b02839c609ef5b837794e08d906d965335 | 636dfadc70ce26f2473870570bfd9ec352806b1d | 7b371d80d959ec9ab4139d09d78e83c090de9779,e818b74be2170fbe957a07b0da4401c2b694b3b8 | e04bd3433fd84e1861bf258ea37928d9845e6a86 | a22063cd69a077cc68bb4c10e9f351f75899b194 | 4601ff25acd6c2fe58a8bfe241e6c470e27b8074 | 565bdcc41bbf89fcbaf962636469332689f0c9fd | 67b5686b4419b4cb8caa502711c41815f5279751 | c9a9e5b10105ad850b6e4d1122c645c67767c341 | 384011202af92605d926fafe4a0bcd6b65d162ad,,,
CVE-2025-69418,openssl,1.1.1q,Medium,False,,8e-05,0.00717,no,,https://github.com/openssl/openssl/commit/372fc5c77529695b05b4f5b5187691a57ef5dffc | https://github.com/openssl/openssl/commit/4016975d4469cd6b94927c607f7c511385f928d8 | https://github.com/openssl/openssl/commit/52d23c86a54adab5ee9f80e48b242b52c4cc2347 | https://github.com/openssl/openssl/commit/a7589230356d908c0eca4b969ec4f62106f4f5ae | https://github.com/openssl/openssl/commit/ed40856d7d4ba6cb42779b6770666a65f19cb977,,https://github.com/openssl/openssl/commit/372fc5c77529695b05b4f5b5187691a57ef5dffc | https://github.com/openssl/openssl/commit/4016975d4469cd6b94927c607f7c511385f928d8 | https://github.com/openssl/openssl/commit/52d23c86a54adab5ee9f80e48b242b52c4cc2347 | https://github.com/openssl/openssl/commit/a7589230356d908c0eca4b969ec4f62106f4f5ae | https://github.com/openssl/openssl/commit/ed40856d7d4ba6cb42779b6770666a65f19cb977,,,e04bd3433fd84e1861bf258ea37928d9845e6a86 | 89cd17a031e022211684eb7eb41190cf1910f9fa | 4cb31128b5790819dfeea2739fbde265f71a10a2 | 98acb6b02839c609ef5b837794e08d906d965335 | 636dfadc70ce26f2473870570bfd9ec352806b1d | 7b371d80d959ec9ab4139d09d78e83c090de9779,e04bd3433fd84e1861bf258ea37928d9845e6a86 | a22063cd69a077cc68bb4c10e9f351f75899b194 | 4601ff25acd6c2fe58a8bfe241e6c470e27b8074 | 565bdcc41bbf89fcbaf962636469332689f0c9fd | 67b5686b4419b4cb8caa502711c41815f5279751 | c9a9e5b10105ad850b6e4d1122c645c67767c341 | 372fc5c77529695b05b4f5b5187691a57ef5dffc | 4016975d4469cd6b94927c607f7c511385f928d8,,,
CVE-2025-69419,openssl,1.1.1q,High,False,,0.00063,0.19536,no,,https://github.com/openssl/openssl/commit/a26a90d38edec3748566129d824e664b54bee2e2 | https://github.com/openssl/openssl/commit/cda12de3bc0e333ea8d2c6fd15001dbdaf280015 | https://github.com/openssl/openssl/commit/ff628933755075446bca8307e8417c14d164b535 | https://github.com/openssl/openssl/commit/41be0f216404f14457bbf3b9cc488dba60b49296 | https://github.com/openssl/openssl/commit/7e9cac9832e4705b91987c2474ed06a37a93cecb,,https://github.com/openssl/openssl/commit/a26a90d38edec3748566129d824e664b54bee2e2 | https://github.com/openssl/openssl/commit/cda12de3bc0e333ea8d2c6fd15001dbdaf280015 | https://github.com/openssl/openssl/commit/ff628933755075446bca8307e8417c14d164b535 | https://github.com/openssl/openssl/commit/41be0f216404f14457bbf3b9cc488dba60b49296 | https://github.com/openssl/openssl/commit/7e9cac9832e4705b91987c2474ed06a37a93cecb,,,e04bd3433fd84e1861bf258ea37928d9845e6a86 | 89cd17a031e022211684eb7eb41190cf1910f9fa | 4cb31128b5790819dfeea2739fbde265f71a10a2 | 98acb6b02839c609ef5b837794e08d906d965335 | 636dfadc70ce26f2473870570bfd9ec352806b1d | 7b371d80d959ec9ab4139d09d78e83c090de9779,e04bd3433fd84e1861bf258ea37928d9845e6a86 | a22063cd69a077cc68bb4c10e9f351f75899b194 | 4601ff25acd6c2fe58a8bfe241e6c470e27b8074 | 565bdcc41bbf89fcbaf962636469332689f0c9fd | 67b5686b4419b4cb8caa502711c41815f5279751 | c9a9e5b10105ad850b6e4d1122c645c67767c341 | 41be0f216404f14457bbf3b9cc488dba60b49296 | 7e9cac9832e4705b91987c2474ed06a37a93cecb,,,
CVE-2025-69420,openssl,1.1.1q,High,False,,0.00303,0.53601,no,,https://github.com/openssl/openssl/commit/27c7012c91cc986a598d7540f3079dfde2416eb9 | https://github.com/openssl/openssl/commit/4e254b48ad93cc092be3dd62d97015f33f73133a | https://github.com/openssl/openssl/commit/564fd9c73787f25693bf9e75faf7bf6bb1305d4e | https://github.com/openssl/openssl/commit/5eb0770ffcf11b785cf374ff3c19196245e54f1b | https://github.com/openssl/openssl/commit/a99349ebfc519999edc50620abe24d599b9eb085,,https://github.com/openssl/openssl/commit/27c7012c91cc986a598d7540f3079dfde2416eb9 | https://github.com/openssl/openssl/commit/4e254b48ad93cc092be3dd62d97015f33f73133a | https://github.com/openssl/openssl/commit/564fd9c73787f25693bf9e75faf7bf6bb1305d4e | https://github.com/openssl/openssl/commit/5eb0770ffcf11b785cf374ff3c19196245e54f1b | https://github.com/openssl/openssl/commit/a99349ebfc519999edc50620abe24d599b9eb085,,,e04bd3433fd84e1861bf258ea37928d9845e6a86 | 89cd17a031e022211684eb7eb41190cf1910f9fa | 4cb31128b5790819dfeea2739fbde265f71a10a2 | 98acb6b02839c609ef5b837794e08d906d965335 | 636dfadc70ce26f2473870570bfd9ec352806b1d | 7b371d80d959ec9ab4139d09d78e83c090de9779,e04bd3433fd84e1861bf258ea37928d9845e6a86 | a22063cd69a077cc68bb4c10e9f351f75899b194 | 4601ff25acd6c2fe58a8bfe241e6c470e27b8074 | 565bdcc41bbf89fcbaf962636469332689f0c9fd | 67b5686b4419b4cb8caa502711c41815f5279751 | c9a9e5b10105ad850b6e4d1122c645c67767c341 | 27c7012c91cc986a598d7540f3079dfde2416eb9 | 4e254b48ad93cc092be3dd62d97015f33f73133a,,,
CVE-2025-69421,openssl,1.1.1q,High,False,,0.00036,0.10522,no,,https://github.com/openssl/openssl/commit/3524a29271f8191b8fd8a5257eb05173982a097b | https://github.com/openssl/openssl/commit/36ecb4960872a4ce04bf6f1e1f4e78d75ec0c0c7 | https://github.com/openssl/openssl/commit/4bbc8d41a72c842ce4077a8a3eccd1109aaf74bd | https://github.com/openssl/openssl/commit/643986985cd1c21221f941129d76fe0c2785aeb3 | https://github.com/openssl/openssl/commit/a2dbc539f0f9cc63832709fa5aa33ad9495eb19c,,https://github.com/openssl/openssl/commit/3524a29271f8191b8fd8a5257eb05173982a097b | https://github.com/openssl/openssl/commit/36ecb4960872a4ce04bf6f1e1f4e78d75ec0c0c7 | https://github.com/openssl/openssl/commit/4bbc8d41a72c842ce4077a8a3eccd1109aaf74bd | https://github.com/openssl/openssl/commit/643986985cd1c21221f941129d76fe0c2785aeb3 | https://github.com/openssl/openssl/commit/a2dbc539f0f9cc63832709fa5aa33ad9495eb19c,,,e818b74be2170fbe957a07b0da4401c2b694b3b8 | e04bd3433fd84e1861bf258ea37928d9845e6a86 | 89cd17a031e022211684eb7eb41190cf1910f9fa | 4cb31128b5790819dfeea2739fbde265f71a10a2 | 98acb6b02839c609ef5b837794e08d906d965335 | 636dfadc70ce26f2473870570bfd9ec352806b1d | 7b371d80d959ec9ab4139d09d78e83c090de9779,e818b74be2170fbe957a07b0da4401c2b694b3b8 | a22063cd69a077cc68bb4c10e9f351f75899b194 | 4601ff25acd6c2fe58a8bfe241e6c470e27b8074 | 565bdcc41bbf89fcbaf962636469332689f0c9fd | 67b5686b4419b4cb8caa502711c41815f5279751 | c9a9e5b10105ad850b6e4d1122c645c67767c341 | 3524a29271f8191b8fd8a5257eb05173982a097b | 36ecb4960872a4ce04bf6f1e1f4e78d75ec0c0c7,,,
CVE-2025-69534,markdown,3.7,Medium,False,,0.00368,0.58773,no,,,,,,,,,7.5,CVSS:3.1/AV:N/AC:L/PR:N/UI:N/S:U/C:N/I:N/A:H,3.1
CVE-2025-71176,pytest,5.4.3,Medium,False,,6e-05,0.0041,no,,,,,,,,,,,
CVE-2025-8869,pip,22.2.2,Medium,False,,0.00022,0.05945,no,,https://github.com/pypa/pip/pull/13550,,https://github.com/pypa/pip/pull/13550,,,,,,,
CVE-2025-9230,openssl,1.1.1q,High,False,,0.00034,0.10145,no,,https://github.com/openssl/openssl/commit/5965ea5dd6960f36d8b7f74f8eac67a8eb8f2b45 | https://github.com/openssl/openssl/commit/9e91358f365dee6c446dcdcdb01c04d2743fd280 | https://github.com/openssl/openssl/commit/a79c4ce559c6a3a8fd4109e9f33c1185d5bf2def | https://github.com/openssl/openssl/commit/b5282d677551afda7d20e9c00e09561b547b2dfd | https://github.com/openssl/openssl/commit/bae259a211ada6315dc50900686daaaaaa55f482,,https://github.com/openssl/openssl/commit/5965ea5dd6960f36d8b7f74f8eac67a8eb8f2b45 | https://github.com/openssl/openssl/commit/9e91358f365dee6c446dcdcdb01c04d2743fd280 | https://github.com/openssl/openssl/commit/a79c4ce559c6a3a8fd4109e9f33c1185d5bf2def | https://github.com/openssl/openssl/commit/b5282d677551afda7d20e9c00e09561b547b2dfd | https://github.com/openssl/openssl/commit/bae259a211ada6315dc50900686daaaaaa55f482,,,,5965ea5dd6960f36d8b7f74f8eac67a8eb8f2b45 | 9e91358f365dee6c446dcdcdb01c04d2743fd280 | a79c4ce559c6a3a8fd4109e9f33c1185d5bf2def | b5282d677551afda7d20e9c00e09561b547b2dfd | bae259a211ada6315dc50900686daaaaaa55f482,,,
CVE-2026-1703,pip,22.2.2,Low,False,,0.00026,0.07184,no,,https://github.com/pypa/pip/pull/13777 | https://github.com/pypa/pip/commit/8e227a9be4faa9594e05d02ca05a413a2a4e7735,,https://github.com/pypa/pip/pull/13777 | https://github.com/pypa/pip/commit/8e227a9be4faa9594e05d02ca05a413a2a4e7735,,,,8e227a9be4faa9594e05d02ca05a413a2a4e7735,,,
CVE-2026-21441,urllib3,1.24.1,High,False,,0.0003,0.08719,no,,https://github.com/urllib3/urllib3/commit/8864ac407bba8607950025e0979c4c69bc7abc7b,,https://github.com/urllib3/urllib3/commit/8864ac407bba8607950025e0979c4c69bc7abc7b,,,8e049799777cdf592ae54ae762d140151766123c,0248277dd7ac0239204889ca991353ad3e3a1ddc,7.5,CVSS:3.1/AV:N/AC:L/PR:N/UI:N/S:U/C:N/I:N/A:H,3.1
CVE-2026-21860,werkzeug,0.11,Medium,False,,0.00022,0.06073,no,,https://github.com/pallets/werkzeug/commit/7ae1d254e04a0c33e241ac1cca4783ce6c875ca3,,https://github.com/pallets/werkzeug/commit/7ae1d254e04a0c33e241ac1cca4783ce6c875ca3,,,,e3d06f4b1f7ff40a63eba78f81d9cda18f805d6d,5.3,CVSS:3.1/AV:N/AC:L/PR:N/UI:N/S:U/C:N/I:N/A:L,3.1
CVE-2026-22795,openssl,1.1.1q,Medium,False,,0.00021,0.05724,no,,https://github.com/openssl/openssl/commit/2502e7b7d4c0cf4f972a881641fe09edc67aeec4 | https://github.com/openssl/openssl/commit/572844beca95068394c916626a6d3a490f831a49 | https://github.com/openssl/openssl/commit/7bbca05be55b129651d9df4bdb92becc45002c12 | https://github.com/openssl/openssl/commit/eeee3cbd4d682095ed431052f00403004596373e | https://github.com/openssl/openssl/commit/ef2fb66ec571564d64d1c74a12e388a2a54d05d2,,https://github.com/openssl/openssl/commit/2502e7b7d4c0cf4f972a881641fe09edc67aeec4 | https://github.com/openssl/openssl/commit/572844beca95068394c916626a6d3a490f831a49 | https://github.com/openssl/openssl/commit/7bbca05be55b129651d9df4bdb92becc45002c12 | https://github.com/openssl/openssl/commit/eeee3cbd4d682095ed431052f00403004596373e | https://github.com/openssl/openssl/commit/ef2fb66ec571564d64d1c74a12e388a2a54d05d2,,,e04bd3433fd84e1861bf258ea37928d9845e6a86 | 89cd17a031e022211684eb7eb41190cf1910f9fa | 4cb31128b5790819dfeea2739fbde265f71a10a2 | 98acb6b02839c609ef5b837794e08d906d965335 | 636dfadc70ce26f2473870570bfd9ec352806b1d | 7b371d80d959ec9ab4139d09d78e83c090de9779,e04bd3433fd84e1861bf258ea37928d9845e6a86 | a22063cd69a077cc68bb4c10e9f351f75899b194 | 4601ff25acd6c2fe58a8bfe241e6c470e27b8074 | 565bdcc41bbf89fcbaf962636469332689f0c9fd | 67b5686b4419b4cb8caa502711c41815f5279751 | c9a9e5b10105ad850b6e4d1122c645c67767c341 | 2502e7b7d4c0cf4f972a881641fe09edc67aeec4 | 572844beca95068394c916626a6d3a490f831a49,,,
CVE-2026-22796,openssl,1.1.1q,Medium,False,,0.00117,0.30286,no,,https://github.com/openssl/openssl/commit/572844beca95068394c916626a6d3a490f831a49 | https://github.com/openssl/openssl/commit/7bbca05be55b129651d9df4bdb92becc45002c12 | https://github.com/openssl/openssl/commit/eeee3cbd4d682095ed431052f00403004596373e | https://github.com/openssl/openssl/commit/ef2fb66ec571564d64d1c74a12e388a2a54d05d2 | https://github.com/openssl/openssl/commit/2502e7b7d4c0cf4f972a881641fe09edc67aeec4,,https://github.com/openssl/openssl/commit/572844beca95068394c916626a6d3a490f831a49 | https://github.com/openssl/openssl/commit/7bbca05be55b129651d9df4bdb92becc45002c12 | https://github.com/openssl/openssl/commit/eeee3cbd4d682095ed431052f00403004596373e | https://github.com/openssl/openssl/commit/ef2fb66ec571564d64d1c74a12e388a2a54d05d2 | https://github.com/openssl/openssl/commit/2502e7b7d4c0cf4f972a881641fe09edc67aeec4,,,e818b74be2170fbe957a07b0da4401c2b694b3b8 | e04bd3433fd84e1861bf258ea37928d9845e6a86 | 89cd17a031e022211684eb7eb41190cf1910f9fa | 4cb31128b5790819dfeea2739fbde265f71a10a2 | 98acb6b02839c609ef5b837794e08d906d965335 | 636dfadc70ce26f2473870570bfd9ec352806b1d | 7b371d80d959ec9ab4139d09d78e83c090de9779,e818b74be2170fbe957a07b0da4401c2b694b3b8 | e04bd3433fd84e1861bf258ea37928d9845e6a86 | a22063cd69a077cc68bb4c10e9f351f75899b194 | 4601ff25acd6c2fe58a8bfe241e6c470e27b8074 | 565bdcc41bbf89fcbaf962636469332689f0c9fd | 67b5686b4419b4cb8caa502711c41815f5279751 | c9a9e5b10105ad850b6e4d1122c645c67767c341 | 2502e7b7d4c0cf4f972a881641fe09edc67aeec4,,,
CVE-2026-25645,requests,2.21.0,Medium,False,,4e-05,0.00197,no,,https://github.com/psf/requests/commit/66d21cb07bd6255b1280291c4fafb71803cdb3b7,,https://github.com/psf/requests/commit/66d21cb07bd6255b1280291c4fafb71803cdb3b7,,,,bc04dfd6dad4cb02cd92f5daa81eb562d280a761,5.5,CVSS:3.1/AV:L/AC:L/PR:L/UI:N/S:U/C:N/I:H/A:N,3.1
CVE-2026-25679,stdlib,go1.15.2,High,False,,0.00051,0.15881,no,,,,,,,,,,,
CVE-2026-27139,stdlib,go1.15.2,Low,False,,8e-05,0.00716,no,,,,,,,,,,,
CVE-2026-27140,stdlib,go1.15.2,High,False,,0.00014,0.02746,no,,,,,,,,,,,
CVE-2026-27142,stdlib,go1.15.2,Medium,False,,0.00015,0.03399,no,,,,,,,,,,,
CVE-2026-27143,stdlib,go1.15.2,Critical,False,,0.00018,0.04556,no,,,,,,,,,,,
CVE-2026-27144,stdlib,go1.15.2,High,False,,6e-05,0.00313,no,,,,,,,,,,,
CVE-2026-27171,zlib,1.2.12,Medium,False,,7e-05,0.00659,no,,,,,,,,da607da739fa6047df13e66a2af6b8bec7c2a498,,,
CVE-2026-27199,werkzeug,0.11,Medium,False,,0.0002,0.05461,no,,https://github.com/pallets/werkzeug/commit/f407712fdc60a09c2b3f4fe7db557703e5d9338d,,https://github.com/pallets/werkzeug/commit/f407712fdc60a09c2b3f4fe7db557703e5d9338d,,,,04da1b5221b7a7b57e82246e4b5741d37a6b2e56,5.3,CVSS:3.1/AV:N/AC:L/PR:N/UI:N/S:U/C:N/I:N/A:L,3.1
CVE-2026-27205,flask,1.0.3,Low,False,,0.00011,0.01432,no,,https://github.com/pallets/flask/commit/089cb86dd22bff589a4eafb7ab8e42dc357623b4,,https://github.com/pallets/flask/commit/089cb86dd22bff589a4eafb7ab8e42dc357623b4,,,,22d924701a6ae2e4cd01e9a15bbaf3946094af65,4.3,CVSS:3.1/AV:N/AC:L/PR:N/UI:R/S:U/C:L/I:N/A:N,3.1
CVE-2026-28387,openssl,1.1.1q,Unknown,False,,0.00015,0.03337,no,,,,,,,,,,,
CVE-2026-28388,openssl,1.1.1q,High,False,,0.00026,0.07207,no,,,,,,,,,,,
CVE-2026-28389,openssl,1.1.1q,High,False,,0.0005,0.15402,no,,,,,,,,,,,
CVE-2026-28390,openssl,1.1.1q,High,False,,0.0005,0.15402,no,,,,,,,,,,,
CVE-2026-2950,lodash,4.17.4,Medium,False,,0.00023,0.06255,no,,,,,,,,,5.3,CVSS:3.1/AV:N/AC:L/PR:N/UI:N/S:U/C:N/I:L/A:N,3.1
CVE-2026-31789,openssl,3.0.5,Unknown,False,,9e-05,0.00889,no,,,,,,,,,,,
CVE-2026-31790,openssl,3.0.5,High,False,,0.00017,0.04414,no,,,,,,,,,,,
CVE-2026-31958,tornado,5.1.1,High,False,,0.00032,0.09332,no,,,,,,,,7d6465056ceb7a054b3f64cf1c18271753b10482,7.5,CVSS:3.1/AV:N/AC:L/PR:N/UI:N/S:U/C:N/I:N/A:H,3.1
CVE-2026-32280,stdlib,go1.15.2,High,False,,0.00017,0.04387,no,,,,,,,,,,,
CVE-2026-32281,stdlib,go1.15.2,High,False,,0.00018,0.04595,no,,,,,,,,,,,
CVE-2026-32282,stdlib,go1.15.2,Medium,False,,8e-05,0.0081,no,,,,,,,,,,,
CVE-2026-32283,stdlib,go1.15.2,High,False,,0.00017,0.04249,no,,,,,,,,,,,
CVE-2026-32285,github.com/buger/jsonparser,v1.1.1,High,False,,0.00054,0.17045,no,,,,,,,,,,,
CVE-2026-32288,stdlib,go1.15.2,Medium,False,,4e-05,0.00173,no,,,,,,,,,,,
CVE-2026-32289,stdlib,go1.15.2,Medium,False,,0.0001,0.01189,no,,,,,,,,,,,
CVE-2026-32597,pyjwt,1.7.1,High,False,,0.0001,0.01126,no,,,,,,,,bd9700cca7f9258fadcc429c1034e508025931f2,,,
CVE-2026-33186,google.golang.org/grpc,v1.38.0,Critical,False,,0.00023,0.06277,no,,,,,,,,dda86dbd9cecb8b35b58c73d507d81d67761205f,,,
CVE-2026-33540,github.com/distribution/distribution/v3,v3.0.0,High,False,,0.00037,0.1113,no,,,,,,,,,,,
CVE-2026-33747,github.com/moby/buildkit,v0.27.1,High,False,,0.00055,0.1735,no,,,,,,,,45b038cd0b2ec2d34013ce0f085522276f7ee0d8,9.8,CVSS:3.1/AV:N/AC:L/PR:N/UI:N/S:U/C:H/I:H/A:H,3.1
CVE-2026-33748,github.com/moby/buildkit,v0.27.1,High,False,,0.00028,0.07929,no,,,,,,,,45b038cd0b2ec2d34013ce0f085522276f7ee0d8,7.5,CVSS:3.1/AV:N/AC:L/PR:N/UI:N/S:U/C:H/I:N/A:N,3.1
CVE-2026-33762,github.com/go-git/go-git/v5,v5.17.0,Low,False,,0.00014,0.02433,no,,,,,,,,5e23dfd02db92644dc4a3358ceb297fce875b772,,,
CVE-2026-33816,github.com/jackc/pgx/v5,v5.7.5,Critical,False,,0.00056,0.17582,no,,,,,,,,,,,
CVE-2026-33997,github.com/docker/docker,v20.10.11+incompatible,Medium,False,,0.00015,0.0319,no,,,,,,,,f78c987ad3710cacffe47fce696975ecb337148d,8.1,CVSS:3.1/AV:N/AC:L/PR:N/UI:R/S:U/C:H/I:H/A:N,3.1
CVE-2026-34040,github.com/docker/docker,v20.10.11+incompatible,High,False,,8e-05,0.007,no,,,,,,,,f78c987ad3710cacffe47fce696975ecb337148d,7.8,CVSS:3.1/AV:L/AC:L/PR:L/UI:N/S:U/C:H/I:H/A:H,3.1
CVE-2026-34165,github.com/go-git/go-git/v5,v5.17.0,Medium,False,,5e-05,0.00285,no,,,,,,,9d0f15c4fa712cdacfa3887e9baac918f093fbf6,5e23dfd02db92644dc4a3358ceb297fce875b772,,,
CVE-2026-34986,github.com/go-jose/go-jose/v4,v4.1.3,High,False,,0.00019,0.05291,no,,,,,,,,,,,
CVE-2026-35172,github.com/distribution/distribution/v3,v3.0.0,High,False,,0.00042,0.12626,no,,,,,,,,,,,
CVE-2026-35206,helm.sh/helm/v3,v3.20.1,Medium,False,,0.00012,0.01771,no,,,,,,,,,4.4,CVSS:3.1/AV:L/AC:L/PR:N/UI:R/S:U/C:N/I:L/A:L,3.1
CVE-2026-35536,tornado,5.1.1,High,False,,0.00051,0.15781,no,,,,,,,,,5.3,CVSS:3.1/AV:N/AC:L/PR:N/UI:N/S:U/C:N/I:L/A:N,3.1
CVE-2026-39882,go.opentelemetry.io/otel/exporters/otlp/otlplog/otlploghttp,v0.8.0,Medium,False,,7e-05,0.00472,no,,,,,,,,,,,
CVE-2026-39883,go.opentelemetry.io/otel/sdk,v1.41.0,High,False,,8e-05,0.00734,no,,,,,,,,,7,CVSS:3.1/AV:L/AC:H/PR:L/UI:N/S:U/C:H/I:H/A:H,3.1
CVE-2026-39984,github.com/sigstore/timestamp-authority/v2,v2.0.3,Medium,False,,8e-05,0.00741,no,,,,,,,,,,,
CVE-2026-4539,pygments,2.19.2,Low,False,,6e-05,0.00441,no,,,,,,,,,,,
CVE-2026-4660,github.com/hashicorp/go-getter,v1.8.5,High,False,,0.00015,0.02862,no,,,,,,,,,,,
CVE-2026-4800,lodash,4.17.4,High,False,,0.00037,0.11017,no,,,,,,,,,9.8,CVSS:3.1/AV:N/AC:L/PR:N/UI:N/S:U/C:H/I:H/A:H,3.1
