vendor,product,version,location,cve_number,severity,score,source,cvss_version,cvss_vector,paths,remarks,comments
unknown,base64,0.2.1,/usr/bin/base64,CVE-2017-1000430,CRITICAL,9.8,NVD,3,CVSS:3.0/AV:N/AC:L/PR:N/UI:N/S:U/C:H/I:H/A:H,,NewFound,
unknown,ajv,4.11.5,NotFound,CVE-2025-69873,LOW,2.9,GAD,3,CVSS:3.1/AV:L/AC:H/PR:N/UI:N/S:U/C:N/I:N/A:L,,NewFound,
unknown,ajv,4.11.8,NotFound,CVE-2025-69873,LOW,2.9,GAD,3,CVSS:3.1/AV:L/AC:H/PR:N/UI:N/S:U/C:N/I:N/A:L,,NewFound,
unknown,ajv,6.12.3,NotFound,CVE-2025-69873,LOW,2.9,GAD,3,CVSS:3.1/AV:L/AC:H/PR:N/UI:N/S:U/C:N/I:N/A:L,,NewFound,
unknown,ajv,6.12.6,NotFound,CVE-2025-69873,LOW,2.9,GAD,3,CVSS:3.1/AV:L/AC:H/PR:N/UI:N/S:U/C:N/I:N/A:L,,NewFound,
unknown,ajv,8.11.0,NotFound,CVE-2025-69873,LOW,2.9,GAD,3,CVSS:3.1/AV:L/AC:H/PR:N/UI:N/S:U/C:N/I:N/A:L,,NewFound,
unknown,ajv,8.16.0,NotFound,CVE-2025-69873,LOW,2.9,GAD,3,CVSS:3.1/AV:L/AC:H/PR:N/UI:N/S:U/C:N/I:N/A:L,,NewFound,
unknown,ansi-html,0.0.5,/usr/lib/python3.12/html,CVE-2021-23424,HIGH,7.5,NVD,3,CVSS:3.1/AV:N/AC:L/PR:N/UI:N/S:U/C:N/I:N/A:H,,NewFound,
ansi-html_project,ansi-html,0.0.5,/usr/lib/python3.12/html,CVE-2021-23424,HIGH,7.5,NVD,3,CVSS:3.1/AV:N/AC:L/PR:N/UI:N/S:U/C:N/I:N/A:H,,NewFound,
unknown,ansi-html,0.0.7,/usr/lib/python3.12/html,CVE-2021-23424,HIGH,7.5,NVD,3,CVSS:3.1/AV:N/AC:L/PR:N/UI:N/S:U/C:N/I:N/A:H,,NewFound,
ansi-html_project,ansi-html,0.0.7,/usr/lib/python3.12/html,CVE-2021-23424,HIGH,7.5,NVD,3,CVSS:3.1/AV:N/AC:L/PR:N/UI:N/S:U/C:N/I:N/A:H,,NewFound,
unknown,ansi-regex,3.0.0,NotFound,CVE-2021-3807,HIGH,7.5,NVD,3,CVSS:3.1/AV:N/AC:L/PR:N/UI:N/S:U/C:N/I:N/A:H,,NewFound,
ansi-regex_project,ansi-regex,3.0.0,NotFound,CVE-2021-3807,HIGH,7.5,NVD,3,CVSS:3.1/AV:N/AC:L/PR:N/UI:N/S:U/C:N/I:N/A:H,,NewFound,
unknown,ansi-regex,4.1.0,NotFound,CVE-2021-3807,HIGH,7.5,NVD,3,CVSS:3.1/AV:N/AC:L/PR:N/UI:N/S:U/C:N/I:N/A:H,,NewFound,
ansi-regex_project,ansi-regex,4.1.0,NotFound,CVE-2021-3807,HIGH,7.5,NVD,3,CVSS:3.1/AV:N/AC:L/PR:N/UI:N/S:U/C:N/I:N/A:H,,NewFound,
unknown,ansi-regex,5.0.0,NotFound,CVE-2021-3807,HIGH,7.5,NVD,3,CVSS:3.1/AV:N/AC:L/PR:N/UI:N/S:U/C:N/I:N/A:H,,NewFound,
ansi-regex_project,ansi-regex,5.0.0,NotFound,CVE-2021-3807,HIGH,7.5,NVD,3,CVSS:3.1/AV:N/AC:L/PR:N/UI:N/S:U/C:N/I:N/A:H,,NewFound,
unknown,archiver,2.1.1,NotFound,CVE-2019-10743,MEDIUM,5.5,NVD,3,CVSS:3.1/AV:L/AC:L/PR:N/UI:R/S:U/C:N/I:H/A:N,,NewFound,
unknown,archiver,2.1.1,NotFound,CVE-2025-3445,HIGH,8.1,GAD,3,CVSS:3.1/AV:N/AC:H/PR:N/UI:N/S:C/C:L/I:H/A:L,,NewFound,
cloudfoundry,archiver,2.1.1,NotFound,CVE-2018-25046,CRITICAL,9.1,NVD,3,CVSS:3.1/AV:N/AC:L/PR:N/UI:N/S:U/C:N/I:H/A:H,,NewFound,
gfi,archiver,2.1.1,NotFound,CVE-2021-29281,CRITICAL,9.8,NVD,3,CVSS:3.1/AV:N/AC:L/PR:N/UI:N/S:U/C:H/I:H/A:H,,NewFound,
gfi,archiver,2.1.1,NotFound,CVE-2024-11947,HIGH,8.8,NVD,3,CVSS:3.1/AV:N/AC:L/PR:L/UI:N/S:U/C:H/I:H/A:H,,NewFound,
gfi,archiver,2.1.1,NotFound,CVE-2024-11948,CRITICAL,9.8,NVD,3,CVSS:3.1/AV:N/AC:L/PR:N/UI:N/S:U/C:H/I:H/A:H,,NewFound,
gfi,archiver,2.1.1,NotFound,CVE-2024-11949,HIGH,8.8,NVD,3,CVSS:3.1/AV:N/AC:L/PR:L/UI:N/S:U/C:H/I:H/A:H,,NewFound,
unknown,archiver,3.1.1,NotFound,CVE-2019-10743,MEDIUM,5.5,NVD,3,CVSS:3.1/AV:L/AC:L/PR:N/UI:R/S:U/C:N/I:H/A:N,,NewFound,
unknown,archiver,3.1.1,NotFound,CVE-2024-0406,MEDIUM,6.1,GAD,3,CVSS:3.1/AV:L/AC:L/PR:N/UI:R/S:U/C:L/I:H/A:N,,NewFound,
unknown,archiver,3.1.1,NotFound,CVE-2025-3445,HIGH,8.1,GAD,3,CVSS:3.1/AV:N/AC:H/PR:N/UI:N/S:C/C:L/I:H/A:L,,NewFound,
archiver_project,archiver,3.1.1,NotFound,CVE-2019-10743,MEDIUM,5.5,NVD,3,CVSS:3.1/AV:L/AC:L/PR:N/UI:R/S:U/C:N/I:H/A:N,,NewFound,
cloudfoundry,archiver,3.1.1,NotFound,CVE-2018-25046,CRITICAL,9.1,NVD,3,CVSS:3.1/AV:N/AC:L/PR:N/UI:N/S:U/C:N/I:H/A:H,,NewFound,
gfi,archiver,3.1.1,NotFound,CVE-2021-29281,CRITICAL,9.8,NVD,3,CVSS:3.1/AV:N/AC:L/PR:N/UI:N/S:U/C:H/I:H/A:H,,NewFound,
gfi,archiver,3.1.1,NotFound,CVE-2024-11947,HIGH,8.8,NVD,3,CVSS:3.1/AV:N/AC:L/PR:L/UI:N/S:U/C:H/I:H/A:H,,NewFound,
gfi,archiver,3.1.1,NotFound,CVE-2024-11948,CRITICAL,9.8,NVD,3,CVSS:3.1/AV:N/AC:L/PR:N/UI:N/S:U/C:H/I:H/A:H,,NewFound,
gfi,archiver,3.1.1,NotFound,CVE-2024-11949,HIGH,8.8,NVD,3,CVSS:3.1/AV:N/AC:L/PR:L/UI:N/S:U/C:H/I:H/A:H,,NewFound,
mholt,archiver,3.1.1,NotFound,CVE-2024-0406,MEDIUM,6.1,GAD,3,CVSS:3.1/AV:L/AC:L/PR:N/UI:R/S:U/C:L/I:H/A:N,,NewFound,
unknown,async,0.2.10,NotFound,CVE-2021-43138,HIGH,7.8,NVD,3,CVSS:3.1/AV:L/AC:L/PR:N/UI:R/S:U/C:H/I:H/A:H,,NewFound,
async_project,async,0.2.10,NotFound,CVE-2021-43138,HIGH,7.8,NVD,3,CVSS:3.1/AV:L/AC:L/PR:N/UI:R/S:U/C:H/I:H/A:H,,NewFound,
unknown,async,0.9.2,NotFound,CVE-2021-43138,HIGH,7.8,NVD,3,CVSS:3.1/AV:L/AC:L/PR:N/UI:R/S:U/C:H/I:H/A:H,,NewFound,
async_project,async,0.9.2,NotFound,CVE-2021-43138,HIGH,7.8,NVD,3,CVSS:3.1/AV:L/AC:L/PR:N/UI:R/S:U/C:H/I:H/A:H,,NewFound,
unknown,async,1.5.2,NotFound,CVE-2021-43138,HIGH,7.8,NVD,3,CVSS:3.1/AV:L/AC:L/PR:N/UI:R/S:U/C:H/I:H/A:H,,NewFound,
async_project,async,1.5.2,NotFound,CVE-2021-43138,HIGH,7.8,NVD,3,CVSS:3.1/AV:L/AC:L/PR:N/UI:R/S:U/C:H/I:H/A:H,,NewFound,
unknown,async,2.5.0,NotFound,CVE-2021-43138,HIGH,7.8,NVD,3,CVSS:3.1/AV:L/AC:L/PR:N/UI:R/S:U/C:H/I:H/A:H,,NewFound,
async_project,async,2.5.0,NotFound,CVE-2021-43138,HIGH,7.8,NVD,3,CVSS:3.1/AV:L/AC:L/PR:N/UI:R/S:U/C:H/I:H/A:H,,NewFound,
unknown,async,2.6.3,NotFound,CVE-2021-43138,HIGH,7.8,NVD,3,CVSS:3.1/AV:L/AC:L/PR:N/UI:R/S:U/C:H/I:H/A:H,,NewFound,
async_project,async,2.6.3,NotFound,CVE-2021-43138,HIGH,7.8,NVD,3,CVSS:3.1/AV:L/AC:L/PR:N/UI:R/S:U/C:H/I:H/A:H,,NewFound,
unknown,axios,1.7.4,NotFound,CVE-2025-27152,MEDIUM,5.3,GAD,3,CVSS:3.1/AV:N/AC:L/PR:N/UI:N/S:U/C:L/I:N/A:N,,NewFound,
unknown,axios,1.7.4,NotFound,CVE-2025-58754,HIGH,7.5,GAD,3,CVSS:3.1/AV:N/AC:L/PR:N/UI:N/S:U/C:N/I:N/A:H,,NewFound,
unknown,axios,1.7.4,NotFound,CVE-2026-25639,HIGH,7.5,GAD,3,CVSS:3.1/AV:N/AC:L/PR:N/UI:N/S:U/C:N/I:N/A:H,,NewFound,
unknown,axios,1.7.7,NotFound,CVE-2025-27152,MEDIUM,5.3,GAD,3,CVSS:3.1/AV:N/AC:L/PR:N/UI:N/S:U/C:L/I:N/A:N,,NewFound,
unknown,axios,1.7.7,NotFound,CVE-2025-58754,HIGH,7.5,GAD,3,CVSS:3.1/AV:N/AC:L/PR:N/UI:N/S:U/C:N/I:N/A:H,,NewFound,
unknown,axios,1.7.7,NotFound,CVE-2026-25639,HIGH,7.5,GAD,3,CVSS:3.1/AV:N/AC:L/PR:N/UI:N/S:U/C:N/I:N/A:H,,NewFound,
babeljs,babel-plugin-transform-runtime,6.22.0,NotFound,CVE-2023-45133,HIGH,8.8,NVD,3,CVSS:3.1/AV:L/AC:L/PR:L/UI:N/S:C/C:H/I:H/A:H,,NewFound,
babeljs,babel-plugin-transform-runtime,6.23.0,NotFound,CVE-2023-45133,HIGH,8.8,NVD,3,CVSS:3.1/AV:L/AC:L/PR:L/UI:N/S:C/C:H/I:H/A:H,,NewFound,
babeljs,babel-preset-env,1.2.1,NotFound,CVE-2023-45133,HIGH,8.8,NVD,3,CVSS:3.1/AV:L/AC:L/PR:L/UI:N/S:C/C:H/I:H/A:H,,NewFound,
babeljs,babel-preset-env,1.5.2,NotFound,CVE-2023-45133,HIGH,8.8,NVD,3,CVSS:3.1/AV:L/AC:L/PR:L/UI:N/S:C/C:H/I:H/A:H,,NewFound,
babeljs,babel-preset-env,1.6.1,NotFound,CVE-2023-45133,HIGH,8.8,NVD,3,CVSS:3.1/AV:L/AC:L/PR:L/UI:N/S:C/C:H/I:H/A:H,,NewFound,
unknown,babel-traverse,6.26.0,NotFound,CVE-2023-45133,HIGH,8.8,NVD,3,CVSS:3.1/AV:L/AC:L/PR:L/UI:N/S:C/C:H/I:H/A:H,,NewFound,
unknown,base,0.11.2,NotFound,CVE-2017-1000217,HIGH,8.8,GAD,3,CVSS:3.0/AV:N/AC:L/PR:N/UI:R/S:U/C:H/I:H/A:H,,NewFound,
unknown,base,0.11.2,NotFound,CVE-2020-5230,HIGH,7.5,NVD,3,CVSS:3.1/AV:N/AC:L/PR:N/UI:N/S:U/C:N/I:H/A:N,,NewFound,
unknown,base-x,3.0.10,NotFound,CVE-2025-27611,HIGH,7.5,GAD,3,CVSS:3.1/AV:N/AC:L/PR:N/UI:N/S:U/C:N/I:H/A:N,,NewFound,
unknown,basic-ftp,5.0.5,NotFound,CVE-2026-27699,CRITICAL,9.1,GAD,3,CVSS:3.1/AV:N/AC:L/PR:N/UI:N/S:U/C:N/I:H/A:H,,NewFound,
unknown,bn.js,4.11.8,NotFound,CVE-2026-2739,MEDIUM,5.3,GAD,3,CVSS:3.1/AV:N/AC:L/PR:N/UI:N/S:U/C:N/I:N/A:L,,NewFound,
unknown,bn.js,4.11.9,NotFound,CVE-2026-2739,MEDIUM,5.3,GAD,3,CVSS:3.1/AV:N/AC:L/PR:N/UI:N/S:U/C:N/I:N/A:L,,NewFound,
unknown,bn.js,4.12.0,NotFound,CVE-2026-2739,MEDIUM,5.3,GAD,3,CVSS:3.1/AV:N/AC:L/PR:N/UI:N/S:U/C:N/I:N/A:L,,NewFound,
unknown,bn.js,4.12.1,NotFound,CVE-2026-2739,MEDIUM,5.3,GAD,3,CVSS:3.1/AV:N/AC:L/PR:N/UI:N/S:U/C:N/I:N/A:L,,NewFound,
unknown,bn.js,5.2.0,NotFound,CVE-2026-2739,MEDIUM,5.3,GAD,3,CVSS:3.1/AV:N/AC:L/PR:N/UI:N/S:U/C:N/I:N/A:L,,NewFound,
unknown,bn.js,5.2.1,NotFound,CVE-2026-2739,MEDIUM,5.3,GAD,3,CVSS:3.1/AV:N/AC:L/PR:N/UI:N/S:U/C:N/I:N/A:L,,NewFound,
unknown,body-parser,1.18.2,NotFound,CVE-2024-45590,HIGH,7.5,NVD,3,CVSS:3.1/AV:N/AC:L/PR:N/UI:N/S:U/C:N/I:N/A:H,,NewFound,
openjsf,body-parser,1.18.2,NotFound,CVE-2024-45590,HIGH,7.5,NVD,3,CVSS:3.1/AV:N/AC:L/PR:N/UI:N/S:U/C:N/I:N/A:H,,NewFound,
unknown,body-parser,1.19.0,NotFound,CVE-2024-45590,HIGH,7.5,NVD,3,CVSS:3.1/AV:N/AC:L/PR:N/UI:N/S:U/C:N/I:N/A:H,,NewFound,
openjsf,body-parser,1.19.0,NotFound,CVE-2024-45590,HIGH,7.5,NVD,3,CVSS:3.1/AV:N/AC:L/PR:N/UI:N/S:U/C:N/I:N/A:H,,NewFound,
unknown,body-parser,1.19.2,NotFound,CVE-2024-45590,HIGH,7.5,NVD,3,CVSS:3.1/AV:N/AC:L/PR:N/UI:N/S:U/C:N/I:N/A:H,,NewFound,
openjsf,body-parser,1.19.2,NotFound,CVE-2024-45590,HIGH,7.5,NVD,3,CVSS:3.1/AV:N/AC:L/PR:N/UI:N/S:U/C:N/I:N/A:H,,NewFound,
unknown,body-parser,1.20.1,NotFound,CVE-2024-45590,HIGH,7.5,NVD,3,CVSS:3.1/AV:N/AC:L/PR:N/UI:N/S:U/C:N/I:N/A:H,,NewFound,
openjsf,body-parser,1.20.1,NotFound,CVE-2024-45590,HIGH,7.5,NVD,3,CVSS:3.1/AV:N/AC:L/PR:N/UI:N/S:U/C:N/I:N/A:H,,NewFound,
unknown,body-parser,1.20.2,NotFound,CVE-2024-45590,HIGH,7.5,NVD,3,CVSS:3.1/AV:N/AC:L/PR:N/UI:N/S:U/C:N/I:N/A:H,,NewFound,
openjsf,body-parser,1.20.2,NotFound,CVE-2024-45590,HIGH,7.5,NVD,3,CVSS:3.1/AV:N/AC:L/PR:N/UI:N/S:U/C:N/I:N/A:H,,NewFound,
unknown,body-parser,2.2.0,NotFound,CVE-2025-13466,MEDIUM,5.3,GAD,3,CVSS:3.1/AV:N/AC:L/PR:N/UI:N/S:U/C:N/I:N/A:L,,NewFound,
apple,bonjour,3.5.0,NotFound,CVE-2011-0220,MEDIUM,5.5,NVD,3,CVSS:3.1/AV:L/AC:L/PR:L/UI:N/S:U/C:N/I:N/A:H,,NewFound,
unknown,brace-expansion,1.1.11,NotFound,CVE-2025-5889,UNKNOWN,unknown,NVD,unknown,unknown,,NewFound,
unknown,brace-expansion,1.1.11,NotFound,CVE-2026-25547,HIGH,7.5,GAD,3,CVSS:3.1/AV:N/AC:L/PR:N/UI:N/S:U/C:N/I:N/A:H,,NewFound,
unknown,brace-expansion,1.1.11,NotFound,GHSA-7h2j-956f-4vf2,HIGH,8.6,GAD,3,CVSS:3.1/AV:N/AC:L/PR:N/UI:N/S:C/C:N/I:N/A:H,,NewFound,
unknown,braces,1.8.5,NotFound,CVE-2024-4068,UNKNOWN,unknown,NVD,unknown,unknown,,NewFound,
unknown,braces,1.8.5,NotFound,GHSA-g95f-p29q-9xw4,LOW,3.7,GAD,3,CVSS:3.1/AV:N/AC:H/PR:N/UI:N/S:U/C:N/I:N/A:L,,NewFound,
unknown,braces,1.8.5,NotFound,GMS-2019-117,UNKNOWN,unknown,GAD,unknown,unknown,,NewFound,
unknown,braces,1.8.5,NotFound,GMS-2019-5,UNKNOWN,unknown,GAD,unknown,unknown,,NewFound,
braces_project,braces,1.8.5,NotFound,CVE-2018-1109,MEDIUM,5.3,GAD,3,CVSS:3.1/AV:N/AC:L/PR:N/UI:N/S:U/C:N/I:N/A:L,,NewFound,
jonschlinkert,braces,1.8.5,NotFound,CVE-2024-4068,UNKNOWN,unknown,NVD,unknown,unknown,,NewFound,
unknown,braces,2.3.2,NotFound,CVE-2024-4068,UNKNOWN,unknown,NVD,unknown,unknown,,NewFound,
jonschlinkert,braces,2.3.2,NotFound,CVE-2024-4068,UNKNOWN,unknown,NVD,unknown,unknown,,NewFound,
unknown,braces,3.0.2,NotFound,CVE-2024-4068,UNKNOWN,unknown,NVD,unknown,unknown,,NewFound,
jonschlinkert,braces,3.0.2,NotFound,CVE-2024-4068,UNKNOWN,unknown,NVD,unknown,unknown,,NewFound,
unknown,cached-path-relative,1.0.1,NotFound,CVE-2018-16472,HIGH,7.5,NVD,3,CVSS:3.1/AV:N/AC:L/PR:N/UI:N/S:U/C:N/I:N/A:H,,NewFound,
unknown,cached-path-relative,1.0.1,NotFound,CVE-2021-23518,CRITICAL,9.8,NVD,3,CVSS:3.1/AV:N/AC:L/PR:N/UI:N/S:U/C:H/I:H/A:H,,NewFound,
cached-path-relative_project,cached-path-relative,1.0.1,NotFound,CVE-2018-16472,HIGH,7.5,NVD,3,CVSS:3.1/AV:N/AC:L/PR:N/UI:N/S:U/C:N/I:N/A:H,,NewFound,
cached-path-relative_project,cached-path-relative,1.0.1,NotFound,CVE-2021-23518,CRITICAL,9.8,NVD,3,CVSS:3.1/AV:N/AC:L/PR:N/UI:N/S:U/C:H/I:H/A:H,,NewFound,
unknown,canvas,3.1.0,NotFound,CVE-2017-1000507,MEDIUM,5.4,NVD,3,CVSS:3.0/AV:N/AC:L/PR:L/UI:R/S:C/C:L/I:L/A:N,,NewFound,
unknown,chrome-launcher,0.10.5,NotFound,CVE-2020-7645,CRITICAL,9.8,NVD,3,CVSS:3.1/AV:N/AC:L/PR:N/UI:N/S:U/C:H/I:H/A:H,,NewFound,
google,chrome-launcher,0.10.5,NotFound,CVE-2020-7645,CRITICAL,9.8,NVD,3,CVSS:3.1/AV:N/AC:L/PR:N/UI:N/S:U/C:H/I:H/A:H,,NewFound,
unknown,cipher-base,1.0.4,NotFound,CVE-2025-9287,CRITICAL,9.1,GAD,3,CVSS:3.1/AV:N/AC:L/PR:N/UI:N/S:U/C:N/I:H/A:H,,NewFound,
unknown,clean-css,3.4.23,NotFound,GMS-2019-15,UNKNOWN,unknown,GAD,unknown,unknown,,NewFound,
unknown,clean-css,4.1.7,NotFound,GMS-2019-15,UNKNOWN,unknown,GAD,unknown,unknown,,NewFound,
unknown,clean-css,4.1.9,NotFound,GMS-2019-15,UNKNOWN,unknown,GAD,unknown,unknown,,NewFound,
backupbliss,clone,1.0.2,NotFound,CVE-2023-0958,MEDIUM,6.5,NVD,3,CVSS:3.1/AV:N/AC:L/PR:L/UI:N/S:U/C:N/I:H/A:N,,NewFound,
backupbliss,clone,1.0.2,NotFound,CVE-2023-3977,MEDIUM,4.3,NVD,3,CVSS:3.1/AV:N/AC:L/PR:N/UI:R/S:U/C:N/I:L/A:N,,NewFound,
backupbliss,clone,1.0.2,NotFound,CVE-2023-6750,HIGH,7.5,NVD,3,CVSS:3.1/AV:N/AC:L/PR:N/UI:N/S:U/C:H/I:N/A:N,,NewFound,
backupbliss,clone,1.0.2,NotFound,CVE-2024-43297,HIGH,8.8,NVD,3,CVSS:3.1/AV:N/AC:L/PR:L/UI:N/S:U/C:H/I:H/A:H,,NewFound,
backupbliss,clone,1.0.2,NotFound,CVE-2024-43298,HIGH,8.8,NVD,3,CVSS:3.1/AV:N/AC:L/PR:L/UI:N/S:U/C:H/I:H/A:H,,NewFound,
backupbliss,clone,1.0.3,NotFound,CVE-2023-0958,MEDIUM,6.5,NVD,3,CVSS:3.1/AV:N/AC:L/PR:L/UI:N/S:U/C:N/I:H/A:N,,NewFound,
backupbliss,clone,1.0.3,NotFound,CVE-2023-3977,MEDIUM,4.3,NVD,3,CVSS:3.1/AV:N/AC:L/PR:N/UI:R/S:U/C:N/I:L/A:N,,NewFound,
backupbliss,clone,1.0.3,NotFound,CVE-2023-6750,HIGH,7.5,NVD,3,CVSS:3.1/AV:N/AC:L/PR:N/UI:N/S:U/C:H/I:N/A:N,,NewFound,
backupbliss,clone,1.0.3,NotFound,CVE-2024-43297,HIGH,8.8,NVD,3,CVSS:3.1/AV:N/AC:L/PR:L/UI:N/S:U/C:H/I:H/A:H,,NewFound,
backupbliss,clone,1.0.3,NotFound,CVE-2024-43298,HIGH,8.8,NVD,3,CVSS:3.1/AV:N/AC:L/PR:L/UI:N/S:U/C:H/I:H/A:H,,NewFound,
backupbliss,clone,1.0.4,NotFound,CVE-2023-0958,MEDIUM,6.5,NVD,3,CVSS:3.1/AV:N/AC:L/PR:L/UI:N/S:U/C:N/I:H/A:N,,NewFound,
backupbliss,clone,1.0.4,NotFound,CVE-2023-3977,MEDIUM,4.3,NVD,3,CVSS:3.1/AV:N/AC:L/PR:N/UI:R/S:U/C:N/I:L/A:N,,NewFound,
backupbliss,clone,1.0.4,NotFound,CVE-2023-6750,HIGH,7.5,NVD,3,CVSS:3.1/AV:N/AC:L/PR:N/UI:N/S:U/C:H/I:N/A:N,,NewFound,
backupbliss,clone,1.0.4,NotFound,CVE-2024-43297,HIGH,8.8,NVD,3,CVSS:3.1/AV:N/AC:L/PR:L/UI:N/S:U/C:H/I:H/A:H,,NewFound,
backupbliss,clone,1.0.4,NotFound,CVE-2024-43298,HIGH,8.8,NVD,3,CVSS:3.1/AV:N/AC:L/PR:L/UI:N/S:U/C:H/I:H/A:H,,NewFound,
backupbliss,clone,2.1.2,NotFound,CVE-2023-0958,MEDIUM,6.5,NVD,3,CVSS:3.1/AV:N/AC:L/PR:L/UI:N/S:U/C:N/I:H/A:N,,NewFound,
backupbliss,clone,2.1.2,NotFound,CVE-2023-3977,MEDIUM,4.3,NVD,3,CVSS:3.1/AV:N/AC:L/PR:N/UI:R/S:U/C:N/I:L/A:N,,NewFound,
backupbliss,clone,2.1.2,NotFound,CVE-2023-6750,HIGH,7.5,NVD,3,CVSS:3.1/AV:N/AC:L/PR:N/UI:N/S:U/C:H/I:N/A:N,,NewFound,
backupbliss,clone,2.1.2,NotFound,CVE-2024-43297,HIGH,8.8,NVD,3,CVSS:3.1/AV:N/AC:L/PR:L/UI:N/S:U/C:H/I:H/A:H,,NewFound,
backupbliss,clone,2.1.2,NotFound,CVE-2024-43298,HIGH,8.8,NVD,3,CVSS:3.1/AV:N/AC:L/PR:L/UI:N/S:U/C:H/I:H/A:H,,NewFound,
unknown,color-string,0.3.0,NotFound,CVE-2021-29060,MEDIUM,5.3,NVD,3,CVSS:3.1/AV:N/AC:L/PR:N/UI:N/S:U/C:N/I:N/A:L,,NewFound,
color-string_project,color-string,0.3.0,NotFound,CVE-2021-29060,MEDIUM,5.3,NVD,3,CVSS:3.1/AV:N/AC:L/PR:N/UI:N/S:U/C:N/I:N/A:L,,NewFound,
unknown,connect,3.6.2,NotFound,2018-06-08-1,UNKNOWN,unknown,GAD,unknown,unknown,,NewFound,
unknown,connect,3.6.2,NotFound,CVE-2021-23331,LOW,3.3,NVD,3,CVSS:3.1/AV:L/AC:L/PR:L/UI:N/S:U/C:L/I:N/A:N,,NewFound,
unknown,connect,3.6.2,NotFound,GHSA-6wqp-7g94-f69j,MEDIUM,6.1,GAD,3,CVSS:3.1/AV:N/AC:L/PR:N/UI:R/S:C/C:L/I:L/A:N,,NewFound,
adobe,connect,3.6.2,NotFound,CVE-2018-12804,CRITICAL,9.8,NVD,3,CVSS:3.0/AV:N/AC:L/PR:N/UI:N/S:U/C:H/I:H/A:H,,NewFound,
adobe,connect,3.6.2,NotFound,CVE-2018-12805,CRITICAL,9.8,NVD,3,CVSS:3.0/AV:N/AC:L/PR:N/UI:N/S:U/C:H/I:H/A:H,,NewFound,
adobe,connect,3.6.2,NotFound,CVE-2018-19718,MEDIUM,5.3,NVD,3,CVSS:3.0/AV:N/AC:L/PR:N/UI:N/S:U/C:L/I:N/A:N,,NewFound,
adobe,connect,3.6.2,NotFound,CVE-2018-4921,MEDIUM,6.1,NVD,3,CVSS:3.0/AV:N/AC:L/PR:N/UI:R/S:C/C:L/I:L/A:N,,NewFound,
adobe,connect,3.6.2,NotFound,CVE-2018-4923,CRITICAL,9.1,NVD,3,CVSS:3.0/AV:N/AC:L/PR:N/UI:N/S:U/C:N/I:H/A:H,,NewFound,
adobe,connect,3.6.2,NotFound,CVE-2018-4994,HIGH,7.5,NVD,3,CVSS:3.0/AV:N/AC:L/PR:N/UI:N/S:U/C:H/I:N/A:N,,NewFound,
adobe,connect,3.6.2,NotFound,CVE-2020-24442,MEDIUM,6.1,NVD,3,CVSS:3.1/AV:N/AC:L/PR:N/UI:R/S:C/C:L/I:L/A:N,,NewFound,
adobe,connect,3.6.2,NotFound,CVE-2020-24443,MEDIUM,6.1,NVD,3,CVSS:3.1/AV:N/AC:L/PR:N/UI:R/S:C/C:L/I:L/A:N,,NewFound,
adobe,connect,3.6.2,NotFound,CVE-2021-21079,MEDIUM,6.1,NVD,3,CVSS:3.1/AV:N/AC:L/PR:N/UI:R/S:C/C:L/I:L/A:N,,NewFound,
adobe,connect,3.6.2,NotFound,CVE-2021-21080,MEDIUM,6.1,NVD,3,CVSS:3.1/AV:N/AC:L/PR:N/UI:R/S:C/C:L/I:L/A:N,,NewFound,
adobe,connect,3.6.2,NotFound,CVE-2021-21085,HIGH,7.8,NVD,3,CVSS:3.1/AV:L/AC:L/PR:N/UI:R/S:U/C:H/I:H/A:H,,NewFound,
adobe,connect,3.6.2,NotFound,CVE-2021-28579,MEDIUM,4,NVD,2,AV:N/AC:L/Au:S/C:P/I:N/A:N,,NewFound,
adobe,connect,3.6.2,NotFound,CVE-2021-36061,MEDIUM,4.3,NVD,2,AV:N/AC:M/Au:N/C:N/I:P/A:N,,NewFound,
adobe,connect,3.6.2,NotFound,CVE-2021-36062,MEDIUM,6.1,NVD,3,CVSS:3.1/AV:N/AC:L/PR:N/UI:R/S:C/C:L/I:L/A:N,,NewFound,
adobe,connect,3.6.2,NotFound,CVE-2021-36063,MEDIUM,6.1,NVD,3,CVSS:3.1/AV:N/AC:L/PR:N/UI:R/S:C/C:L/I:L/A:N,,NewFound,
adobe,connect,3.6.2,NotFound,CVE-2021-40719,HIGH,7.5,NVD,2,AV:N/AC:L/Au:N/C:P/I:P/A:P,,NewFound,
adobe,connect,3.6.2,NotFound,CVE-2023-29305,MEDIUM,6.1,NVD,3,CVSS:3.1/AV:N/AC:L/PR:N/UI:R/S:C/C:L/I:L/A:N,,NewFound,
adobe,connect,3.6.2,NotFound,CVE-2023-29306,MEDIUM,6.1,NVD,3,CVSS:3.1/AV:N/AC:L/PR:N/UI:R/S:C/C:L/I:L/A:N,,NewFound,
adobe,connect,3.6.2,NotFound,CVE-2024-49550,MEDIUM,6.1,NVD,3,CVSS:3.1/AV:N/AC:L/PR:N/UI:R/S:C/C:L/I:L/A:N,,NewFound,
adobe,connect,3.6.2,NotFound,CVE-2024-54032,CRITICAL,9.3,NVD,3,CVSS:3.1/AV:N/AC:L/PR:N/UI:R/S:C/C:H/I:H/A:N,,NewFound,
adobe,connect,3.6.2,NotFound,CVE-2024-54034,CRITICAL,9.3,NVD,3,CVSS:3.1/AV:N/AC:L/PR:N/UI:R/S:C/C:H/I:H/A:N,,NewFound,
adobe,connect,3.6.2,NotFound,CVE-2024-54036,CRITICAL,9.3,NVD,3,CVSS:3.1/AV:N/AC:L/PR:N/UI:R/S:C/C:H/I:H/A:N,,NewFound,
adobe,connect,3.6.2,NotFound,CVE-2024-54037,HIGH,8.1,NVD,3,CVSS:3.1/AV:N/AC:L/PR:H/UI:R/S:C/C:H/I:H/A:N,,NewFound,
adobe,connect,3.6.2,NotFound,CVE-2024-54038,MEDIUM,4.3,NVD,3,CVSS:3.1/AV:N/AC:L/PR:L/UI:N/S:U/C:L/I:N/A:N,,NewFound,
adobe,connect,3.6.2,NotFound,CVE-2024-54039,MEDIUM,5.4,NVD,3,CVSS:3.1/AV:N/AC:L/PR:L/UI:R/S:C/C:L/I:L/A:N,,NewFound,
adobe,connect,3.6.2,NotFound,CVE-2024-54040,MEDIUM,5.4,NVD,3,CVSS:3.1/AV:N/AC:L/PR:L/UI:R/S:C/C:L/I:L/A:N,,NewFound,
adobe,connect,3.6.2,NotFound,CVE-2024-54041,MEDIUM,5.4,NVD,3,CVSS:3.1/AV:N/AC:L/PR:L/UI:R/S:C/C:L/I:L/A:N,,NewFound,
adobe,connect,3.6.2,NotFound,CVE-2024-54042,MEDIUM,6.1,NVD,3,CVSS:3.1/AV:N/AC:L/PR:N/UI:R/S:C/C:L/I:L/A:N,,NewFound,
adobe,connect,3.6.2,NotFound,CVE-2024-54043,MEDIUM,6.1,NVD,3,CVSS:3.1/AV:N/AC:L/PR:N/UI:R/S:C/C:L/I:L/A:N,,NewFound,
adobe,connect,3.6.2,NotFound,CVE-2024-54044,MEDIUM,6.1,NVD,3,CVSS:3.1/AV:N/AC:L/PR:N/UI:R/S:C/C:L/I:L/A:N,,NewFound,
adobe,connect,3.6.2,NotFound,CVE-2024-54045,MEDIUM,6.1,NVD,3,CVSS:3.1/AV:N/AC:L/PR:N/UI:R/S:C/C:L/I:L/A:N,,NewFound,
adobe,connect,3.6.2,NotFound,CVE-2024-54046,MEDIUM,6.1,NVD,3,CVSS:3.1/AV:N/AC:L/PR:N/UI:R/S:C/C:L/I:L/A:N,,NewFound,
adobe,connect,3.6.2,NotFound,CVE-2024-54047,MEDIUM,6.1,NVD,3,CVSS:3.1/AV:N/AC:L/PR:N/UI:R/S:C/C:L/I:L/A:N,,NewFound,
adobe,connect,3.6.2,NotFound,CVE-2024-54048,MEDIUM,6.1,NVD,3,CVSS:3.1/AV:N/AC:L/PR:N/UI:R/S:C/C:L/I:L/A:N,,NewFound,
adobe,connect,3.6.2,NotFound,CVE-2024-54049,MEDIUM,6.1,NVD,3,CVSS:3.1/AV:N/AC:L/PR:N/UI:R/S:C/C:L/I:L/A:N,,NewFound,
adobe,connect,3.6.2,NotFound,CVE-2024-54050,MEDIUM,6.1,NVD,3,CVSS:3.1/AV:N/AC:L/PR:N/UI:R/S:C/C:L/I:L/A:N,,NewFound,
adobe,connect,3.6.2,NotFound,CVE-2024-54051,MEDIUM,6.1,NVD,3,CVSS:3.1/AV:N/AC:L/PR:N/UI:R/S:C/C:L/I:L/A:N,,NewFound,
adobe,connect,3.6.2,NotFound,CVE-2025-27203,CRITICAL,9.6,NVD,3,CVSS:3.1/AV:N/AC:L/PR:N/UI:R/S:C/C:H/I:H/A:H,,NewFound,
adobe,connect,3.6.2,NotFound,CVE-2025-30314,MEDIUM,6.1,NVD,3,CVSS:3.1/AV:N/AC:L/PR:N/UI:R/S:C/C:L/I:L/A:N,,NewFound,
adobe,connect,3.6.2,NotFound,CVE-2025-30315,MEDIUM,6.1,NVD,3,CVSS:3.1/AV:N/AC:L/PR:N/UI:R/S:C/C:L/I:L/A:N,,NewFound,
adobe,connect,3.6.2,NotFound,CVE-2025-30316,MEDIUM,5.4,NVD,3,CVSS:3.1/AV:N/AC:L/PR:L/UI:R/S:C/C:L/I:L/A:N,,NewFound,
adobe,connect,3.6.2,NotFound,CVE-2025-43567,CRITICAL,9.3,NVD,3,CVSS:3.1/AV:N/AC:L/PR:N/UI:R/S:C/C:H/I:H/A:N,,NewFound,
rstudio,connect,3.6.2,NotFound,CVE-2022-38131,MEDIUM,6.1,NVD,3,CVSS:3.1/AV:N/AC:L/PR:N/UI:R/S:C/C:L/I:L/A:N,,NewFound,
saphira,connect,3.6.2,NotFound,CVE-2023-4661,UNKNOWN,unknown,NVD,unknown,unknown,,NewFound,
saphira,connect,3.6.2,NotFound,CVE-2023-4662,UNKNOWN,unknown,NVD,unknown,unknown,,NewFound,
saphira,connect,3.6.2,NotFound,CVE-2023-4663,UNKNOWN,unknown,NVD,unknown,unknown,,NewFound,
saphira,connect,3.6.2,NotFound,CVE-2023-4664,UNKNOWN,unknown,NVD,unknown,unknown,,NewFound,
saphira,connect,3.6.2,NotFound,CVE-2023-4665,UNKNOWN,unknown,NVD,unknown,unknown,,NewFound,
unknown,cookie,0.3.1,NotFound,CVE-2017-18589,HIGH,7.5,NVD,3,CVSS:3.0/AV:N/AC:L/PR:N/UI:N/S:U/C:N/I:N/A:H,,NewFound,
unknown,cookie,0.3.1,NotFound,CVE-2024-47764,UNKNOWN,unknown,NVD,unknown,unknown,,NewFound,
cookie_project,cookie,0.3.1,NotFound,CVE-2017-18589,HIGH,7.5,NVD,3,CVSS:3.0/AV:N/AC:L/PR:N/UI:N/S:U/C:N/I:N/A:H,,NewFound,
unknown,cookie,0.4.0,NotFound,CVE-2017-18589,HIGH,7.5,NVD,3,CVSS:3.0/AV:N/AC:L/PR:N/UI:N/S:U/C:N/I:N/A:H,,NewFound,
unknown,cookie,0.4.0,NotFound,CVE-2024-47764,UNKNOWN,unknown,NVD,unknown,unknown,,NewFound,
cookie_project,cookie,0.4.0,NotFound,CVE-2017-18589,HIGH,7.5,NVD,3,CVSS:3.0/AV:N/AC:L/PR:N/UI:N/S:U/C:N/I:N/A:H,,NewFound,
unknown,cookie,0.4.2,NotFound,CVE-2017-18589,HIGH,7.5,NVD,3,CVSS:3.0/AV:N/AC:L/PR:N/UI:N/S:U/C:N/I:N/A:H,,NewFound,
unknown,cookie,0.4.2,NotFound,CVE-2024-47764,UNKNOWN,unknown,NVD,unknown,unknown,,NewFound,
cookie_project,cookie,0.4.2,NotFound,CVE-2017-18589,HIGH,7.5,NVD,3,CVSS:3.0/AV:N/AC:L/PR:N/UI:N/S:U/C:N/I:N/A:H,,NewFound,
unknown,cookie,0.6.0,NotFound,CVE-2017-18589,HIGH,7.5,NVD,3,CVSS:3.0/AV:N/AC:L/PR:N/UI:N/S:U/C:N/I:N/A:H,,NewFound,
unknown,cookie,0.6.0,NotFound,CVE-2024-47764,UNKNOWN,unknown,NVD,unknown,unknown,,NewFound,
cookie_project,cookie,0.6.0,NotFound,CVE-2017-18589,HIGH,7.5,NVD,3,CVSS:3.0/AV:N/AC:L/PR:N/UI:N/S:U/C:N/I:N/A:H,,NewFound,
unknown,cookie,0.7.1,NotFound,CVE-2017-18589,HIGH,7.5,NVD,3,CVSS:3.0/AV:N/AC:L/PR:N/UI:N/S:U/C:N/I:N/A:H,,NewFound,
cookie_project,cookie,0.7.1,NotFound,CVE-2017-18589,HIGH,7.5,NVD,3,CVSS:3.0/AV:N/AC:L/PR:N/UI:N/S:U/C:N/I:N/A:H,,NewFound,
unknown,cookie,0.7.2,NotFound,CVE-2017-18589,HIGH,7.5,NVD,3,CVSS:3.0/AV:N/AC:L/PR:N/UI:N/S:U/C:N/I:N/A:H,,NewFound,
cookie_project,cookie,0.7.2,NotFound,CVE-2017-18589,HIGH,7.5,NVD,3,CVSS:3.0/AV:N/AC:L/PR:N/UI:N/S:U/C:N/I:N/A:H,,NewFound,
unknown,cors,2.8.5,NotFound,CVE-2023-49803,HIGH,7.5,NVD,3,CVSS:3.1/AV:N/AC:L/PR:N/UI:N/S:U/C:N/I:H/A:N,,NewFound,
unknown,cross-spawn,4.0.2,NotFound,CVE-2024-21538,UNKNOWN,unknown,NVD,unknown,unknown,,NewFound,
unknown,cross-spawn,5.1.0,NotFound,CVE-2024-21538,UNKNOWN,unknown,NVD,unknown,unknown,,NewFound,
unknown,cross-spawn,7.0.3,NotFound,CVE-2024-21538,UNKNOWN,unknown,NVD,unknown,unknown,,NewFound,
unknown,crypt,0.0.2,NotFound,skcsirt-sa-20170909-pypi,UNKNOWN,unknown,GAD,unknown,unknown,,NewFound,
unknown,cryptiles,2.0.5,NotFound,CVE-2018-1000620,CRITICAL,9.8,NVD,3,CVSS:3.1/AV:N/AC:L/PR:N/UI:N/S:U/C:H/I:H/A:H,,NewFound,
cryptiles_project,cryptiles,2.0.5,NotFound,CVE-2018-1000620,CRITICAL,9.8,NVD,3,CVSS:3.1/AV:N/AC:L/PR:N/UI:N/S:U/C:H/I:H/A:H,,NewFound,
unknown,d3-color,1.4.1,NotFound,GMS-2022-4708,UNKNOWN,unknown,GAD,unknown,unknown,,NewFound,
unknown,debug,2.2.0,NotFound,CVE-2017-16137,MEDIUM,5.3,NVD,3,CVSS:3.0/AV:N/AC:L/PR:N/UI:N/S:U/C:N/I:N/A:L,,NewFound,
unknown,debug,2.2.0,NotFound,CVE-2017-20165,HIGH,7.5,NVD,3,CVSS:3.1/AV:N/AC:L/PR:N/UI:N/S:U/C:N/I:N/A:H,,NewFound,
unknown,debug,2.2.0,NotFound,GMS-2017-248,UNKNOWN,unknown,GAD,unknown,unknown,,NewFound,
debug_project,debug,2.2.0,NotFound,CVE-2017-16137,MEDIUM,5.3,NVD,3,CVSS:3.0/AV:N/AC:L/PR:N/UI:N/S:U/C:N/I:N/A:L,,NewFound,
debug_project,debug,2.2.0,NotFound,CVE-2017-20165,HIGH,7.5,NVD,3,CVSS:3.1/AV:N/AC:L/PR:N/UI:N/S:U/C:N/I:N/A:H,,NewFound,
unknown,debug,2.6.7,NotFound,CVE-2017-16137,MEDIUM,5.3,NVD,3,CVSS:3.0/AV:N/AC:L/PR:N/UI:N/S:U/C:N/I:N/A:L,,NewFound,
unknown,debug,2.6.7,NotFound,CVE-2017-20165,HIGH,7.5,NVD,3,CVSS:3.1/AV:N/AC:L/PR:N/UI:N/S:U/C:N/I:N/A:H,,NewFound,
unknown,debug,2.6.7,NotFound,GMS-2017-248,UNKNOWN,unknown,GAD,unknown,unknown,,NewFound,
debug_project,debug,2.6.7,NotFound,CVE-2017-16137,MEDIUM,5.3,NVD,3,CVSS:3.0/AV:N/AC:L/PR:N/UI:N/S:U/C:N/I:N/A:L,,NewFound,
debug_project,debug,2.6.7,NotFound,CVE-2017-20165,HIGH,7.5,NVD,3,CVSS:3.1/AV:N/AC:L/PR:N/UI:N/S:U/C:N/I:N/A:H,,NewFound,
unknown,debug,2.6.8,NotFound,CVE-2017-16137,MEDIUM,5.3,NVD,3,CVSS:3.0/AV:N/AC:L/PR:N/UI:N/S:U/C:N/I:N/A:L,,NewFound,
unknown,debug,2.6.8,NotFound,CVE-2017-20165,HIGH,7.5,NVD,3,CVSS:3.1/AV:N/AC:L/PR:N/UI:N/S:U/C:N/I:N/A:H,,NewFound,
unknown,debug,2.6.8,NotFound,GMS-2017-248,UNKNOWN,unknown,GAD,unknown,unknown,,NewFound,
debug_project,debug,2.6.8,NotFound,CVE-2017-16137,MEDIUM,5.3,NVD,3,CVSS:3.0/AV:N/AC:L/PR:N/UI:N/S:U/C:N/I:N/A:L,,NewFound,
debug_project,debug,2.6.8,NotFound,CVE-2017-20165,HIGH,7.5,NVD,3,CVSS:3.1/AV:N/AC:L/PR:N/UI:N/S:U/C:N/I:N/A:H,,NewFound,
unknown,decode-uri-component,0.2.0,NotFound,CVE-2022-38778,MEDIUM,6.5,NVD,3,CVSS:3.1/AV:N/AC:L/PR:L/UI:N/S:U/C:N/I:N/A:H,,NewFound,
unknown,decode-uri-component,0.2.0,NotFound,CVE-2022-38900,HIGH,7.5,NVD,3,CVSS:3.1/AV:N/AC:L/PR:N/UI:N/S:U/C:N/I:N/A:H,,NewFound,
decode-uri-component_project,decode-uri-component,0.2.0,NotFound,CVE-2022-38778,MEDIUM,6.5,NVD,3,CVSS:3.1/AV:N/AC:L/PR:L/UI:N/S:U/C:N/I:N/A:H,,NewFound,
decode-uri-component_project,decode-uri-component,0.2.0,NotFound,CVE-2022-38900,HIGH,7.5,NVD,3,CVSS:3.1/AV:N/AC:L/PR:N/UI:N/S:U/C:N/I:N/A:H,,NewFound,
unknown,deep-extend,0.4.1,NotFound,CVE-2018-3750,CRITICAL,9.8,NVD,3,CVSS:3.0/AV:N/AC:L/PR:N/UI:N/S:U/C:H/I:H/A:H,,NewFound,
unknown,deep-extend,0.4.2,NotFound,CVE-2018-3750,CRITICAL,9.8,NVD,3,CVSS:3.0/AV:N/AC:L/PR:N/UI:N/S:U/C:H/I:H/A:H,,NewFound,
unknown,deep-extend,0.5.0,NotFound,CVE-2018-3750,CRITICAL,9.8,NVD,3,CVSS:3.0/AV:N/AC:L/PR:N/UI:N/S:U/C:H/I:H/A:H,,NewFound,
unknown,defaults,1.0.3,/usr/share/defaults,CVE-2024-57066,UNKNOWN,unknown,NVD,unknown,unknown,,NewFound,
unknown,defaults,1.0.4,/usr/share/defaults,CVE-2024-57066,UNKNOWN,unknown,NVD,unknown,unknown,,NewFound,
unknown,diff,3.5.0,/usr/bin/diff,CVE-2026-24001,MEDIUM,5.3,GAD,3,CVSS:3.1/AV:N/AC:L/PR:N/UI:N/S:U/C:N/I:N/A:L,,NewFound,
unknown,diff,4.0.2,/usr/bin/diff,CVE-2026-24001,MEDIUM,5.3,GAD,3,CVSS:3.1/AV:N/AC:L/PR:N/UI:N/S:U/C:N/I:N/A:L,,NewFound,
unknown,diff,5.2.0,/usr/bin/diff,CVE-2026-24001,MEDIUM,5.3,GAD,3,CVSS:3.1/AV:N/AC:L/PR:N/UI:N/S:U/C:N/I:N/A:L,,NewFound,
unknown,dns-packet,1.2.2,NotFound,CVE-2021-23386,MEDIUM,6.5,NVD,3,CVSS:3.1/AV:N/AC:L/PR:L/UI:N/S:U/C:H/I:N/A:N,,NewFound,
dns-packet_project,dns-packet,1.2.2,NotFound,CVE-2021-23386,MEDIUM,6.5,NVD,3,CVSS:3.1/AV:N/AC:L/PR:L/UI:N/S:U/C:H/I:N/A:N,,NewFound,
unknown,dns-packet,1.3.1,NotFound,CVE-2021-23386,MEDIUM,6.5,NVD,3,CVSS:3.1/AV:N/AC:L/PR:L/UI:N/S:U/C:H/I:N/A:N,,NewFound,
dns-packet_project,dns-packet,1.3.1,NotFound,CVE-2021-23386,MEDIUM,6.5,NVD,3,CVSS:3.1/AV:N/AC:L/PR:L/UI:N/S:U/C:H/I:N/A:N,,NewFound,
unknown,dot-prop,3.0.0,NotFound,CVE-2020-8116,HIGH,7.3,NVD,3,CVSS:3.1/AV:N/AC:L/PR:N/UI:N/S:U/C:L/I:L/A:L,,NewFound,
dot-prop_project,dot-prop,3.0.0,NotFound,CVE-2020-8116,HIGH,7.3,NVD,3,CVSS:3.1/AV:N/AC:L/PR:N/UI:N/S:U/C:L/I:L/A:L,,NewFound,
unknown,dot-prop,4.2.0,NotFound,CVE-2020-8116,HIGH,7.3,NVD,3,CVSS:3.1/AV:N/AC:L/PR:N/UI:N/S:U/C:L/I:L/A:L,,NewFound,
dot-prop_project,dot-prop,4.2.0,NotFound,CVE-2020-8116,HIGH,7.3,NVD,3,CVSS:3.1/AV:N/AC:L/PR:N/UI:N/S:U/C:L/I:L/A:L,,NewFound,
unknown,ecstatic,2.2.2,NotFound,CVE-2019-10775,HIGH,7.5,NVD,3,CVSS:3.1/AV:N/AC:L/PR:N/UI:N/S:U/C:N/I:N/A:H,,NewFound,
ecstatic_project,ecstatic,2.2.2,NotFound,CVE-2019-10775,HIGH,7.5,NVD,3,CVSS:3.1/AV:N/AC:L/PR:N/UI:N/S:U/C:N/I:N/A:H,,NewFound,
unknown,electron,23.1.2,NotFound,CVE-2023-29198,HIGH,8.5,NVD,3,CVSS:3.1/AV:N/AC:H/PR:L/UI:N/S:C/C:H/I:H/A:H,,NewFound,
unknown,electron,23.1.2,NotFound,CVE-2023-39956,MEDIUM,6.6,NVD,3,CVSS:3.1/AV:L/AC:L/PR:L/UI:N/S:U/C:L/I:H/A:L,,NewFound,
unknown,electron,23.1.2,NotFound,CVE-2023-44402,HIGH,7,NVD,3,CVSS:3.1/AV:L/AC:H/PR:N/UI:R/S:U/C:H/I:H/A:H,,NewFound,
unknown,electron,23.1.2,NotFound,CVE-2024-46993,HIGH,7,GAD,3,CVSS:3.1/AV:L/AC:H/PR:L/UI:N/S:U/C:H/I:H/A:H,,NewFound,
unknown,electron,23.1.2,NotFound,CVE-2025-55305,MEDIUM,6.1,GAD,3,CVSS:3.1/AV:L/AC:L/PR:L/UI:R/S:U/C:L/I:H/A:L,,NewFound,
electronjs,electron,23.1.2,NotFound,CVE-2023-29198,HIGH,8.5,NVD,3,CVSS:3.1/AV:N/AC:H/PR:L/UI:N/S:C/C:H/I:H/A:H,,NewFound,
electronjs,electron,23.1.2,NotFound,CVE-2023-39956,MEDIUM,6.6,NVD,3,CVSS:3.1/AV:L/AC:L/PR:L/UI:N/S:U/C:L/I:H/A:L,,NewFound,
electronjs,electron,23.1.2,NotFound,CVE-2023-44402,HIGH,7,NVD,3,CVSS:3.1/AV:L/AC:H/PR:N/UI:R/S:U/C:H/I:H/A:H,,NewFound,
unknown,elliptic,6.4.0,NotFound,CVE-2020-13822,HIGH,7.7,NVD,3,CVSS:3.1/AV:N/AC:H/PR:N/UI:N/S:U/C:H/I:H/A:L,,NewFound,
unknown,elliptic,6.4.0,NotFound,CVE-2020-28498,MEDIUM,4.3,NVD,2,AV:N/AC:M/Au:N/C:P/I:N/A:N,,NewFound,
unknown,elliptic,6.4.0,NotFound,CVE-2024-42459,MEDIUM,5.3,GAD,3,CVSS:3.1/AV:N/AC:L/PR:N/UI:N/S:U/C:L/I:N/A:N,,NewFound,
unknown,elliptic,6.4.0,NotFound,CVE-2024-42460,MEDIUM,5.3,GAD,3,CVSS:3.1/AV:N/AC:L/PR:N/UI:N/S:U/C:L/I:N/A:N,,NewFound,
unknown,elliptic,6.4.0,NotFound,CVE-2024-42461,CRITICAL,9.1,GAD,3,CVSS:3.1/AV:N/AC:L/PR:N/UI:N/S:U/C:H/I:H/A:N,,NewFound,
unknown,elliptic,6.4.0,NotFound,CVE-2024-48948,MEDIUM,4.8,GAD,3,CVSS:3.1/AV:N/AC:H/PR:N/UI:N/S:U/C:N/I:L/A:L,,NewFound,
unknown,elliptic,6.4.0,NotFound,CVE-2024-48949,CRITICAL,9.1,GAD,3,CVSS:3.1/AV:N/AC:L/PR:N/UI:N/S:U/C:H/I:H/A:N,,NewFound,
unknown,elliptic,6.4.0,NotFound,CVE-2025-14505,MEDIUM,5.6,GAD,3,CVSS:3.1/AV:N/AC:H/PR:N/UI:N/S:U/C:L/I:L/A:L,,NewFound,
unknown,elliptic,6.4.0,NotFound,GHSA-vjh7-7g9h-fjfh,CRITICAL,10,GAD,3,CVSS:3.1/AV:N/AC:L/PR:N/UI:N/S:C/C:H/I:H/A:N,,NewFound,
indutny,elliptic,6.4.0,NotFound,CVE-2020-28498,MEDIUM,4.3,NVD,2,AV:N/AC:M/Au:N/C:P/I:N/A:N,,NewFound,
indutny,elliptic,6.4.0,NotFound,CVE-2024-48949,CRITICAL,9.1,GAD,3,CVSS:3.1/AV:N/AC:L/PR:N/UI:N/S:U/C:H/I:H/A:N,,NewFound,
unknown,elliptic,6.5.4,NotFound,CVE-2024-42459,MEDIUM,5.3,GAD,3,CVSS:3.1/AV:N/AC:L/PR:N/UI:N/S:U/C:L/I:N/A:N,,NewFound,
unknown,elliptic,6.5.4,NotFound,CVE-2024-42460,MEDIUM,5.3,GAD,3,CVSS:3.1/AV:N/AC:L/PR:N/UI:N/S:U/C:L/I:N/A:N,,NewFound,
unknown,elliptic,6.5.4,NotFound,CVE-2024-42461,CRITICAL,9.1,GAD,3,CVSS:3.1/AV:N/AC:L/PR:N/UI:N/S:U/C:H/I:H/A:N,,NewFound,
unknown,elliptic,6.5.4,NotFound,CVE-2024-48948,MEDIUM,4.8,GAD,3,CVSS:3.1/AV:N/AC:H/PR:N/UI:N/S:U/C:N/I:L/A:L,,NewFound,
unknown,elliptic,6.5.4,NotFound,CVE-2024-48949,CRITICAL,9.1,GAD,3,CVSS:3.1/AV:N/AC:L/PR:N/UI:N/S:U/C:H/I:H/A:N,,NewFound,
unknown,elliptic,6.5.4,NotFound,CVE-2025-14505,MEDIUM,5.6,GAD,3,CVSS:3.1/AV:N/AC:H/PR:N/UI:N/S:U/C:L/I:L/A:L,,NewFound,
unknown,elliptic,6.5.4,NotFound,GHSA-vjh7-7g9h-fjfh,CRITICAL,10,GAD,3,CVSS:3.1/AV:N/AC:L/PR:N/UI:N/S:C/C:H/I:H/A:N,,NewFound,
indutny,elliptic,6.5.4,NotFound,CVE-2024-48949,CRITICAL,9.1,GAD,3,CVSS:3.1/AV:N/AC:L/PR:N/UI:N/S:U/C:H/I:H/A:N,,NewFound,
unknown,elliptic,6.6.1,NotFound,CVE-2025-14505,MEDIUM,5.6,GAD,3,CVSS:3.1/AV:N/AC:H/PR:N/UI:N/S:U/C:L/I:L/A:L,,NewFound,
unknown,es5-ext,0.10.29,NotFound,CVE-2024-27088,MEDIUM,5.5,NVD,3,CVSS:3.1/AV:L/AC:L/PR:L/UI:N/S:U/C:N/I:N/A:H,,NewFound,
medikoo,es5-ext,0.10.29,NotFound,CVE-2024-27088,MEDIUM,5.5,NVD,3,CVSS:3.1/AV:L/AC:L/PR:L/UI:N/S:U/C:N/I:N/A:H,,NewFound,
unknown,es5-ext,0.10.35,NotFound,CVE-2024-27088,MEDIUM,5.5,NVD,3,CVSS:3.1/AV:L/AC:L/PR:L/UI:N/S:U/C:N/I:N/A:H,,NewFound,
medikoo,es5-ext,0.10.35,NotFound,CVE-2024-27088,MEDIUM,5.5,NVD,3,CVSS:3.1/AV:L/AC:L/PR:L/UI:N/S:U/C:N/I:N/A:H,,NewFound,
unknown,es5-ext,0.10.53,NotFound,CVE-2024-27088,MEDIUM,5.5,NVD,3,CVSS:3.1/AV:L/AC:L/PR:L/UI:N/S:U/C:N/I:N/A:H,,NewFound,
medikoo,es5-ext,0.10.53,NotFound,CVE-2024-27088,MEDIUM,5.5,NVD,3,CVSS:3.1/AV:L/AC:L/PR:L/UI:N/S:U/C:N/I:N/A:H,,NewFound,
events_project,events,1.1.1,NotFound,CVE-2018-25076,CRITICAL,9.8,NVD,3,CVSS:3.1/AV:N/AC:L/PR:N/UI:N/S:U/C:H/I:H/A:H,,NewFound,
bandsintown,events,1.1.1,NotFound,CVE-2024-13802,MEDIUM,5.4,NVD,3,CVSS:3.1/AV:N/AC:L/PR:L/UI:R/S:C/C:L/I:L/A:N,,NewFound,
events_project,events,3.2.0,NotFound,CVE-2018-25076,CRITICAL,9.8,NVD,3,CVSS:3.1/AV:N/AC:L/PR:N/UI:N/S:U/C:H/I:H/A:H,,NewFound,
events_project,events,3.3.0,NotFound,CVE-2018-25076,CRITICAL,9.8,NVD,3,CVSS:3.1/AV:N/AC:L/PR:N/UI:N/S:U/C:H/I:H/A:H,,NewFound,
unknown,eventsource,0.1.6,NotFound,CVE-2022-1650,CRITICAL,9.3,NVD,3,CVSS:3.1/AV:N/AC:L/PR:N/UI:R/S:C/C:H/I:H/A:N,,NewFound,
eventsource,eventsource,0.1.6,NotFound,CVE-2022-1650,CRITICAL,9.3,NVD,3,CVSS:3.1/AV:N/AC:L/PR:N/UI:R/S:C/C:H/I:H/A:N,,NewFound,
unknown,eventsource,1.1.0,NotFound,CVE-2022-1650,CRITICAL,9.3,NVD,3,CVSS:3.1/AV:N/AC:L/PR:N/UI:R/S:C/C:H/I:H/A:N,,NewFound,
eventsource,eventsource,1.1.0,NotFound,CVE-2022-1650,CRITICAL,9.3,NVD,3,CVSS:3.1/AV:N/AC:L/PR:N/UI:R/S:C/C:H/I:H/A:N,,NewFound,
unknown,execa,0.7.0,NotFound,GMS-2020-2,CRITICAL,9.8,GAD,3,CVSS:3.0/AV:N/AC:L/PR:N/UI:N/S:U/C:H/I:H/A:H,,NewFound,
unknown,express,4.14.0,NotFound,CVE-2022-24999,HIGH,7.5,NVD,3,CVSS:3.1/AV:N/AC:L/PR:N/UI:N/S:U/C:N/I:N/A:H,,NewFound,
unknown,express,4.14.0,NotFound,CVE-2024-29041,MEDIUM,6.1,GAD,3,CVSS:3.1/AV:N/AC:L/PR:N/UI:R/S:C/C:L/I:L/A:N,,NewFound,
unknown,express,4.14.0,NotFound,CVE-2024-43796,MEDIUM,4.7,GAD,3,CVSS:3.1/AV:N/AC:H/PR:N/UI:R/S:C/C:L/I:L/A:N,,NewFound,
openjsf,express,4.14.0,NotFound,CVE-2022-24999,HIGH,7.5,NVD,3,CVSS:3.1/AV:N/AC:L/PR:N/UI:N/S:U/C:N/I:N/A:H,,NewFound,
openjsf,express,4.14.0,NotFound,CVE-2024-43796,MEDIUM,4.7,GAD,3,CVSS:3.1/AV:N/AC:H/PR:N/UI:R/S:C/C:L/I:L/A:N,,NewFound,
unknown,express,4.15.4,NotFound,CVE-2022-24999,HIGH,7.5,NVD,3,CVSS:3.1/AV:N/AC:L/PR:N/UI:N/S:U/C:N/I:N/A:H,,NewFound,
unknown,express,4.15.4,NotFound,CVE-2024-29041,MEDIUM,6.1,GAD,3,CVSS:3.1/AV:N/AC:L/PR:N/UI:R/S:C/C:L/I:L/A:N,,NewFound,
unknown,express,4.15.4,NotFound,CVE-2024-43796,MEDIUM,4.7,GAD,3,CVSS:3.1/AV:N/AC:H/PR:N/UI:R/S:C/C:L/I:L/A:N,,NewFound,
openjsf,express,4.15.4,NotFound,CVE-2022-24999,HIGH,7.5,NVD,3,CVSS:3.1/AV:N/AC:L/PR:N/UI:N/S:U/C:N/I:N/A:H,,NewFound,
openjsf,express,4.15.4,NotFound,CVE-2024-43796,MEDIUM,4.7,GAD,3,CVSS:3.1/AV:N/AC:H/PR:N/UI:R/S:C/C:L/I:L/A:N,,NewFound,
unknown,express,4.16.2,NotFound,CVE-2022-24999,HIGH,7.5,NVD,3,CVSS:3.1/AV:N/AC:L/PR:N/UI:N/S:U/C:N/I:N/A:H,,NewFound,
unknown,express,4.16.2,NotFound,CVE-2024-29041,MEDIUM,6.1,GAD,3,CVSS:3.1/AV:N/AC:L/PR:N/UI:R/S:C/C:L/I:L/A:N,,NewFound,
unknown,express,4.16.2,NotFound,CVE-2024-43796,MEDIUM,4.7,GAD,3,CVSS:3.1/AV:N/AC:H/PR:N/UI:R/S:C/C:L/I:L/A:N,,NewFound,
openjsf,express,4.16.2,NotFound,CVE-2022-24999,HIGH,7.5,NVD,3,CVSS:3.1/AV:N/AC:L/PR:N/UI:N/S:U/C:N/I:N/A:H,,NewFound,
openjsf,express,4.16.2,NotFound,CVE-2024-43796,MEDIUM,4.7,GAD,3,CVSS:3.1/AV:N/AC:H/PR:N/UI:R/S:C/C:L/I:L/A:N,,NewFound,
unknown,express,4.17.1,NotFound,CVE-2022-24999,HIGH,7.5,NVD,3,CVSS:3.1/AV:N/AC:L/PR:N/UI:N/S:U/C:N/I:N/A:H,,NewFound,
unknown,express,4.17.1,NotFound,CVE-2024-29041,MEDIUM,6.1,GAD,3,CVSS:3.1/AV:N/AC:L/PR:N/UI:R/S:C/C:L/I:L/A:N,,NewFound,
unknown,express,4.17.1,NotFound,CVE-2024-43796,MEDIUM,4.7,GAD,3,CVSS:3.1/AV:N/AC:H/PR:N/UI:R/S:C/C:L/I:L/A:N,,NewFound,
openjsf,express,4.17.1,NotFound,CVE-2022-24999,HIGH,7.5,NVD,3,CVSS:3.1/AV:N/AC:L/PR:N/UI:N/S:U/C:N/I:N/A:H,,NewFound,
openjsf,express,4.17.1,NotFound,CVE-2024-43796,MEDIUM,4.7,GAD,3,CVSS:3.1/AV:N/AC:H/PR:N/UI:R/S:C/C:L/I:L/A:N,,NewFound,
unknown,express,4.17.3,NotFound,CVE-2024-29041,MEDIUM,6.1,GAD,3,CVSS:3.1/AV:N/AC:L/PR:N/UI:R/S:C/C:L/I:L/A:N,,NewFound,
unknown,express,4.17.3,NotFound,CVE-2024-43796,MEDIUM,4.7,GAD,3,CVSS:3.1/AV:N/AC:H/PR:N/UI:R/S:C/C:L/I:L/A:N,,NewFound,
openjsf,express,4.17.3,NotFound,CVE-2024-43796,MEDIUM,4.7,GAD,3,CVSS:3.1/AV:N/AC:H/PR:N/UI:R/S:C/C:L/I:L/A:N,,NewFound,
unknown,extend,3.0.0,NotFound,CVE-2018-16492,CRITICAL,9.8,GAD,3,CVSS:3.0/AV:N/AC:L/PR:N/UI:N/S:U/C:H/I:H/A:H,,NewFound,
extend_project,extend,3.0.0,NotFound,CVE-2018-16492,CRITICAL,9.8,GAD,3,CVSS:3.0/AV:N/AC:L/PR:N/UI:N/S:U/C:H/I:H/A:H,,NewFound,
unknown,extend,3.0.1,NotFound,CVE-2018-16492,CRITICAL,9.8,GAD,3,CVSS:3.0/AV:N/AC:L/PR:N/UI:N/S:U/C:H/I:H/A:H,,NewFound,
extend_project,extend,3.0.1,NotFound,CVE-2018-16492,CRITICAL,9.8,GAD,3,CVSS:3.0/AV:N/AC:L/PR:N/UI:N/S:U/C:H/I:H/A:H,,NewFound,
unknown,fast-redact,3.5.0,NotFound,CVE-2025-57319,HIGH,7.5,GAD,3,CVSS:3.1/AV:N/AC:L/PR:N/UI:N/S:U/C:N/I:N/A:H,,NewFound,
unknown,fast-xml-parser,3.19.0,/usr/lib/python3.12/xml,CVE-2023-26920,MEDIUM,6.5,NVD,3,CVSS:3.1/AV:N/AC:L/PR:L/UI:N/S:U/C:H/I:N/A:N,,NewFound,
unknown,fast-xml-parser,3.19.0,/usr/lib/python3.12/xml,CVE-2023-34104,HIGH,7.5,NVD,3,CVSS:3.1/AV:N/AC:L/PR:N/UI:N/S:U/C:N/I:N/A:H,,NewFound,
unknown,fast-xml-parser,3.19.0,/usr/lib/python3.12/xml,CVE-2026-27942,MEDIUM,5.3,GAD,3,CVSS:3.1/AV:N/AC:L/PR:N/UI:N/S:U/C:N/I:N/A:L,,NewFound,
fast-xml-parser_project,fast-xml-parser,3.19.0,/usr/lib/python3.12/xml,CVE-2023-34104,HIGH,7.5,NVD,3,CVSS:3.1/AV:N/AC:L/PR:N/UI:N/S:U/C:N/I:N/A:H,,NewFound,
unknown,faye-websocket,0.10.0,NotFound,CVE-2020-15133,HIGH,8.7,NVD,3,CVSS:3.1/AV:N/AC:H/PR:N/UI:N/S:C/C:H/I:H/A:N,,NewFound,
faye-websocket_project,faye-websocket,0.10.0,NotFound,CVE-2020-15133,HIGH,8.7,NVD,3,CVSS:3.1/AV:N/AC:H/PR:N/UI:N/S:C/C:H/I:H/A:N,,NewFound,
unknown,faye-websocket,0.7.3,NotFound,CVE-2020-15133,HIGH,8.7,NVD,3,CVSS:3.1/AV:N/AC:H/PR:N/UI:N/S:C/C:H/I:H/A:N,,NewFound,
faye-websocket_project,faye-websocket,0.7.3,NotFound,CVE-2020-15133,HIGH,8.7,NVD,3,CVSS:3.1/AV:N/AC:H/PR:N/UI:N/S:C/C:H/I:H/A:N,,NewFound,
file-type_project,file-type,10.11.0,NotFound,CVE-2022-36313,MEDIUM,5.5,NVD,3,CVSS:3.1/AV:L/AC:L/PR:N/UI:R/S:U/C:N/I:N/A:H,,NewFound,
unknown,file-type,14.7.1,NotFound,CVE-2022-36313,MEDIUM,5.5,NVD,3,CVSS:3.1/AV:L/AC:L/PR:N/UI:R/S:U/C:N/I:N/A:H,,NewFound,
file-type_project,file-type,14.7.1,NotFound,CVE-2022-36313,MEDIUM,5.5,NVD,3,CVSS:3.1/AV:L/AC:L/PR:N/UI:R/S:U/C:N/I:N/A:H,,NewFound,
file-type_project,file-type,3.9.0,NotFound,CVE-2022-36313,MEDIUM,5.5,NVD,3,CVSS:3.1/AV:L/AC:L/PR:N/UI:R/S:U/C:N/I:N/A:H,,NewFound,
file-type_project,file-type,4.4.0,NotFound,CVE-2022-36313,MEDIUM,5.5,NVD,3,CVSS:3.1/AV:L/AC:L/PR:N/UI:R/S:U/C:N/I:N/A:H,,NewFound,
file-type_project,file-type,5.2.0,NotFound,CVE-2022-36313,MEDIUM,5.5,NVD,3,CVSS:3.1/AV:L/AC:L/PR:N/UI:R/S:U/C:N/I:N/A:H,,NewFound,
file-type_project,file-type,6.2.0,NotFound,CVE-2022-36313,MEDIUM,5.5,NVD,3,CVSS:3.1/AV:L/AC:L/PR:N/UI:R/S:U/C:N/I:N/A:H,,NewFound,
file-type_project,file-type,8.1.0,NotFound,CVE-2022-36313,MEDIUM,5.5,NVD,3,CVSS:3.1/AV:L/AC:L/PR:N/UI:R/S:U/C:N/I:N/A:H,,NewFound,
find_project,find,0.3.0,/usr/bin/find,CVE-2015-10065,CRITICAL,9.8,NVD,3,CVSS:3.1/AV:N/AC:L/PR:N/UI:N/S:U/C:H/I:H/A:H,,NewFound,
episerver,find,0.3.0,/usr/bin/find,CVE-2020-24550,MEDIUM,6.1,NVD,3,CVSS:3.1/AV:N/AC:L/PR:N/UI:R/S:C/C:L/I:L/A:N,,NewFound,
unknown,form-data,2.1.2,NotFound,CVE-2025-7783,HIGH,8.7,GAD,3,CVSS:3.1/AV:N/AC:H/PR:N/UI:N/S:C/C:H/I:H/A:N,,NewFound,
unknown,form-data,2.1.4,NotFound,CVE-2025-7783,HIGH,8.7,GAD,3,CVSS:3.1/AV:N/AC:H/PR:N/UI:N/S:C/C:H/I:H/A:N,,NewFound,
unknown,form-data,4.0.0,NotFound,CVE-2025-7783,HIGH,8.7,GAD,3,CVSS:3.1/AV:N/AC:H/PR:N/UI:N/S:C/C:H/I:H/A:N,,NewFound,
unknown,forwarded,0.1.0,NotFound,CVE-2017-16118,HIGH,7.5,NVD,3,CVSS:3.0/AV:N/AC:L/PR:N/UI:N/S:U/C:N/I:N/A:H,,NewFound,
forwarded_project,forwarded,0.1.0,NotFound,CVE-2017-16118,HIGH,7.5,NVD,3,CVSS:3.0/AV:N/AC:L/PR:N/UI:N/S:U/C:N/I:N/A:H,,NewFound,
unknown,forwarded,0.1.2,NotFound,GMS-2017-233,UNKNOWN,unknown,GAD,unknown,unknown,,NewFound,
unknown,fresh,0.3.0,NotFound,CVE-2017-16119,HIGH,7.5,NVD,3,CVSS:3.0/AV:N/AC:L/PR:N/UI:N/S:U/C:N/I:N/A:H,,NewFound,
fresh_project,fresh,0.3.0,NotFound,CVE-2017-16119,HIGH,7.5,NVD,3,CVSS:3.0/AV:N/AC:L/PR:N/UI:N/S:U/C:N/I:N/A:H,,NewFound,
unknown,fresh,0.5.0,NotFound,CVE-2017-16119,HIGH,7.5,NVD,3,CVSS:3.0/AV:N/AC:L/PR:N/UI:N/S:U/C:N/I:N/A:H,,NewFound,
fresh_project,fresh,0.5.0,NotFound,CVE-2017-16119,HIGH,7.5,NVD,3,CVSS:3.0/AV:N/AC:L/PR:N/UI:N/S:U/C:N/I:N/A:H,,NewFound,
unknown,fresh,0.5.2,NotFound,GMS-2017-232,UNKNOWN,unknown,GAD,unknown,unknown,,NewFound,
unknown,fsevents,1.0.17,NotFound,CVE-2023-45311,CRITICAL,9.8,NVD,3,CVSS:3.1/AV:N/AC:L/PR:N/UI:N/S:U/C:H/I:H/A:H,,NewFound,
unknown,fsevents,1.0.17,NotFound,GMS-2023-2160,UNKNOWN,unknown,GAD,unknown,unknown,,NewFound,
fsevents_project,fsevents,1.0.17,NotFound,CVE-2023-45311,CRITICAL,9.8,NVD,3,CVSS:3.1/AV:N/AC:L/PR:N/UI:N/S:U/C:H/I:H/A:H,,NewFound,
unknown,fsevents,1.1.1,NotFound,CVE-2023-45311,CRITICAL,9.8,NVD,3,CVSS:3.1/AV:N/AC:L/PR:N/UI:N/S:U/C:H/I:H/A:H,,NewFound,
unknown,fsevents,1.1.1,NotFound,GMS-2023-2160,UNKNOWN,unknown,GAD,unknown,unknown,,NewFound,
fsevents_project,fsevents,1.1.1,NotFound,CVE-2023-45311,CRITICAL,9.8,NVD,3,CVSS:3.1/AV:N/AC:L/PR:N/UI:N/S:U/C:H/I:H/A:H,,NewFound,
unknown,fsevents,1.1.2,NotFound,CVE-2023-45311,CRITICAL,9.8,NVD,3,CVSS:3.1/AV:N/AC:L/PR:N/UI:N/S:U/C:H/I:H/A:H,,NewFound,
unknown,fsevents,1.1.2,NotFound,GMS-2023-2160,UNKNOWN,unknown,GAD,unknown,unknown,,NewFound,
fsevents_project,fsevents,1.1.2,NotFound,CVE-2023-45311,CRITICAL,9.8,NVD,3,CVSS:3.1/AV:N/AC:L/PR:N/UI:N/S:U/C:H/I:H/A:H,,NewFound,
unknown,fsevents,1.1.3,NotFound,CVE-2023-45311,CRITICAL,9.8,NVD,3,CVSS:3.1/AV:N/AC:L/PR:N/UI:N/S:U/C:H/I:H/A:H,,NewFound,
unknown,fsevents,1.1.3,NotFound,GMS-2023-2160,UNKNOWN,unknown,GAD,unknown,unknown,,NewFound,
fsevents_project,fsevents,1.1.3,NotFound,CVE-2023-45311,CRITICAL,9.8,NVD,3,CVSS:3.1/AV:N/AC:L/PR:N/UI:N/S:U/C:H/I:H/A:H,,NewFound,
unknown,fstream,1.0.10,NotFound,CVE-2019-13173,HIGH,7.5,NVD,3,CVSS:3.0/AV:N/AC:L/PR:N/UI:N/S:U/C:N/I:H/A:N,,NewFound,
fstream_project,fstream,1.0.10,NotFound,CVE-2019-13173,HIGH,7.5,NVD,3,CVSS:3.0/AV:N/AC:L/PR:N/UI:N/S:U/C:N/I:H/A:N,,NewFound,
unknown,fstream,1.0.11,NotFound,CVE-2019-13173,HIGH,7.5,NVD,3,CVSS:3.0/AV:N/AC:L/PR:N/UI:N/S:U/C:N/I:H/A:N,,NewFound,
fstream_project,fstream,1.0.11,NotFound,CVE-2019-13173,HIGH,7.5,NVD,3,CVSS:3.0/AV:N/AC:L/PR:N/UI:N/S:U/C:N/I:H/A:N,,NewFound,
unknown,glob-parent,2.0.0,NotFound,CVE-2020-28469,HIGH,7.5,NVD,3,CVSS:3.1/AV:N/AC:L/PR:N/UI:N/S:U/C:N/I:N/A:H,,NewFound,
gulpjs,glob-parent,2.0.0,NotFound,CVE-2020-28469,HIGH,7.5,NVD,3,CVSS:3.1/AV:N/AC:L/PR:N/UI:N/S:U/C:N/I:N/A:H,,NewFound,
unknown,glob-parent,3.1.0,NotFound,CVE-2020-28469,HIGH,7.5,NVD,3,CVSS:3.1/AV:N/AC:L/PR:N/UI:N/S:U/C:N/I:N/A:H,,NewFound,
gulpjs,glob-parent,3.1.0,NotFound,CVE-2020-28469,HIGH,7.5,NVD,3,CVSS:3.1/AV:N/AC:L/PR:N/UI:N/S:U/C:N/I:N/A:H,,NewFound,
unknown,glob-parent,5.1.1,NotFound,CVE-2020-28469,HIGH,7.5,NVD,3,CVSS:3.1/AV:N/AC:L/PR:N/UI:N/S:U/C:N/I:N/A:H,,NewFound,
gulpjs,glob-parent,5.1.1,NotFound,CVE-2020-28469,HIGH,7.5,NVD,3,CVSS:3.1/AV:N/AC:L/PR:N/UI:N/S:U/C:N/I:N/A:H,,NewFound,
unknown,got,5.7.1,NotFound,CVE-2022-33987,MEDIUM,5.3,NVD,3,CVSS:3.1/AV:N/AC:L/PR:N/UI:N/S:U/C:N/I:L/A:N,,NewFound,
got_project,got,5.7.1,NotFound,CVE-2022-33987,MEDIUM,5.3,NVD,3,CVSS:3.1/AV:N/AC:L/PR:N/UI:N/S:U/C:N/I:L/A:N,,NewFound,
unknown,got,6.7.1,NotFound,CVE-2022-33987,MEDIUM,5.3,NVD,3,CVSS:3.1/AV:N/AC:L/PR:N/UI:N/S:U/C:N/I:L/A:N,,NewFound,
got_project,got,6.7.1,NotFound,CVE-2022-33987,MEDIUM,5.3,NVD,3,CVSS:3.1/AV:N/AC:L/PR:N/UI:N/S:U/C:N/I:L/A:N,,NewFound,
unknown,got,9.6.0,NotFound,CVE-2022-33987,MEDIUM,5.3,NVD,3,CVSS:3.1/AV:N/AC:L/PR:N/UI:N/S:U/C:N/I:L/A:N,,NewFound,
got_project,got,9.6.0,NotFound,CVE-2022-33987,MEDIUM,5.3,NVD,3,CVSS:3.1/AV:N/AC:L/PR:N/UI:N/S:U/C:N/I:L/A:N,,NewFound,
unknown,growl,1.8.1,NotFound,CVE-2017-16042,CRITICAL,9.8,NVD,3,CVSS:3.0/AV:N/AC:L/PR:N/UI:N/S:U/C:H/I:H/A:H,,NewFound,
unknown,growl,1.8.1,NotFound,GMS-2016-47,UNKNOWN,unknown,GAD,unknown,unknown,,NewFound,
growl_project,growl,1.8.1,NotFound,CVE-2017-16042,CRITICAL,9.8,NVD,3,CVSS:3.0/AV:N/AC:L/PR:N/UI:N/S:U/C:H/I:H/A:H,,NewFound,
unknown,hawk,3.1.3,NotFound,CVE-2022-29167,HIGH,7.5,NVD,3,CVSS:3.1/AV:N/AC:L/PR:N/UI:N/S:U/C:N/I:N/A:H,,NewFound,
mozilla,hawk,3.1.3,NotFound,CVE-2022-29167,HIGH,7.5,NVD,3,CVSS:3.1/AV:N/AC:L/PR:N/UI:N/S:U/C:N/I:N/A:H,,NewFound,
tibco,hawk,3.1.3,NotFound,CVE-2023-26219,HIGH,8.8,NVD,3,CVSS:3.1/AV:N/AC:L/PR:L/UI:N/S:U/C:H/I:H/A:H,,NewFound,
unknown,hoek,2.16.3,NotFound,CVE-2018-3728,HIGH,8.8,GAD,3,CVSS:3.0/AV:N/AC:L/PR:L/UI:N/S:U/C:H/I:H/A:H,,NewFound,
unknown,hoek,2.16.3,NotFound,CVE-2020-36604,HIGH,8.1,GAD,3,CVSS:3.1/AV:N/AC:H/PR:N/UI:N/S:U/C:H/I:H/A:H,,NewFound,
hapijs,hoek,2.16.3,NotFound,CVE-2018-3728,HIGH,8.8,GAD,3,CVSS:3.0/AV:N/AC:L/PR:L/UI:N/S:U/C:H/I:H/A:H,,NewFound,
hapijs,hoek,2.16.3,NotFound,CVE-2020-36604,HIGH,8.1,GAD,3,CVSS:3.1/AV:N/AC:H/PR:N/UI:N/S:U/C:H/I:H/A:H,,NewFound,
unknown,hosted-git-info,2.1.5,NotFound,CVE-2021-23362,MEDIUM,5.3,NVD,3,CVSS:3.1/AV:N/AC:L/PR:N/UI:N/S:U/C:N/I:N/A:L,,NewFound,
npmjs,hosted-git-info,2.1.5,NotFound,CVE-2021-23362,MEDIUM,5.3,NVD,3,CVSS:3.1/AV:N/AC:L/PR:N/UI:N/S:U/C:N/I:N/A:L,,NewFound,
unknown,html-minifier,3.2.3,/usr/lib/python3.12/html,CVE-2022-37620,HIGH,7.5,GAD,3,CVSS:3.1/AV:N/AC:L/PR:N/UI:N/S:U/C:N/I:N/A:H,,NewFound,
kangax,html-minifier,3.2.3,/usr/lib/python3.12/html,CVE-2022-37620,HIGH,7.5,GAD,3,CVSS:3.1/AV:N/AC:L/PR:N/UI:N/S:U/C:N/I:N/A:H,,NewFound,
unknown,html-minifier,3.5.21,/usr/lib/python3.12/html,CVE-2022-37620,HIGH,7.5,GAD,3,CVSS:3.1/AV:N/AC:L/PR:N/UI:N/S:U/C:N/I:N/A:H,,NewFound,
kangax,html-minifier,3.5.21,/usr/lib/python3.12/html,CVE-2022-37620,HIGH,7.5,GAD,3,CVSS:3.1/AV:N/AC:L/PR:N/UI:N/S:U/C:N/I:N/A:H,,NewFound,
unknown,html-minifier,3.5.3,/usr/lib/python3.12/html,CVE-2022-37620,HIGH,7.5,GAD,3,CVSS:3.1/AV:N/AC:L/PR:N/UI:N/S:U/C:N/I:N/A:H,,NewFound,
kangax,html-minifier,3.5.3,/usr/lib/python3.12/html,CVE-2022-37620,HIGH,7.5,GAD,3,CVSS:3.1/AV:N/AC:L/PR:N/UI:N/S:U/C:N/I:N/A:H,,NewFound,
unknown,html-minifier,3.5.6,/usr/lib/python3.12/html,CVE-2022-37620,HIGH,7.5,GAD,3,CVSS:3.1/AV:N/AC:L/PR:N/UI:N/S:U/C:N/I:N/A:H,,NewFound,
kangax,html-minifier,3.5.6,/usr/lib/python3.12/html,CVE-2022-37620,HIGH,7.5,GAD,3,CVSS:3.1/AV:N/AC:L/PR:N/UI:N/S:U/C:N/I:N/A:H,,NewFound,
terser,html-minifier-terser,6.1.0,/usr/lib/python3.12/html,CVE-2022-37620,HIGH,7.5,GAD,3,CVSS:3.1/AV:N/AC:L/PR:N/UI:N/S:U/C:N/I:N/A:H,,NewFound,
unknown,http-cache-semantics,4.1.0,/usr/lib/python3.12/http,CVE-2022-25881,HIGH,7.5,NVD,3,CVSS:3.1/AV:N/AC:L/PR:N/UI:N/S:U/C:N/I:N/A:H,,NewFound,
http-cache-semantics_project,http-cache-semantics,4.1.0,/usr/lib/python3.12/http,CVE-2022-25881,HIGH,7.5,NVD,3,CVSS:3.1/AV:N/AC:L/PR:N/UI:N/S:U/C:N/I:N/A:H,,NewFound,
unknown,http-proxy,1.16.2,/usr/lib/python3.12/http,GMS-2020-737,UNKNOWN,unknown,GAD,unknown,unknown,,NewFound,
unknown,http-proxy-middleware,0.17.3,/usr/lib/python3.12/http,CVE-2024-21536,HIGH,7.5,NVD,3,CVSS:3.1/AV:N/AC:L/PR:N/UI:N/S:U/C:N/I:N/A:H,,NewFound,
chimurai,http-proxy-middleware,0.17.3,/usr/lib/python3.12/http,CVE-2024-21536,HIGH,7.5,NVD,3,CVSS:3.1/AV:N/AC:L/PR:N/UI:N/S:U/C:N/I:N/A:H,,NewFound,
unknown,http-proxy-middleware,0.17.4,/usr/lib/python3.12/http,CVE-2024-21536,HIGH,7.5,NVD,3,CVSS:3.1/AV:N/AC:L/PR:N/UI:N/S:U/C:N/I:N/A:H,,NewFound,
chimurai,http-proxy-middleware,0.17.4,/usr/lib/python3.12/http,CVE-2024-21536,HIGH,7.5,NVD,3,CVSS:3.1/AV:N/AC:L/PR:N/UI:N/S:U/C:N/I:N/A:H,,NewFound,
unknown,http-proxy-middleware,2.0.6,/usr/lib/python3.12/http,CVE-2024-21536,HIGH,7.5,NVD,3,CVSS:3.1/AV:N/AC:L/PR:N/UI:N/S:U/C:N/I:N/A:H,,NewFound,
unknown,http-proxy-middleware,2.0.6,/usr/lib/python3.12/http,CVE-2025-32996,MEDIUM,4,GAD,3,CVSS:3.1/AV:N/AC:H/PR:N/UI:N/S:C/C:N/I:N/A:L,,NewFound,
unknown,http-proxy-middleware,2.0.6,/usr/lib/python3.12/http,CVE-2025-32997,MEDIUM,4,GAD,3,CVSS:3.1/AV:N/AC:H/PR:N/UI:N/S:C/C:N/I:L/A:N,,NewFound,
chimurai,http-proxy-middleware,2.0.6,/usr/lib/python3.12/http,CVE-2024-21536,HIGH,7.5,NVD,3,CVSS:3.1/AV:N/AC:L/PR:N/UI:N/S:U/C:N/I:N/A:H,,NewFound,
unknown,http-proxy-middleware,2.0.7,/usr/lib/python3.12/http,CVE-2025-32996,MEDIUM,4,GAD,3,CVSS:3.1/AV:N/AC:H/PR:N/UI:N/S:C/C:N/I:N/A:L,,NewFound,
unknown,http-proxy-middleware,2.0.7,/usr/lib/python3.12/http,CVE-2025-32997,MEDIUM,4,GAD,3,CVSS:3.1/AV:N/AC:H/PR:N/UI:N/S:C/C:N/I:L/A:N,,NewFound,
unknown,http-proxy-middleware,3.0.3,/usr/lib/python3.12/http,CVE-2025-32996,MEDIUM,4,GAD,3,CVSS:3.1/AV:N/AC:H/PR:N/UI:N/S:C/C:N/I:N/A:L,,NewFound,
unknown,http-proxy-middleware,3.0.3,/usr/lib/python3.12/http,CVE-2025-32997,MEDIUM,4,GAD,3,CVSS:3.1/AV:N/AC:H/PR:N/UI:N/S:C/C:N/I:L/A:N,,NewFound,
kazu-yamamoto,http2,3.3.6,NotFound,CVE-2023-44487,HIGH,7.5,GAD,3,CVSS:3.1/AV:N/AC:L/PR:N/UI:N/S:U/C:N/I:N/A:H,,NewFound,
unknown,image-size,1.1.1,NotFound,GHSA-m5qc-5hw7-8vg7,HIGH,7.5,GAD,3,CVSS:3.1/AV:N/AC:L/PR:N/UI:N/S:U/C:N/I:N/A:H,,NewFound,
unknown,ini,1.3.4,NotFound,CVE-2020-7788,CRITICAL,9.8,NVD,3,CVSS:3.1/AV:N/AC:L/PR:N/UI:N/S:U/C:H/I:H/A:H,,NewFound,
ini_project,ini,1.3.4,NotFound,CVE-2020-7788,CRITICAL,9.8,NVD,3,CVSS:3.1/AV:N/AC:L/PR:N/UI:N/S:U/C:H/I:H/A:H,,NewFound,
unknown,ini,1.3.5,NotFound,CVE-2020-7788,CRITICAL,9.8,NVD,3,CVSS:3.1/AV:N/AC:L/PR:N/UI:N/S:U/C:H/I:H/A:H,,NewFound,
ini_project,ini,1.3.5,NotFound,CVE-2020-7788,CRITICAL,9.8,NVD,3,CVSS:3.1/AV:N/AC:L/PR:N/UI:N/S:U/C:H/I:H/A:H,,NewFound,
unknown,ip,1.1.5,/usr/bin/ip,CVE-2023-42282,CRITICAL,9.8,NVD,3,CVSS:3.1/AV:N/AC:L/PR:N/UI:N/S:U/C:H/I:H/A:H,,NewFound,
unknown,ip,1.1.5,/usr/bin/ip,CVE-2024-29415,UNKNOWN,unknown,NVD,unknown,unknown,,NewFound,
fedorindutny,ip,1.1.5,/usr/bin/ip,CVE-2023-42282,CRITICAL,9.8,NVD,3,CVSS:3.1/AV:N/AC:L/PR:N/UI:N/S:U/C:H/I:H/A:H,,NewFound,
unknown,ip,1.1.9,/usr/bin/ip,CVE-2024-29415,UNKNOWN,unknown,NVD,unknown,unknown,,NewFound,
unknown,is-svg,2.1.0,NotFound,CVE-2021-28092,HIGH,7.5,NVD,3,CVSS:3.1/AV:N/AC:L/PR:N/UI:N/S:U/C:N/I:N/A:H,,NewFound,
unknown,is-svg,2.1.0,NotFound,CVE-2021-29059,HIGH,7.5,NVD,3,CVSS:3.1/AV:N/AC:L/PR:N/UI:N/S:U/C:N/I:N/A:H,,NewFound,
is-svg_project,is-svg,2.1.0,NotFound,CVE-2021-28092,HIGH,7.5,NVD,3,CVSS:3.1/AV:N/AC:L/PR:N/UI:N/S:U/C:N/I:N/A:H,,NewFound,
is-svg_project,is-svg,2.1.0,NotFound,CVE-2021-29059,HIGH,7.5,NVD,3,CVSS:3.1/AV:N/AC:L/PR:N/UI:N/S:U/C:N/I:N/A:H,,NewFound,
latchset,jose,5.4.1,NotFound,CVE-2023-50967,UNKNOWN,unknown,NVD,unknown,unknown,,NewFound,
unknown,jpeg-js,0.1.2,NotFound,CVE-2020-8175,MEDIUM,5.5,NVD,3,CVSS:3.1/AV:L/AC:L/PR:N/UI:R/S:U/C:N/I:N/A:H,,NewFound,
unknown,jpeg-js,0.1.2,NotFound,CVE-2022-25851,HIGH,7.5,NVD,3,CVSS:3.1/AV:N/AC:L/PR:N/UI:N/S:U/C:N/I:N/A:H,,NewFound,
jpeg-js_project,jpeg-js,0.1.2,NotFound,CVE-2020-8175,MEDIUM,5.5,NVD,3,CVSS:3.1/AV:L/AC:L/PR:N/UI:R/S:U/C:N/I:N/A:H,,NewFound,
jpeg-js_project,jpeg-js,0.1.2,NotFound,CVE-2022-25851,HIGH,7.5,NVD,3,CVSS:3.1/AV:N/AC:L/PR:N/UI:N/S:U/C:N/I:N/A:H,,NewFound,
unknown,js-yaml,4.1.0,/home/jason/SBOM EVal and Validation/sbomCVE/sbom_env/lib/python3.12/site-packages/yaml,CVE-2025-64718,MEDIUM,5.3,GAD,3,CVSS:3.1/AV:N/AC:L/PR:N/UI:N/S:U/C:N/I:L/A:N,,NewFound,
unknown,json-schema,0.2.3,/usr/lib/python3.12/json,CVE-2021-3918,CRITICAL,9.8,NVD,3,CVSS:3.1/AV:N/AC:L/PR:N/UI:N/S:U/C:H/I:H/A:H,,NewFound,
json-schema_project,json-schema,0.2.3,/usr/lib/python3.12/json,CVE-2021-3918,CRITICAL,9.8,NVD,3,CVSS:3.1/AV:N/AC:L/PR:N/UI:N/S:U/C:H/I:H/A:H,,NewFound,
unknown,json5,0.5.1,NotFound,CVE-2022-46175,HIGH,8.8,NVD,3,CVSS:3.1/AV:N/AC:L/PR:L/UI:N/S:U/C:H/I:H/A:H,,NewFound,
json5,json5,0.5.1,NotFound,CVE-2022-46175,HIGH,8.8,NVD,3,CVSS:3.1/AV:N/AC:L/PR:L/UI:N/S:U/C:H/I:H/A:H,,NewFound,
unknown,json5,1.0.1,NotFound,CVE-2022-46175,HIGH,8.8,NVD,3,CVSS:3.1/AV:N/AC:L/PR:L/UI:N/S:U/C:H/I:H/A:H,,NewFound,
json5,json5,1.0.1,NotFound,CVE-2022-46175,HIGH,8.8,NVD,3,CVSS:3.1/AV:N/AC:L/PR:L/UI:N/S:U/C:H/I:H/A:H,,NewFound,
unknown,json5,2.1.3,NotFound,CVE-2022-46175,HIGH,8.8,NVD,3,CVSS:3.1/AV:N/AC:L/PR:L/UI:N/S:U/C:H/I:H/A:H,,NewFound,
json5,json5,2.1.3,NotFound,CVE-2022-46175,HIGH,8.8,NVD,3,CVSS:3.1/AV:N/AC:L/PR:L/UI:N/S:U/C:H/I:H/A:H,,NewFound,
unknown,jsonpath,1.1.1,NotFound,CVE-2025-61140,CRITICAL,9.8,GAD,3,CVSS:3.1/AV:N/AC:L/PR:N/UI:N/S:U/C:H/I:H/A:H,,NewFound,
unknown,jsonpath,1.1.1,NotFound,CVE-2026-1615,CRITICAL,9.8,GAD,3,CVSS:3.1/AV:N/AC:L/PR:N/UI:N/S:U/C:H/I:H/A:H,,NewFound,
unknown,kind-of,6.0.2,NotFound,CVE-2019-20149,HIGH,7.5,NVD,3,CVSS:3.1/AV:N/AC:L/PR:N/UI:N/S:U/C:N/I:H/A:N,,NewFound,
kind-of_project,kind-of,6.0.2,NotFound,CVE-2019-20149,HIGH,7.5,NVD,3,CVSS:3.1/AV:N/AC:L/PR:N/UI:N/S:U/C:N/I:H/A:N,,NewFound,
unknown,loader-utils,0.2.16,NotFound,CVE-2022-37601,CRITICAL,9.8,NVD,3,CVSS:3.1/AV:N/AC:L/PR:N/UI:N/S:U/C:H/I:H/A:H,,NewFound,
unknown,loader-utils,0.2.16,NotFound,CVE-2022-37603,HIGH,7.5,NVD,3,CVSS:3.1/AV:N/AC:L/PR:N/UI:N/S:U/C:N/I:N/A:H,,NewFound,
webpack.js,loader-utils,0.2.16,NotFound,CVE-2022-37601,CRITICAL,9.8,NVD,3,CVSS:3.1/AV:N/AC:L/PR:N/UI:N/S:U/C:H/I:H/A:H,,NewFound,
webpack.js,loader-utils,0.2.16,NotFound,CVE-2022-37603,HIGH,7.5,NVD,3,CVSS:3.1/AV:N/AC:L/PR:N/UI:N/S:U/C:N/I:N/A:H,,NewFound,
unknown,loader-utils,0.2.17,NotFound,CVE-2022-37601,CRITICAL,9.8,NVD,3,CVSS:3.1/AV:N/AC:L/PR:N/UI:N/S:U/C:H/I:H/A:H,,NewFound,
unknown,loader-utils,0.2.17,NotFound,CVE-2022-37603,HIGH,7.5,NVD,3,CVSS:3.1/AV:N/AC:L/PR:N/UI:N/S:U/C:N/I:N/A:H,,NewFound,
webpack.js,loader-utils,0.2.17,NotFound,CVE-2022-37601,CRITICAL,9.8,NVD,3,CVSS:3.1/AV:N/AC:L/PR:N/UI:N/S:U/C:H/I:H/A:H,,NewFound,
webpack.js,loader-utils,0.2.17,NotFound,CVE-2022-37603,HIGH,7.5,NVD,3,CVSS:3.1/AV:N/AC:L/PR:N/UI:N/S:U/C:N/I:N/A:H,,NewFound,
unknown,loader-utils,1.1.0,NotFound,CVE-2022-37599,HIGH,7.5,GAD,3,CVSS:3.1/AV:N/AC:L/PR:N/UI:N/S:U/C:N/I:N/A:H,,NewFound,
unknown,loader-utils,1.1.0,NotFound,CVE-2022-37601,CRITICAL,9.8,NVD,3,CVSS:3.1/AV:N/AC:L/PR:N/UI:N/S:U/C:H/I:H/A:H,,NewFound,
unknown,loader-utils,1.1.0,NotFound,CVE-2022-37603,HIGH,7.5,NVD,3,CVSS:3.1/AV:N/AC:L/PR:N/UI:N/S:U/C:N/I:N/A:H,,NewFound,
webpack.js,loader-utils,1.1.0,NotFound,CVE-2022-37599,HIGH,7.5,GAD,3,CVSS:3.1/AV:N/AC:L/PR:N/UI:N/S:U/C:N/I:N/A:H,,NewFound,
webpack.js,loader-utils,1.1.0,NotFound,CVE-2022-37601,CRITICAL,9.8,NVD,3,CVSS:3.1/AV:N/AC:L/PR:N/UI:N/S:U/C:H/I:H/A:H,,NewFound,
webpack.js,loader-utils,1.1.0,NotFound,CVE-2022-37603,HIGH,7.5,NVD,3,CVSS:3.1/AV:N/AC:L/PR:N/UI:N/S:U/C:N/I:N/A:H,,NewFound,
unknown,loader-utils,1.2.3,NotFound,CVE-2022-37599,HIGH,7.5,GAD,3,CVSS:3.1/AV:N/AC:L/PR:N/UI:N/S:U/C:N/I:N/A:H,,NewFound,
unknown,loader-utils,1.2.3,NotFound,CVE-2022-37601,CRITICAL,9.8,NVD,3,CVSS:3.1/AV:N/AC:L/PR:N/UI:N/S:U/C:H/I:H/A:H,,NewFound,
unknown,loader-utils,1.2.3,NotFound,CVE-2022-37603,HIGH,7.5,NVD,3,CVSS:3.1/AV:N/AC:L/PR:N/UI:N/S:U/C:N/I:N/A:H,,NewFound,
webpack.js,loader-utils,1.2.3,NotFound,CVE-2022-37599,HIGH,7.5,GAD,3,CVSS:3.1/AV:N/AC:L/PR:N/UI:N/S:U/C:N/I:N/A:H,,NewFound,
webpack.js,loader-utils,1.2.3,NotFound,CVE-2022-37601,CRITICAL,9.8,NVD,3,CVSS:3.1/AV:N/AC:L/PR:N/UI:N/S:U/C:H/I:H/A:H,,NewFound,
webpack.js,loader-utils,1.2.3,NotFound,CVE-2022-37603,HIGH,7.5,NVD,3,CVSS:3.1/AV:N/AC:L/PR:N/UI:N/S:U/C:N/I:N/A:H,,NewFound,
unknown,loader-utils,1.4.0,NotFound,CVE-2022-37599,HIGH,7.5,GAD,3,CVSS:3.1/AV:N/AC:L/PR:N/UI:N/S:U/C:N/I:N/A:H,,NewFound,
unknown,loader-utils,1.4.0,NotFound,CVE-2022-37601,CRITICAL,9.8,NVD,3,CVSS:3.1/AV:N/AC:L/PR:N/UI:N/S:U/C:H/I:H/A:H,,NewFound,
unknown,loader-utils,1.4.0,NotFound,CVE-2022-37603,HIGH,7.5,NVD,3,CVSS:3.1/AV:N/AC:L/PR:N/UI:N/S:U/C:N/I:N/A:H,,NewFound,
webpack.js,loader-utils,1.4.0,NotFound,CVE-2022-37599,HIGH,7.5,GAD,3,CVSS:3.1/AV:N/AC:L/PR:N/UI:N/S:U/C:N/I:N/A:H,,NewFound,
webpack.js,loader-utils,1.4.0,NotFound,CVE-2022-37601,CRITICAL,9.8,NVD,3,CVSS:3.1/AV:N/AC:L/PR:N/UI:N/S:U/C:H/I:H/A:H,,NewFound,
webpack.js,loader-utils,1.4.0,NotFound,CVE-2022-37603,HIGH,7.5,NVD,3,CVSS:3.1/AV:N/AC:L/PR:N/UI:N/S:U/C:N/I:N/A:H,,NewFound,
unknown,loader-utils,2.0.0,NotFound,CVE-2022-37599,HIGH,7.5,GAD,3,CVSS:3.1/AV:N/AC:L/PR:N/UI:N/S:U/C:N/I:N/A:H,,NewFound,
unknown,loader-utils,2.0.0,NotFound,CVE-2022-37601,CRITICAL,9.8,NVD,3,CVSS:3.1/AV:N/AC:L/PR:N/UI:N/S:U/C:H/I:H/A:H,,NewFound,
unknown,loader-utils,2.0.0,NotFound,CVE-2022-37603,HIGH,7.5,NVD,3,CVSS:3.1/AV:N/AC:L/PR:N/UI:N/S:U/C:N/I:N/A:H,,NewFound,
webpack.js,loader-utils,2.0.0,NotFound,CVE-2022-37599,HIGH,7.5,GAD,3,CVSS:3.1/AV:N/AC:L/PR:N/UI:N/S:U/C:N/I:N/A:H,,NewFound,
webpack.js,loader-utils,2.0.0,NotFound,CVE-2022-37601,CRITICAL,9.8,NVD,3,CVSS:3.1/AV:N/AC:L/PR:N/UI:N/S:U/C:H/I:H/A:H,,NewFound,
webpack.js,loader-utils,2.0.0,NotFound,CVE-2022-37603,HIGH,7.5,NVD,3,CVSS:3.1/AV:N/AC:L/PR:N/UI:N/S:U/C:N/I:N/A:H,,NewFound,
unknown,loader-utils,3.2.0,NotFound,CVE-2022-37599,HIGH,7.5,GAD,3,CVSS:3.1/AV:N/AC:L/PR:N/UI:N/S:U/C:N/I:N/A:H,,NewFound,
unknown,loader-utils,3.2.0,NotFound,CVE-2022-37603,HIGH,7.5,NVD,3,CVSS:3.1/AV:N/AC:L/PR:N/UI:N/S:U/C:N/I:N/A:H,,NewFound,
webpack.js,loader-utils,3.2.0,NotFound,CVE-2022-37599,HIGH,7.5,GAD,3,CVSS:3.1/AV:N/AC:L/PR:N/UI:N/S:U/C:N/I:N/A:H,,NewFound,
webpack.js,loader-utils,3.2.0,NotFound,CVE-2022-37603,HIGH,7.5,NVD,3,CVSS:3.1/AV:N/AC:L/PR:N/UI:N/S:U/C:N/I:N/A:H,,NewFound,
unknown,lodash,4.17.11,NotFound,CVE-2019-10744,CRITICAL,9.1,GAD,3,CVSS:3.1/AV:N/AC:L/PR:N/UI:N/S:U/C:N/I:H/A:H,,NewFound,
unknown,lodash,4.17.11,NotFound,CVE-2020-28500,MEDIUM,5.3,GAD,3,CVSS:3.1/AV:N/AC:L/PR:N/UI:N/S:U/C:N/I:N/A:L,,NewFound,
unknown,lodash,4.17.11,NotFound,CVE-2020-8203,HIGH,7.4,GAD,3,CVSS:3.1/AV:N/AC:H/PR:N/UI:N/S:U/C:N/I:H/A:H,,NewFound,
unknown,lodash,4.17.11,NotFound,CVE-2021-23337,HIGH,7.2,GAD,3,CVSS:3.1/AV:N/AC:L/PR:H/UI:N/S:U/C:H/I:H/A:H,,NewFound,
unknown,lodash,4.17.11,NotFound,CVE-2025-13465,HIGH,8.2,REDHAT,3,CVSS:3.1/AV:N/AC:L/PR:N/UI:N/S:U/C:N/I:L/A:H,,NewFound,
lodash,lodash,4.17.11,NotFound,CVE-2019-10744,CRITICAL,9.1,GAD,3,CVSS:3.1/AV:N/AC:L/PR:N/UI:N/S:U/C:N/I:H/A:H,,NewFound,
lodash,lodash,4.17.11,NotFound,CVE-2020-28500,MEDIUM,5.3,GAD,3,CVSS:3.1/AV:N/AC:L/PR:N/UI:N/S:U/C:N/I:N/A:L,,NewFound,
lodash,lodash,4.17.11,NotFound,CVE-2020-8203,HIGH,7.4,GAD,3,CVSS:3.1/AV:N/AC:H/PR:N/UI:N/S:U/C:N/I:H/A:H,,NewFound,
lodash,lodash,4.17.11,NotFound,CVE-2021-23337,HIGH,7.2,GAD,3,CVSS:3.1/AV:N/AC:L/PR:H/UI:N/S:U/C:H/I:H/A:H,,NewFound,
unknown,lodash,4.17.21,NotFound,CVE-2025-13465,HIGH,8.2,REDHAT,3,CVSS:3.1/AV:N/AC:L/PR:N/UI:N/S:U/C:N/I:L/A:H,,NewFound,
unknown,lodash,4.17.4,NotFound,CVE-2018-16487,MEDIUM,5.6,GAD,3,CVSS:3.1/AV:N/AC:H/PR:N/UI:N/S:U/C:L/I:L/A:L,,NewFound,
unknown,lodash,4.17.4,NotFound,CVE-2018-3721,MEDIUM,6.5,GAD,3,CVSS:3.1/AV:N/AC:L/PR:L/UI:N/S:U/C:N/I:H/A:N,,NewFound,
unknown,lodash,4.17.4,NotFound,CVE-2019-1010266,MEDIUM,6.5,GAD,3,CVSS:3.1/AV:N/AC:L/PR:L/UI:N/S:U/C:N/I:N/A:H,,NewFound,
unknown,lodash,4.17.4,NotFound,CVE-2019-10744,CRITICAL,9.1,GAD,3,CVSS:3.1/AV:N/AC:L/PR:N/UI:N/S:U/C:N/I:H/A:H,,NewFound,
unknown,lodash,4.17.4,NotFound,CVE-2020-28500,MEDIUM,5.3,GAD,3,CVSS:3.1/AV:N/AC:L/PR:N/UI:N/S:U/C:N/I:N/A:L,,NewFound,
unknown,lodash,4.17.4,NotFound,CVE-2020-8203,HIGH,7.4,GAD,3,CVSS:3.1/AV:N/AC:H/PR:N/UI:N/S:U/C:N/I:H/A:H,,NewFound,
unknown,lodash,4.17.4,NotFound,CVE-2021-23337,HIGH,7.2,GAD,3,CVSS:3.1/AV:N/AC:L/PR:H/UI:N/S:U/C:H/I:H/A:H,,NewFound,
unknown,lodash,4.17.4,NotFound,CVE-2025-13465,HIGH,8.2,REDHAT,3,CVSS:3.1/AV:N/AC:L/PR:N/UI:N/S:U/C:N/I:L/A:H,,NewFound,
unknown,lodash,4.17.4,NotFound,GMS-2018-10,UNKNOWN,unknown,GAD,unknown,unknown,,NewFound,
lodash,lodash,4.17.4,NotFound,CVE-2018-16487,MEDIUM,5.6,GAD,3,CVSS:3.1/AV:N/AC:H/PR:N/UI:N/S:U/C:L/I:L/A:L,,NewFound,
lodash,lodash,4.17.4,NotFound,CVE-2018-3721,MEDIUM,6.5,GAD,3,CVSS:3.1/AV:N/AC:L/PR:L/UI:N/S:U/C:N/I:H/A:N,,NewFound,
lodash,lodash,4.17.4,NotFound,CVE-2019-1010266,MEDIUM,6.5,GAD,3,CVSS:3.1/AV:N/AC:L/PR:L/UI:N/S:U/C:N/I:N/A:H,,NewFound,
lodash,lodash,4.17.4,NotFound,CVE-2019-10744,CRITICAL,9.1,GAD,3,CVSS:3.1/AV:N/AC:L/PR:N/UI:N/S:U/C:N/I:H/A:H,,NewFound,
lodash,lodash,4.17.4,NotFound,CVE-2020-28500,MEDIUM,5.3,GAD,3,CVSS:3.1/AV:N/AC:L/PR:N/UI:N/S:U/C:N/I:N/A:L,,NewFound,
lodash,lodash,4.17.4,NotFound,CVE-2020-8203,HIGH,7.4,GAD,3,CVSS:3.1/AV:N/AC:H/PR:N/UI:N/S:U/C:N/I:H/A:H,,NewFound,
lodash,lodash,4.17.4,NotFound,CVE-2021-23337,HIGH,7.2,GAD,3,CVSS:3.1/AV:N/AC:L/PR:H/UI:N/S:U/C:H/I:H/A:H,,NewFound,
unknown,lodash.template,4.4.0,NotFound,CVE-2019-10744,CRITICAL,9.1,GAD,3,CVSS:3.1/AV:N/AC:L/PR:N/UI:N/S:U/C:N/I:H/A:H,,NewFound,
unknown,lodash.template,4.4.0,NotFound,CVE-2021-23337,HIGH,7.2,GAD,3,CVSS:3.1/AV:N/AC:L/PR:H/UI:N/S:U/C:H/I:H/A:H,,NewFound,
unknown,lodash.template,4.5.0,NotFound,CVE-2021-23337,HIGH,7.2,GAD,3,CVSS:3.1/AV:N/AC:L/PR:H/UI:N/S:U/C:H/I:H/A:H,,NewFound,
unknown,macaddress,0.2.8,NotFound,CVE-2018-13797,CRITICAL,9.8,NVD,3,CVSS:3.0/AV:N/AC:L/PR:N/UI:N/S:U/C:H/I:H/A:H,,NewFound,
unknown,mem,1.1.0,NotFound,GMS-2019-40,UNKNOWN,unknown,GAD,unknown,unknown,,NewFound,
unknown,merge,2.1.1,NotFound,CVE-2021-23397,CRITICAL,9.8,NVD,3,CVSS:3.1/AV:N/AC:L/PR:N/UI:N/S:U/C:H/I:H/A:H,,NewFound,
merge_project,merge,2.1.1,NotFound,CVE-2021-23397,CRITICAL,9.8,NVD,3,CVSS:3.1/AV:N/AC:L/PR:N/UI:N/S:U/C:H/I:H/A:H,,NewFound,
unknown,micromatch,2.3.11,NotFound,CVE-2024-4067,MEDIUM,5.3,NVD,3,CVSS:3.1/AV:N/AC:L/PR:N/UI:N/S:U/C:N/I:N/A:L,,NewFound,
jonschlinkert,micromatch,2.3.11,NotFound,CVE-2024-4067,MEDIUM,5.3,NVD,3,CVSS:3.1/AV:N/AC:L/PR:N/UI:N/S:U/C:N/I:N/A:L,,NewFound,
unknown,micromatch,3.1.10,NotFound,CVE-2024-4067,MEDIUM,5.3,NVD,3,CVSS:3.1/AV:N/AC:L/PR:N/UI:N/S:U/C:N/I:N/A:L,,NewFound,
jonschlinkert,micromatch,3.1.10,NotFound,CVE-2024-4067,MEDIUM,5.3,NVD,3,CVSS:3.1/AV:N/AC:L/PR:N/UI:N/S:U/C:N/I:N/A:L,,NewFound,
unknown,mime,1.2.11,/usr/lib/mime,CVE-2017-16138,HIGH,7.5,NVD,3,CVSS:3.0/AV:N/AC:L/PR:N/UI:N/S:U/C:N/I:N/A:H,,NewFound,
unknown,mime,1.2.11,/usr/lib/mime,GMS-2017-247,UNKNOWN,unknown,GAD,unknown,unknown,,NewFound,
mime_project,mime,1.2.11,/usr/lib/mime,CVE-2017-16138,HIGH,7.5,NVD,3,CVSS:3.0/AV:N/AC:L/PR:N/UI:N/S:U/C:N/I:N/A:H,,NewFound,
unknown,mime,1.3.4,/usr/lib/mime,CVE-2017-16138,HIGH,7.5,NVD,3,CVSS:3.0/AV:N/AC:L/PR:N/UI:N/S:U/C:N/I:N/A:H,,NewFound,
unknown,mime,1.3.4,/usr/lib/mime,GMS-2017-247,UNKNOWN,unknown,GAD,unknown,unknown,,NewFound,
mime_project,mime,1.3.4,/usr/lib/mime,CVE-2017-16138,HIGH,7.5,NVD,3,CVSS:3.0/AV:N/AC:L/PR:N/UI:N/S:U/C:N/I:N/A:H,,NewFound,
unknown,mime,1.3.6,/usr/lib/mime,CVE-2017-16138,HIGH,7.5,NVD,3,CVSS:3.0/AV:N/AC:L/PR:N/UI:N/S:U/C:N/I:N/A:H,,NewFound,
unknown,mime,1.3.6,/usr/lib/mime,GMS-2017-247,UNKNOWN,unknown,GAD,unknown,unknown,,NewFound,
mime_project,mime,1.3.6,/usr/lib/mime,CVE-2017-16138,HIGH,7.5,NVD,3,CVSS:3.0/AV:N/AC:L/PR:N/UI:N/S:U/C:N/I:N/A:H,,NewFound,
unknown,minimatch,3.0.4,NotFound,CVE-2022-3517,HIGH,7.5,NVD,3,CVSS:3.1/AV:N/AC:L/PR:N/UI:N/S:U/C:N/I:N/A:H,,NewFound,
unknown,minimatch,3.0.4,NotFound,CVE-2026-26996,HIGH,7.5,GAD,3,CVSS:3.1/AV:N/AC:L/PR:N/UI:N/S:U/C:N/I:N/A:H,,NewFound,
unknown,minimatch,3.0.4,NotFound,CVE-2026-27903,HIGH,7.5,GAD,3,CVSS:3.1/AV:N/AC:L/PR:N/UI:N/S:U/C:N/I:N/A:H,,NewFound,
unknown,minimatch,3.0.4,NotFound,CVE-2026-27904,HIGH,7.5,GAD,3,CVSS:3.1/AV:N/AC:L/PR:N/UI:N/S:U/C:N/I:N/A:H,,NewFound,
minimatch_project,minimatch,3.0.4,NotFound,CVE-2022-3517,HIGH,7.5,NVD,3,CVSS:3.1/AV:N/AC:L/PR:N/UI:N/S:U/C:N/I:N/A:H,,NewFound,
unknown,minimist,1.2.5,NotFound,CVE-2021-44906,CRITICAL,9.8,NVD,3,CVSS:3.1/AV:N/AC:L/PR:N/UI:N/S:U/C:H/I:H/A:H,,NewFound,
substack,minimist,1.2.5,NotFound,CVE-2021-44906,CRITICAL,9.8,NVD,3,CVSS:3.1/AV:N/AC:L/PR:N/UI:N/S:U/C:H/I:H/A:H,,NewFound,
unknown,mout,1.1.0,NotFound,CVE-2020-7792,HIGH,7.5,NVD,2,AV:N/AC:L/Au:N/C:P/I:P/A:P,,NewFound,
unknown,mout,1.1.0,NotFound,CVE-2022-21213,HIGH,7.5,NVD,3,CVSS:3.1/AV:N/AC:L/PR:N/UI:N/S:U/C:N/I:N/A:H,,NewFound,
moutjs,mout,1.1.0,NotFound,CVE-2020-7792,HIGH,7.5,NVD,2,AV:N/AC:L/Au:N/C:P/I:P/A:P,,NewFound,
moutjs,mout,1.1.0,NotFound,CVE-2022-21213,HIGH,7.5,NVD,3,CVSS:3.1/AV:N/AC:L/PR:N/UI:N/S:U/C:N/I:N/A:H,,NewFound,
unknown,mout,1.2.4,NotFound,CVE-2020-7792,HIGH,7.5,NVD,2,AV:N/AC:L/Au:N/C:P/I:P/A:P,,NewFound,
moutjs,mout,1.2.4,NotFound,CVE-2020-7792,HIGH,7.5,NVD,2,AV:N/AC:L/Au:N/C:P/I:P/A:P,,NewFound,
moutjs,mout,1.2.4,NotFound,CVE-2022-21213,HIGH,7.5,NVD,3,CVSS:3.1/AV:N/AC:L/PR:N/UI:N/S:U/C:N/I:N/A:H,,NewFound,
unknown,ms,0.7.1,NotFound,CVE-2017-20162,MEDIUM,4.3,GAD,3,CVSS:3.1/AV:N/AC:L/PR:L/UI:N/S:U/C:N/I:N/A:L,,NewFound,
vercel,ms,0.7.1,NotFound,CVE-2017-20162,MEDIUM,4.3,GAD,3,CVSS:3.1/AV:N/AC:L/PR:L/UI:N/S:U/C:N/I:N/A:L,,NewFound,
unknown,nanoid,3.3.4,NotFound,CVE-2024-55565,MEDIUM,4.3,GAD,3,CVSS:3.1/AV:N/AC:L/PR:L/UI:N/S:U/C:N/I:L/A:N,,NewFound,
unknown,nanoid,3.3.7,NotFound,CVE-2024-55565,MEDIUM,4.3,GAD,3,CVSS:3.1/AV:N/AC:L/PR:L/UI:N/S:U/C:N/I:L/A:N,,NewFound,
unknown,next,15.5.9,NotFound,CVE-2025-59471,MEDIUM,5.9,GAD,3,CVSS:3.1/AV:N/AC:H/PR:N/UI:N/S:U/C:N/I:N/A:H,,NewFound,
unknown,next,15.5.9,NotFound,CVE-2025-59472,MEDIUM,5.9,GAD,3,CVSS:3.1/AV:N/AC:H/PR:N/UI:N/S:U/C:N/I:N/A:H,,NewFound,
unknown,next,15.5.9,NotFound,GHSA-h25m-26qc-wcjf,HIGH,7.5,GAD,3,CVSS:3.1/AV:N/AC:L/PR:N/UI:N/S:U/C:N/I:N/A:H,,NewFound,
unknown,no-case,2.3.1,NotFound,CVE-2017-16099,HIGH,7.5,NVD,3,CVSS:3.0/AV:N/AC:L/PR:N/UI:N/S:U/C:N/I:N/A:H,,NewFound,
unknown,no-case,2.3.1,NotFound,GMS-2017-198,UNKNOWN,unknown,GAD,unknown,unknown,,NewFound,
no-case_project,no-case,2.3.1,NotFound,CVE-2017-16099,HIGH,7.5,NVD,3,CVSS:3.0/AV:N/AC:L/PR:N/UI:N/S:U/C:N/I:N/A:H,,NewFound,
unknown,node-fetch,1.7.3,NotFound,CVE-2020-15168,MEDIUM,5.3,NVD,3,CVSS:3.1/AV:N/AC:L/PR:N/UI:N/S:U/C:N/I:N/A:L,,NewFound,
unknown,node-fetch,1.7.3,NotFound,CVE-2022-0235,MEDIUM,6.1,NVD,3,CVSS:3.1/AV:N/AC:L/PR:N/UI:R/S:C/C:L/I:L/A:N,,NewFound,
node-fetch_project,node-fetch,1.7.3,NotFound,CVE-2020-15168,MEDIUM,5.3,NVD,3,CVSS:3.1/AV:N/AC:L/PR:N/UI:N/S:U/C:N/I:N/A:L,,NewFound,
node-fetch_project,node-fetch,1.7.3,NotFound,CVE-2022-0235,MEDIUM,6.1,NVD,3,CVSS:3.1/AV:N/AC:L/PR:N/UI:R/S:C/C:L/I:L/A:N,,NewFound,
unknown,node-forge,0.10.0,NotFound,CVE-2022-0122,MEDIUM,6.1,NVD,3,CVSS:3.1/AV:N/AC:L/PR:N/UI:R/S:C/C:L/I:L/A:N,,NewFound,
unknown,node-forge,0.10.0,NotFound,CVE-2022-24771,HIGH,7.5,NVD,3,CVSS:3.1/AV:N/AC:L/PR:N/UI:N/S:U/C:N/I:H/A:N,,NewFound,
unknown,node-forge,0.10.0,NotFound,CVE-2022-24772,HIGH,7.5,NVD,3,CVSS:3.1/AV:N/AC:L/PR:N/UI:N/S:U/C:N/I:H/A:N,,NewFound,
unknown,node-forge,0.10.0,NotFound,CVE-2022-24773,MEDIUM,5.3,NVD,3,CVSS:3.1/AV:N/AC:L/PR:N/UI:N/S:U/C:N/I:L/A:N,,NewFound,
unknown,node-forge,0.10.0,NotFound,CVE-2025-12816,HIGH,8.6,GAD,3,CVSS:3.1/AV:N/AC:L/PR:N/UI:N/S:C/C:N/I:H/A:N,,NewFound,
unknown,node-forge,0.10.0,NotFound,CVE-2025-66030,MEDIUM,5.3,GAD,3,CVSS:3.1/AV:N/AC:L/PR:N/UI:N/S:U/C:N/I:L/A:N,,NewFound,
unknown,node-forge,0.10.0,NotFound,CVE-2025-66031,MEDIUM,5.3,REDHAT,3,CVSS:3.1/AV:N/AC:L/PR:N/UI:N/S:U/C:N/I:N/A:L,,NewFound,
unknown,node-forge,0.10.0,NotFound,CVE-2026-33895,HIGH,7.5,GAD,3,CVSS:3.1/AV:N/AC:L/PR:N/UI:N/S:U/C:N/I:H/A:N,,NewFound,
unknown,node-forge,0.10.0,NotFound,GMS-2022-66,UNKNOWN,unknown,GAD,unknown,unknown,,NewFound,
unknown,node-forge,0.10.0,NotFound,GMS-2022-67,UNKNOWN,unknown,GAD,unknown,unknown,,NewFound,
unknown,node-forge,0.6.33,NotFound,CVE-2020-7720,HIGH,7.3,NVD,3,CVSS:3.1/AV:N/AC:L/PR:N/UI:N/S:U/C:L/I:L/A:L,,NewFound,
unknown,node-forge,0.6.33,NotFound,CVE-2022-0122,MEDIUM,6.1,NVD,3,CVSS:3.1/AV:N/AC:L/PR:N/UI:R/S:C/C:L/I:L/A:N,,NewFound,
unknown,node-forge,0.6.33,NotFound,CVE-2022-24771,HIGH,7.5,NVD,3,CVSS:3.1/AV:N/AC:L/PR:N/UI:N/S:U/C:N/I:H/A:N,,NewFound,
unknown,node-forge,0.6.33,NotFound,CVE-2022-24772,HIGH,7.5,NVD,3,CVSS:3.1/AV:N/AC:L/PR:N/UI:N/S:U/C:N/I:H/A:N,,NewFound,
unknown,node-forge,0.6.33,NotFound,CVE-2022-24773,MEDIUM,5.3,NVD,3,CVSS:3.1/AV:N/AC:L/PR:N/UI:N/S:U/C:N/I:L/A:N,,NewFound,
unknown,node-forge,0.6.33,NotFound,CVE-2025-12816,HIGH,8.6,GAD,3,CVSS:3.1/AV:N/AC:L/PR:N/UI:N/S:C/C:N/I:H/A:N,,NewFound,
unknown,node-forge,0.6.33,NotFound,CVE-2025-66030,MEDIUM,5.3,GAD,3,CVSS:3.1/AV:N/AC:L/PR:N/UI:N/S:U/C:N/I:L/A:N,,NewFound,
unknown,node-forge,0.6.33,NotFound,CVE-2025-66031,MEDIUM,5.3,REDHAT,3,CVSS:3.1/AV:N/AC:L/PR:N/UI:N/S:U/C:N/I:N/A:L,,NewFound,
unknown,node-forge,0.6.33,NotFound,CVE-2026-33895,HIGH,7.5,GAD,3,CVSS:3.1/AV:N/AC:L/PR:N/UI:N/S:U/C:N/I:H/A:N,,NewFound,
unknown,node-forge,0.6.33,NotFound,GMS-2022-66,UNKNOWN,unknown,GAD,unknown,unknown,,NewFound,
unknown,node-forge,0.6.33,NotFound,GMS-2022-67,UNKNOWN,unknown,GAD,unknown,unknown,,NewFound,
unknown,node-forge,1.3.1,NotFound,CVE-2025-12816,HIGH,8.6,GAD,3,CVSS:3.1/AV:N/AC:L/PR:N/UI:N/S:C/C:N/I:H/A:N,,NewFound,
unknown,node-forge,1.3.1,NotFound,CVE-2025-66030,MEDIUM,5.3,GAD,3,CVSS:3.1/AV:N/AC:L/PR:N/UI:N/S:U/C:N/I:L/A:N,,NewFound,
unknown,node-forge,1.3.1,NotFound,CVE-2025-66031,MEDIUM,5.3,REDHAT,3,CVSS:3.1/AV:N/AC:L/PR:N/UI:N/S:U/C:N/I:N/A:L,,NewFound,
unknown,node-forge,1.3.1,NotFound,CVE-2026-33895,HIGH,7.5,GAD,3,CVSS:3.1/AV:N/AC:L/PR:N/UI:N/S:U/C:N/I:H/A:N,,NewFound,
unknown,normalize-url,4.5.0,NotFound,CVE-2021-33502,HIGH,7.5,NVD,3,CVSS:3.1/AV:N/AC:L/PR:N/UI:N/S:U/C:N/I:N/A:H,,NewFound,
normalize-url_project,normalize-url,4.5.0,NotFound,CVE-2021-33502,HIGH,7.5,NVD,3,CVSS:3.1/AV:N/AC:L/PR:N/UI:N/S:U/C:N/I:N/A:H,,NewFound,
unknown,nth-check,1.0.1,NotFound,CVE-2021-3803,HIGH,7.5,NVD,3,CVSS:3.1/AV:N/AC:L/PR:N/UI:N/S:U/C:N/I:N/A:H,,NewFound,
nth-check_project,nth-check,1.0.1,NotFound,CVE-2021-3803,HIGH,7.5,NVD,3,CVSS:3.1/AV:N/AC:L/PR:N/UI:N/S:U/C:N/I:N/A:H,,NewFound,
unknown,nth-check,1.0.2,NotFound,CVE-2021-3803,HIGH,7.5,NVD,3,CVSS:3.1/AV:N/AC:L/PR:N/UI:N/S:U/C:N/I:N/A:H,,NewFound,
nth-check_project,nth-check,1.0.2,NotFound,CVE-2021-3803,HIGH,7.5,NVD,3,CVSS:3.1/AV:N/AC:L/PR:N/UI:N/S:U/C:N/I:N/A:H,,NewFound,
unknown,on-headers,1.0.1,NotFound,CVE-2025-7339,UNKNOWN,unknown,NVD,unknown,unknown,,NewFound,
unknown,on-headers,1.0.2,NotFound,CVE-2025-7339,UNKNOWN,unknown,NVD,unknown,unknown,,NewFound,
unknown,open,0.0.5,NotFound,GMS-2019-44,UNKNOWN,unknown,GAD,unknown,unknown,,NewFound,
opener_project,opener,1.4.3,NotFound,CVE-2021-27478,HIGH,7.5,NVD,3,CVSS:3.1/AV:N/AC:L/PR:N/UI:N/S:U/C:N/I:N/A:H,,NewFound,
opener_project,opener,1.4.3,NotFound,CVE-2021-27482,HIGH,7.5,NVD,3,CVSS:3.1/AV:N/AC:L/PR:N/UI:N/S:U/C:H/I:N/A:N,,NewFound,
opener_project,opener,1.4.3,NotFound,CVE-2021-27498,HIGH,7.5,NVD,3,CVSS:3.1/AV:N/AC:L/PR:N/UI:N/S:U/C:N/I:N/A:H,,NewFound,
opener_project,opener,1.4.3,NotFound,CVE-2021-27500,HIGH,7.5,NVD,3,CVSS:3.1/AV:N/AC:L/PR:N/UI:N/S:U/C:N/I:N/A:H,,NewFound,
opener_project,opener,1.4.3,NotFound,CVE-2022-43604,CRITICAL,9.8,NVD,3,CVSS:3.1/AV:N/AC:L/PR:N/UI:N/S:U/C:H/I:H/A:H,,NewFound,
opener_project,opener,1.4.3,NotFound,CVE-2022-43605,CRITICAL,9.8,NVD,3,CVSS:3.1/AV:N/AC:L/PR:N/UI:N/S:U/C:H/I:H/A:H,,NewFound,
opener_project,opener,1.4.3,NotFound,CVE-2022-43606,HIGH,7.5,NVD,3,CVSS:3.1/AV:N/AC:L/PR:N/UI:N/S:U/C:N/I:N/A:H,,NewFound,
opener_project,opener,1.5.2,NotFound,CVE-2021-27478,HIGH,7.5,NVD,3,CVSS:3.1/AV:N/AC:L/PR:N/UI:N/S:U/C:N/I:N/A:H,,NewFound,
opener_project,opener,1.5.2,NotFound,CVE-2021-27482,HIGH,7.5,NVD,3,CVSS:3.1/AV:N/AC:L/PR:N/UI:N/S:U/C:H/I:N/A:N,,NewFound,
opener_project,opener,1.5.2,NotFound,CVE-2021-27498,HIGH,7.5,NVD,3,CVSS:3.1/AV:N/AC:L/PR:N/UI:N/S:U/C:N/I:N/A:H,,NewFound,
opener_project,opener,1.5.2,NotFound,CVE-2021-27500,HIGH,7.5,NVD,3,CVSS:3.1/AV:N/AC:L/PR:N/UI:N/S:U/C:N/I:N/A:H,,NewFound,
opener_project,opener,1.5.2,NotFound,CVE-2022-43604,CRITICAL,9.8,NVD,3,CVSS:3.1/AV:N/AC:L/PR:N/UI:N/S:U/C:H/I:H/A:H,,NewFound,
opener_project,opener,1.5.2,NotFound,CVE-2022-43605,CRITICAL,9.8,NVD,3,CVSS:3.1/AV:N/AC:L/PR:N/UI:N/S:U/C:H/I:H/A:H,,NewFound,
opener_project,opener,1.5.2,NotFound,CVE-2022-43606,HIGH,7.5,NVD,3,CVSS:3.1/AV:N/AC:L/PR:N/UI:N/S:U/C:N/I:N/A:H,,NewFound,
unknown,path-parse,1.0.5,NotFound,CVE-2021-23343,HIGH,7.5,NVD,3,CVSS:3.1/AV:N/AC:L/PR:N/UI:N/S:U/C:N/I:N/A:H,,NewFound,
path-parse_project,path-parse,1.0.5,NotFound,CVE-2021-23343,HIGH,7.5,NVD,3,CVSS:3.1/AV:N/AC:L/PR:N/UI:N/S:U/C:N/I:N/A:H,,NewFound,
unknown,path-parse,1.0.6,NotFound,CVE-2021-23343,HIGH,7.5,NVD,3,CVSS:3.1/AV:N/AC:L/PR:N/UI:N/S:U/C:N/I:N/A:H,,NewFound,
path-parse_project,path-parse,1.0.6,NotFound,CVE-2021-23343,HIGH,7.5,NVD,3,CVSS:3.1/AV:N/AC:L/PR:N/UI:N/S:U/C:N/I:N/A:H,,NewFound,
unknown,path-to-regexp,0.1.10,NotFound,CVE-2024-52798,HIGH,7.5,GAD,3,CVSS:3.1/AV:N/AC:L/PR:N/UI:N/S:U/C:N/I:N/A:H,,NewFound,
unknown,path-to-regexp,0.1.7,NotFound,CVE-2024-45296,UNKNOWN,unknown,NVD,unknown,unknown,,NewFound,
unknown,path-to-regexp,0.1.7,NotFound,CVE-2024-52798,HIGH,7.5,GAD,3,CVSS:3.1/AV:N/AC:L/PR:N/UI:N/S:U/C:N/I:N/A:H,,NewFound,
unknown,path-to-regexp,1.7.0,NotFound,CVE-2024-45296,UNKNOWN,unknown,NVD,unknown,unknown,,NewFound,
unknown,path-to-regexp,1.8.0,NotFound,CVE-2024-45296,UNKNOWN,unknown,NVD,unknown,unknown,,NewFound,
unknown,pbkdf2,3.0.13,NotFound,CVE-2025-6545,CRITICAL,10,GAD,3,CVSS:3.1/AV:N/AC:L/PR:N/UI:N/S:C/C:H/I:H/A:H,,NewFound,
unknown,pbkdf2,3.0.13,NotFound,CVE-2025-6547,CRITICAL,9,GAD,3,CVSS:3.1/AV:N/AC:H/PR:N/UI:N/S:C/C:H/I:H/A:H,,NewFound,
unknown,pbkdf2,3.0.14,NotFound,CVE-2025-6545,CRITICAL,10,GAD,3,CVSS:3.1/AV:N/AC:L/PR:N/UI:N/S:C/C:H/I:H/A:H,,NewFound,
unknown,pbkdf2,3.0.14,NotFound,CVE-2025-6547,CRITICAL,9,GAD,3,CVSS:3.1/AV:N/AC:H/PR:N/UI:N/S:C/C:H/I:H/A:H,,NewFound,
unknown,pbkdf2,3.1.1,NotFound,CVE-2025-6545,CRITICAL,10,GAD,3,CVSS:3.1/AV:N/AC:L/PR:N/UI:N/S:C/C:H/I:H/A:H,,NewFound,
unknown,pbkdf2,3.1.1,NotFound,CVE-2025-6547,CRITICAL,9,GAD,3,CVSS:3.1/AV:N/AC:H/PR:N/UI:N/S:C/C:H/I:H/A:H,,NewFound,
unknown,pbkdf2,3.1.2,NotFound,CVE-2025-6545,CRITICAL,10,GAD,3,CVSS:3.1/AV:N/AC:L/PR:N/UI:N/S:C/C:H/I:H/A:H,,NewFound,
unknown,pbkdf2,3.1.2,NotFound,CVE-2025-6547,CRITICAL,9,GAD,3,CVSS:3.1/AV:N/AC:H/PR:N/UI:N/S:C/C:H/I:H/A:H,,NewFound,
unknown,playwright,1.51.1,NotFound,CVE-2025-59288,MEDIUM,5.3,GAD,3,CVSS:3.1/AV:A/AC:H/PR:N/UI:N/S:U/C:H/I:N/A:N,,NewFound,
unknown,postcss,5.2.15,NotFound,CVE-2021-23382,HIGH,7.5,NVD,3,CVSS:3.1/AV:N/AC:L/PR:N/UI:N/S:U/C:N/I:N/A:H,,NewFound,
unknown,postcss,5.2.15,NotFound,CVE-2023-44270,MEDIUM,5.3,GAD,3,CVSS:3.1/AV:N/AC:L/PR:N/UI:N/S:U/C:N/I:L/A:N,,NewFound,
postcss,postcss,5.2.15,NotFound,CVE-2021-23382,HIGH,7.5,NVD,3,CVSS:3.1/AV:N/AC:L/PR:N/UI:N/S:U/C:N/I:N/A:H,,NewFound,
postcss,postcss,5.2.15,NotFound,CVE-2023-44270,MEDIUM,5.3,GAD,3,CVSS:3.1/AV:N/AC:L/PR:N/UI:N/S:U/C:N/I:L/A:N,,NewFound,
unknown,postcss,5.2.17,NotFound,CVE-2021-23382,HIGH,7.5,NVD,3,CVSS:3.1/AV:N/AC:L/PR:N/UI:N/S:U/C:N/I:N/A:H,,NewFound,
unknown,postcss,5.2.17,NotFound,CVE-2023-44270,MEDIUM,5.3,GAD,3,CVSS:3.1/AV:N/AC:L/PR:N/UI:N/S:U/C:N/I:L/A:N,,NewFound,
postcss,postcss,5.2.17,NotFound,CVE-2021-23382,HIGH,7.5,NVD,3,CVSS:3.1/AV:N/AC:L/PR:N/UI:N/S:U/C:N/I:N/A:H,,NewFound,
postcss,postcss,5.2.17,NotFound,CVE-2023-44270,MEDIUM,5.3,GAD,3,CVSS:3.1/AV:N/AC:L/PR:N/UI:N/S:U/C:N/I:L/A:N,,NewFound,
unknown,postcss,5.2.18,NotFound,CVE-2021-23382,HIGH,7.5,NVD,3,CVSS:3.1/AV:N/AC:L/PR:N/UI:N/S:U/C:N/I:N/A:H,,NewFound,
unknown,postcss,5.2.18,NotFound,CVE-2023-44270,MEDIUM,5.3,GAD,3,CVSS:3.1/AV:N/AC:L/PR:N/UI:N/S:U/C:N/I:L/A:N,,NewFound,
postcss,postcss,5.2.18,NotFound,CVE-2021-23382,HIGH,7.5,NVD,3,CVSS:3.1/AV:N/AC:L/PR:N/UI:N/S:U/C:N/I:N/A:H,,NewFound,
postcss,postcss,5.2.18,NotFound,CVE-2023-44270,MEDIUM,5.3,GAD,3,CVSS:3.1/AV:N/AC:L/PR:N/UI:N/S:U/C:N/I:L/A:N,,NewFound,
unknown,postcss,6.0.14,NotFound,CVE-2021-23382,HIGH,7.5,NVD,3,CVSS:3.1/AV:N/AC:L/PR:N/UI:N/S:U/C:N/I:N/A:H,,NewFound,
unknown,postcss,6.0.14,NotFound,CVE-2023-44270,MEDIUM,5.3,GAD,3,CVSS:3.1/AV:N/AC:L/PR:N/UI:N/S:U/C:N/I:L/A:N,,NewFound,
postcss,postcss,6.0.14,NotFound,CVE-2021-23382,HIGH,7.5,NVD,3,CVSS:3.1/AV:N/AC:L/PR:N/UI:N/S:U/C:N/I:N/A:H,,NewFound,
postcss,postcss,6.0.14,NotFound,CVE-2023-44270,MEDIUM,5.3,GAD,3,CVSS:3.1/AV:N/AC:L/PR:N/UI:N/S:U/C:N/I:L/A:N,,NewFound,
unknown,postcss,6.0.23,NotFound,CVE-2021-23382,HIGH,7.5,NVD,3,CVSS:3.1/AV:N/AC:L/PR:N/UI:N/S:U/C:N/I:N/A:H,,NewFound,
unknown,postcss,6.0.23,NotFound,CVE-2023-44270,MEDIUM,5.3,GAD,3,CVSS:3.1/AV:N/AC:L/PR:N/UI:N/S:U/C:N/I:L/A:N,,NewFound,
postcss,postcss,6.0.23,NotFound,CVE-2021-23382,HIGH,7.5,NVD,3,CVSS:3.1/AV:N/AC:L/PR:N/UI:N/S:U/C:N/I:N/A:H,,NewFound,
postcss,postcss,6.0.23,NotFound,CVE-2023-44270,MEDIUM,5.3,GAD,3,CVSS:3.1/AV:N/AC:L/PR:N/UI:N/S:U/C:N/I:L/A:N,,NewFound,
unknown,postcss,6.0.9,NotFound,CVE-2021-23382,HIGH,7.5,NVD,3,CVSS:3.1/AV:N/AC:L/PR:N/UI:N/S:U/C:N/I:N/A:H,,NewFound,
unknown,postcss,6.0.9,NotFound,CVE-2023-44270,MEDIUM,5.3,GAD,3,CVSS:3.1/AV:N/AC:L/PR:N/UI:N/S:U/C:N/I:L/A:N,,NewFound,
postcss,postcss,6.0.9,NotFound,CVE-2021-23382,HIGH,7.5,NVD,3,CVSS:3.1/AV:N/AC:L/PR:N/UI:N/S:U/C:N/I:N/A:H,,NewFound,
postcss,postcss,6.0.9,NotFound,CVE-2023-44270,MEDIUM,5.3,GAD,3,CVSS:3.1/AV:N/AC:L/PR:N/UI:N/S:U/C:N/I:L/A:N,,NewFound,
unknown,postcss,7.0.32,NotFound,CVE-2021-23368,MEDIUM,5.3,NVD,3,CVSS:3.1/AV:N/AC:L/PR:N/UI:N/S:U/C:N/I:N/A:L,,NewFound,
unknown,postcss,7.0.32,NotFound,CVE-2021-23382,HIGH,7.5,NVD,3,CVSS:3.1/AV:N/AC:L/PR:N/UI:N/S:U/C:N/I:N/A:H,,NewFound,
unknown,postcss,7.0.32,NotFound,CVE-2023-44270,MEDIUM,5.3,GAD,3,CVSS:3.1/AV:N/AC:L/PR:N/UI:N/S:U/C:N/I:L/A:N,,NewFound,
postcss,postcss,7.0.32,NotFound,CVE-2021-23368,MEDIUM,5.3,NVD,3,CVSS:3.1/AV:N/AC:L/PR:N/UI:N/S:U/C:N/I:N/A:L,,NewFound,
postcss,postcss,7.0.32,NotFound,CVE-2021-23382,HIGH,7.5,NVD,3,CVSS:3.1/AV:N/AC:L/PR:N/UI:N/S:U/C:N/I:N/A:H,,NewFound,
postcss,postcss,7.0.32,NotFound,CVE-2023-44270,MEDIUM,5.3,GAD,3,CVSS:3.1/AV:N/AC:L/PR:N/UI:N/S:U/C:N/I:L/A:N,,NewFound,
unknown,postcss,7.0.39,NotFound,CVE-2023-44270,MEDIUM,5.3,GAD,3,CVSS:3.1/AV:N/AC:L/PR:N/UI:N/S:U/C:N/I:L/A:N,,NewFound,
postcss,postcss,7.0.39,NotFound,CVE-2023-44270,MEDIUM,5.3,GAD,3,CVSS:3.1/AV:N/AC:L/PR:N/UI:N/S:U/C:N/I:L/A:N,,NewFound,
unknown,postcss,8.4.16,NotFound,CVE-2023-44270,MEDIUM,5.3,GAD,3,CVSS:3.1/AV:N/AC:L/PR:N/UI:N/S:U/C:N/I:L/A:N,,NewFound,
postcss,postcss,8.4.16,NotFound,CVE-2023-44270,MEDIUM,5.3,GAD,3,CVSS:3.1/AV:N/AC:L/PR:N/UI:N/S:U/C:N/I:L/A:N,,NewFound,
unknown,process,0.11.10,NotFound,CVE-2024-51736,NONE,unknown,GAD,3,CVSS:3.1/AV:L/AC:L/PR:N/UI:N/S:U/C:N/I:N/A:N,,NewFound,
unknown,process,0.11.10,NotFound,CVE-2026-24739,MEDIUM,6.3,GAD,3,CVSS:3.1/AV:L/AC:H/PR:N/UI:R/S:U/C:N/I:H/A:H,,NewFound,
unknown,process,0.11.10,NotFound,GMS-2023-164,UNKNOWN,unknown,GAD,unknown,unknown,,NewFound,
unknown,process,0.11.9,NotFound,CVE-2024-51736,NONE,unknown,GAD,3,CVSS:3.1/AV:L/AC:L/PR:N/UI:N/S:U/C:N/I:N/A:N,,NewFound,
unknown,process,0.11.9,NotFound,CVE-2026-24739,MEDIUM,6.3,GAD,3,CVSS:3.1/AV:L/AC:H/PR:N/UI:R/S:U/C:N/I:H/A:H,,NewFound,
unknown,process,0.11.9,NotFound,GMS-2023-164,UNKNOWN,unknown,GAD,unknown,unknown,,NewFound,
unknown,puppeteer,1.11.0,NotFound,CVE-2019-5786,MEDIUM,6.5,NVD,3,CVSS:3.1/AV:N/AC:L/PR:N/UI:R/S:U/C:N/I:N/A:H,,NewFound,
unknown,qs,2.3.3,NotFound,CVE-2017-1000048,HIGH,7.5,GAD,3,CVSS:3.0/AV:N/AC:L/PR:N/UI:N/S:U/C:N/I:N/A:H,,NewFound,
unknown,qs,2.3.3,NotFound,CVE-2022-24999,HIGH,7.5,NVD,3,CVSS:3.1/AV:N/AC:L/PR:N/UI:N/S:U/C:N/I:N/A:H,,NewFound,
unknown,qs,2.3.3,NotFound,CVE-2025-15284,LOW,3.7,GAD,3,CVSS:3.1/AV:N/AC:H/PR:N/UI:N/S:U/C:N/I:N/A:L,,NewFound,
unknown,qs,2.3.3,NotFound,CVE-2026-2391,LOW,3.7,GAD,3,CVSS:3.1/AV:N/AC:H/PR:N/UI:N/S:U/C:N/I:N/A:L,,NewFound,
qs_project,qs,2.3.3,NotFound,CVE-2022-24999,HIGH,7.5,NVD,3,CVSS:3.1/AV:N/AC:L/PR:N/UI:N/S:U/C:N/I:N/A:H,,NewFound,
unknown,qs,6.11.0,NotFound,CVE-2025-15284,LOW,3.7,GAD,3,CVSS:3.1/AV:N/AC:H/PR:N/UI:N/S:U/C:N/I:N/A:L,,NewFound,
unknown,qs,6.11.0,NotFound,CVE-2026-2391,LOW,3.7,GAD,3,CVSS:3.1/AV:N/AC:H/PR:N/UI:N/S:U/C:N/I:N/A:L,,NewFound,
unknown,qs,6.12.1,NotFound,CVE-2025-15284,LOW,3.7,GAD,3,CVSS:3.1/AV:N/AC:H/PR:N/UI:N/S:U/C:N/I:N/A:L,,NewFound,
unknown,qs,6.12.1,NotFound,CVE-2026-2391,LOW,3.7,GAD,3,CVSS:3.1/AV:N/AC:H/PR:N/UI:N/S:U/C:N/I:N/A:L,,NewFound,
unknown,qs,6.13.0,NotFound,CVE-2025-15284,LOW,3.7,GAD,3,CVSS:3.1/AV:N/AC:H/PR:N/UI:N/S:U/C:N/I:N/A:L,,NewFound,
unknown,qs,6.13.0,NotFound,CVE-2026-2391,LOW,3.7,GAD,3,CVSS:3.1/AV:N/AC:H/PR:N/UI:N/S:U/C:N/I:N/A:L,,NewFound,
unknown,qs,6.14.0,NotFound,CVE-2025-15284,LOW,3.7,GAD,3,CVSS:3.1/AV:N/AC:H/PR:N/UI:N/S:U/C:N/I:N/A:L,,NewFound,
unknown,qs,6.14.0,NotFound,CVE-2026-2391,LOW,3.7,GAD,3,CVSS:3.1/AV:N/AC:H/PR:N/UI:N/S:U/C:N/I:N/A:L,,NewFound,
unknown,qs,6.4.0,NotFound,CVE-2022-24999,HIGH,7.5,NVD,3,CVSS:3.1/AV:N/AC:L/PR:N/UI:N/S:U/C:N/I:N/A:H,,NewFound,
unknown,qs,6.4.0,NotFound,CVE-2025-15284,LOW,3.7,GAD,3,CVSS:3.1/AV:N/AC:H/PR:N/UI:N/S:U/C:N/I:N/A:L,,NewFound,
unknown,qs,6.4.0,NotFound,CVE-2026-2391,LOW,3.7,GAD,3,CVSS:3.1/AV:N/AC:H/PR:N/UI:N/S:U/C:N/I:N/A:L,,NewFound,
qs_project,qs,6.4.0,NotFound,CVE-2022-24999,HIGH,7.5,NVD,3,CVSS:3.1/AV:N/AC:L/PR:N/UI:N/S:U/C:N/I:N/A:H,,NewFound,
unknown,qs,6.4.1,NotFound,CVE-2025-15284,LOW,3.7,GAD,3,CVSS:3.1/AV:N/AC:H/PR:N/UI:N/S:U/C:N/I:N/A:L,,NewFound,
unknown,qs,6.4.1,NotFound,CVE-2026-2391,LOW,3.7,GAD,3,CVSS:3.1/AV:N/AC:H/PR:N/UI:N/S:U/C:N/I:N/A:L,,NewFound,
unknown,qs,6.5.1,NotFound,CVE-2022-24999,HIGH,7.5,NVD,3,CVSS:3.1/AV:N/AC:L/PR:N/UI:N/S:U/C:N/I:N/A:H,,NewFound,
unknown,qs,6.5.1,NotFound,CVE-2025-15284,LOW,3.7,GAD,3,CVSS:3.1/AV:N/AC:H/PR:N/UI:N/S:U/C:N/I:N/A:L,,NewFound,
unknown,qs,6.5.1,NotFound,CVE-2026-2391,LOW,3.7,GAD,3,CVSS:3.1/AV:N/AC:H/PR:N/UI:N/S:U/C:N/I:N/A:L,,NewFound,
qs_project,qs,6.5.1,NotFound,CVE-2022-24999,HIGH,7.5,NVD,3,CVSS:3.1/AV:N/AC:L/PR:N/UI:N/S:U/C:N/I:N/A:H,,NewFound,
unknown,qs,6.7.0,NotFound,CVE-2022-24999,HIGH,7.5,NVD,3,CVSS:3.1/AV:N/AC:L/PR:N/UI:N/S:U/C:N/I:N/A:H,,NewFound,
unknown,qs,6.7.0,NotFound,CVE-2025-15284,LOW,3.7,GAD,3,CVSS:3.1/AV:N/AC:H/PR:N/UI:N/S:U/C:N/I:N/A:L,,NewFound,
unknown,qs,6.7.0,NotFound,CVE-2026-2391,LOW,3.7,GAD,3,CVSS:3.1/AV:N/AC:H/PR:N/UI:N/S:U/C:N/I:N/A:L,,NewFound,
qs_project,qs,6.7.0,NotFound,CVE-2022-24999,HIGH,7.5,NVD,3,CVSS:3.1/AV:N/AC:L/PR:N/UI:N/S:U/C:N/I:N/A:H,,NewFound,
unknown,qs,6.9.7,NotFound,CVE-2025-15284,LOW,3.7,GAD,3,CVSS:3.1/AV:N/AC:H/PR:N/UI:N/S:U/C:N/I:N/A:L,,NewFound,
unknown,qs,6.9.7,NotFound,CVE-2026-2391,LOW,3.7,GAD,3,CVSS:3.1/AV:N/AC:H/PR:N/UI:N/S:U/C:N/I:N/A:L,,NewFound,
unknown,querystringify,0.0.4,NotFound,GMS-2019-46,UNKNOWN,unknown,GAD,unknown,unknown,,NewFound,
unknown,querystringify,1.0.0,NotFound,GMS-2019-46,UNKNOWN,unknown,GAD,unknown,unknown,,NewFound,
unknown,randomatic,1.1.6,NotFound,CVE-2017-16028,MEDIUM,5.3,NVD,3,CVSS:3.0/AV:N/AC:L/PR:N/UI:N/S:U/C:L/I:N/A:N,,NewFound,
randomatic_project,randomatic,1.1.6,NotFound,CVE-2017-16028,MEDIUM,5.3,NVD,3,CVSS:3.0/AV:N/AC:L/PR:N/UI:N/S:U/C:L/I:N/A:N,,NewFound,
unknown,randomatic,1.1.7,NotFound,CVE-2017-16028,MEDIUM,5.3,NVD,3,CVSS:3.0/AV:N/AC:L/PR:N/UI:N/S:U/C:L/I:N/A:N,,NewFound,
randomatic_project,randomatic,1.1.7,NotFound,CVE-2017-16028,MEDIUM,5.3,NVD,3,CVSS:3.0/AV:N/AC:L/PR:N/UI:N/S:U/C:L/I:N/A:N,,NewFound,
rc_project,rc,1.1.6,NotFound,CVE-2014-1936,HIGH,7.5,NVD,3,CVSS:3.1/AV:N/AC:L/PR:N/UI:N/S:U/C:N/I:H/A:N,,NewFound,
rc_project,rc,1.2.1,NotFound,CVE-2014-1936,HIGH,7.5,NVD,3,CVSS:3.1/AV:N/AC:L/PR:N/UI:N/S:U/C:N/I:H/A:N,,NewFound,
rc_project,rc,1.2.2,NotFound,CVE-2014-1936,HIGH,7.5,NVD,3,CVSS:3.1/AV:N/AC:L/PR:N/UI:N/S:U/C:N/I:H/A:N,,NewFound,
rc_project,rc,1.2.8,NotFound,CVE-2014-1936,HIGH,7.5,NVD,3,CVSS:3.1/AV:N/AC:L/PR:N/UI:N/S:U/C:N/I:H/A:N,,NewFound,
unknown,react,0.0.0-experimental-269dd6ec5,NotFound,CVE-2026-21884,HIGH,8.2,GAD,3,CVSS:3.1/AV:N/AC:L/PR:N/UI:R/S:C/C:H/I:L/A:N,,NewFound,
unknown,react,0.0.0-experimental-4beb1fd8-20241118,NotFound,CVE-2026-21884,HIGH,8.2,GAD,3,CVSS:3.1/AV:N/AC:L/PR:N/UI:R/S:C/C:H/I:L/A:N,,NewFound,
unknown,react,0.0.0-experimental-79ddf5b5-20241210,NotFound,CVE-2026-21884,HIGH,8.2,GAD,3,CVSS:3.1/AV:N/AC:L/PR:N/UI:R/S:C/C:H/I:L/A:N,,NewFound,
unknown,react,0.0.0-experimental-b3a95caf-20250113,NotFound,CVE-2026-21884,HIGH,8.2,GAD,3,CVSS:3.1/AV:N/AC:L/PR:N/UI:R/S:C/C:H/I:L/A:N,,NewFound,
unknown,react,0.0.0-experimental-b9be4537c-20230905,NotFound,CVE-2026-21884,HIGH,8.2,GAD,3,CVSS:3.1/AV:N/AC:L/PR:N/UI:R/S:C/C:H/I:L/A:N,,NewFound,
unknown,react,0.0.0-experimental-c0d218f0-20260324,NotFound,CVE-2026-21884,HIGH,8.2,GAD,3,CVSS:3.1/AV:N/AC:L/PR:N/UI:R/S:C/C:H/I:L/A:N,,NewFound,
unknown,react,0.0.0-experimental-d85cf3e5-20250205,NotFound,CVE-2026-21884,HIGH,8.2,GAD,3,CVSS:3.1/AV:N/AC:L/PR:N/UI:R/S:C/C:H/I:L/A:N,,NewFound,
unknown,react,0.14.9,NotFound,CVE-2026-21884,HIGH,8.2,GAD,3,CVSS:3.1/AV:N/AC:L/PR:N/UI:R/S:C/C:H/I:L/A:N,,NewFound,
unknown,react,16.2.0,NotFound,CVE-2018-6341,MEDIUM,6.1,NVD,3,CVSS:3.0/AV:N/AC:L/PR:N/UI:R/S:C/C:L/I:L/A:N,,NewFound,
facebook,react,16.2.0,NotFound,CVE-2018-6341,MEDIUM,6.1,NVD,3,CVSS:3.0/AV:N/AC:L/PR:N/UI:R/S:C/C:L/I:L/A:N,,NewFound,
unknown,react-dev-utils,0.5.2,NotFound,CVE-2021-24033,MEDIUM,5.6,NVD,3,CVSS:3.1/AV:N/AC:H/PR:N/UI:N/S:U/C:L/I:L/A:L,,NewFound,
facebook,react-dev-utils,0.5.2,NotFound,CVE-2021-24033,MEDIUM,5.6,NVD,3,CVSS:3.1/AV:N/AC:H/PR:N/UI:N/S:U/C:L/I:L/A:L,,NewFound,
unknown,react-dev-utils,3.1.1,NotFound,CVE-2018-6342,CRITICAL,9.8,NVD,3,CVSS:3.1/AV:N/AC:L/PR:N/UI:N/S:U/C:H/I:H/A:H,,NewFound,
unknown,react-dev-utils,3.1.1,NotFound,CVE-2021-24033,MEDIUM,5.6,NVD,3,CVSS:3.1/AV:N/AC:H/PR:N/UI:N/S:U/C:L/I:L/A:L,,NewFound,
facebook,react-dev-utils,3.1.1,NotFound,CVE-2018-6342,CRITICAL,9.8,NVD,3,CVSS:3.1/AV:N/AC:L/PR:N/UI:N/S:U/C:H/I:H/A:H,,NewFound,
facebook,react-dev-utils,3.1.1,NotFound,CVE-2021-24033,MEDIUM,5.6,NVD,3,CVSS:3.1/AV:N/AC:H/PR:N/UI:N/S:U/C:L/I:L/A:L,,NewFound,
unknown,react-dev-utils,4.2.1,NotFound,CVE-2018-6342,CRITICAL,9.8,NVD,3,CVSS:3.1/AV:N/AC:L/PR:N/UI:N/S:U/C:H/I:H/A:H,,NewFound,
unknown,react-dev-utils,4.2.1,NotFound,CVE-2021-24033,MEDIUM,5.6,NVD,3,CVSS:3.1/AV:N/AC:H/PR:N/UI:N/S:U/C:L/I:L/A:L,,NewFound,
facebook,react-dev-utils,4.2.1,NotFound,CVE-2018-6342,CRITICAL,9.8,NVD,3,CVSS:3.1/AV:N/AC:L/PR:N/UI:N/S:U/C:H/I:H/A:H,,NewFound,
facebook,react-dev-utils,4.2.1,NotFound,CVE-2021-24033,MEDIUM,5.6,NVD,3,CVSS:3.1/AV:N/AC:H/PR:N/UI:N/S:U/C:L/I:L/A:L,,NewFound,
unknown,react-dev-utils,5.0.3,NotFound,CVE-2021-24033,MEDIUM,5.6,NVD,3,CVSS:3.1/AV:N/AC:H/PR:N/UI:N/S:U/C:L/I:L/A:L,,NewFound,
facebook,react-dev-utils,5.0.3,NotFound,CVE-2021-24033,MEDIUM,5.6,NVD,3,CVSS:3.1/AV:N/AC:H/PR:N/UI:N/S:U/C:L/I:L/A:L,,NewFound,
unknown,react-dom,16.2.0,NotFound,CVE-2018-6341,MEDIUM,6.1,NVD,3,CVSS:3.0/AV:N/AC:L/PR:N/UI:R/S:C/C:L/I:L/A:N,,NewFound,
unknown,request,2.81.0,NotFound,CVE-2023-28155,MEDIUM,6.1,NVD,3,CVSS:3.1/AV:N/AC:L/PR:N/UI:R/S:C/C:L/I:L/A:N,,NewFound,
unknown,request,2.81.0,NotFound,CVE-2025-25290,MEDIUM,5.3,GAD,3,CVSS:3.1/AV:N/AC:L/PR:N/UI:N/S:U/C:N/I:N/A:L,,NewFound,
request_project,request,2.81.0,NotFound,CVE-2023-28155,MEDIUM,6.1,NVD,3,CVSS:3.1/AV:N/AC:L/PR:N/UI:R/S:C/C:L/I:L/A:N,,NewFound,
unknown,requirejs,2.3.5,NotFound,CVE-2024-38999,UNKNOWN,unknown,NVD,unknown,unknown,,NewFound,
unknown,semver,5.7.1,NotFound,CVE-2022-25883,MEDIUM,5.3,GAD,3,CVSS:3.1/AV:N/AC:L/PR:N/UI:N/S:U/C:N/I:N/A:L,,NewFound,
npmjs,semver,5.7.1,NotFound,CVE-2022-25883,MEDIUM,5.3,GAD,3,CVSS:3.1/AV:N/AC:L/PR:N/UI:N/S:U/C:N/I:N/A:L,,NewFound,
unknown,semver,6.3.0,NotFound,CVE-2022-25883,MEDIUM,5.3,GAD,3,CVSS:3.1/AV:N/AC:L/PR:N/UI:N/S:U/C:N/I:N/A:L,,NewFound,
npmjs,semver,6.3.0,NotFound,CVE-2022-25883,MEDIUM,5.3,GAD,3,CVSS:3.1/AV:N/AC:L/PR:N/UI:N/S:U/C:N/I:N/A:L,,NewFound,
unknown,semver,7.0.0,NotFound,CVE-2022-25883,MEDIUM,5.3,GAD,3,CVSS:3.1/AV:N/AC:L/PR:N/UI:N/S:U/C:N/I:N/A:L,,NewFound,
npmjs,semver,7.0.0,NotFound,CVE-2022-25883,MEDIUM,5.3,GAD,3,CVSS:3.1/AV:N/AC:L/PR:N/UI:N/S:U/C:N/I:N/A:L,,NewFound,
unknown,semver-regex,2.0.0,NotFound,CVE-2021-3795,HIGH,7.5,NVD,3,CVSS:3.1/AV:N/AC:L/PR:N/UI:N/S:U/C:N/I:N/A:H,,NewFound,
unknown,semver-regex,2.0.0,NotFound,CVE-2021-43307,HIGH,7.5,NVD,3,CVSS:3.1/AV:N/AC:L/PR:N/UI:N/S:U/C:N/I:N/A:H,,NewFound,
semver-regex_project,semver-regex,2.0.0,NotFound,CVE-2021-3795,HIGH,7.5,NVD,3,CVSS:3.1/AV:N/AC:L/PR:N/UI:N/S:U/C:N/I:N/A:H,,NewFound,
semver-regex_project,semver-regex,2.0.0,NotFound,CVE-2021-43307,HIGH,7.5,NVD,3,CVSS:3.1/AV:N/AC:L/PR:N/UI:N/S:U/C:N/I:N/A:H,,NewFound,
unknown,send,0.14.1,NotFound,CVE-2024-43799,MEDIUM,5,GAD,3,CVSS:3.1/AV:N/AC:H/PR:N/UI:R/S:U/C:L/I:L/A:L,,NewFound,
send_project,send,0.14.1,NotFound,CVE-2024-43799,MEDIUM,5,GAD,3,CVSS:3.1/AV:N/AC:H/PR:N/UI:R/S:U/C:L/I:L/A:L,,NewFound,
unknown,send,0.15.3,NotFound,CVE-2024-43799,MEDIUM,5,GAD,3,CVSS:3.1/AV:N/AC:H/PR:N/UI:R/S:U/C:L/I:L/A:L,,NewFound,
send_project,send,0.15.3,NotFound,CVE-2024-43799,MEDIUM,5,GAD,3,CVSS:3.1/AV:N/AC:H/PR:N/UI:R/S:U/C:L/I:L/A:L,,NewFound,
unknown,send,0.15.4,NotFound,CVE-2024-43799,MEDIUM,5,GAD,3,CVSS:3.1/AV:N/AC:H/PR:N/UI:R/S:U/C:L/I:L/A:L,,NewFound,
send_project,send,0.15.4,NotFound,CVE-2024-43799,MEDIUM,5,GAD,3,CVSS:3.1/AV:N/AC:H/PR:N/UI:R/S:U/C:L/I:L/A:L,,NewFound,
unknown,send,0.15.6,NotFound,CVE-2024-43799,MEDIUM,5,GAD,3,CVSS:3.1/AV:N/AC:H/PR:N/UI:R/S:U/C:L/I:L/A:L,,NewFound,
send_project,send,0.15.6,NotFound,CVE-2024-43799,MEDIUM,5,GAD,3,CVSS:3.1/AV:N/AC:H/PR:N/UI:R/S:U/C:L/I:L/A:L,,NewFound,
unknown,send,0.16.1,NotFound,CVE-2024-43799,MEDIUM,5,GAD,3,CVSS:3.1/AV:N/AC:H/PR:N/UI:R/S:U/C:L/I:L/A:L,,NewFound,
send_project,send,0.16.1,NotFound,CVE-2024-43799,MEDIUM,5,GAD,3,CVSS:3.1/AV:N/AC:H/PR:N/UI:R/S:U/C:L/I:L/A:L,,NewFound,
unknown,send,0.17.1,NotFound,CVE-2024-43799,MEDIUM,5,GAD,3,CVSS:3.1/AV:N/AC:H/PR:N/UI:R/S:U/C:L/I:L/A:L,,NewFound,
send_project,send,0.17.1,NotFound,CVE-2024-43799,MEDIUM,5,GAD,3,CVSS:3.1/AV:N/AC:H/PR:N/UI:R/S:U/C:L/I:L/A:L,,NewFound,
unknown,send,0.17.2,NotFound,CVE-2024-43799,MEDIUM,5,GAD,3,CVSS:3.1/AV:N/AC:H/PR:N/UI:R/S:U/C:L/I:L/A:L,,NewFound,
send_project,send,0.17.2,NotFound,CVE-2024-43799,MEDIUM,5,GAD,3,CVSS:3.1/AV:N/AC:H/PR:N/UI:R/S:U/C:L/I:L/A:L,,NewFound,
unknown,serialize-javascript,4.0.0,NotFound,GHSA-5c6j-r48x-rmvq,HIGH,8.1,GAD,3,CVSS:3.1/AV:N/AC:H/PR:N/UI:N/S:U/C:H/I:H/A:H,,NewFound,
unknown,serialize-javascript,6.0.1,NotFound,CVE-2024-11831,MEDIUM,5.4,GAD,3,CVSS:3.1/AV:N/AC:L/PR:L/UI:R/S:C/C:L/I:L/A:N,,NewFound,
unknown,serialize-javascript,6.0.1,NotFound,GHSA-5c6j-r48x-rmvq,HIGH,8.1,GAD,3,CVSS:3.1/AV:N/AC:H/PR:N/UI:N/S:U/C:H/I:H/A:H,,NewFound,
unknown,serialize-javascript,6.0.2,NotFound,GHSA-5c6j-r48x-rmvq,HIGH,8.1,GAD,3,CVSS:3.1/AV:N/AC:H/PR:N/UI:N/S:U/C:H/I:H/A:H,,NewFound,
unknown,serve-static,1.11.1,NotFound,CVE-2024-43800,MEDIUM,4.7,GAD,3,CVSS:3.1/AV:N/AC:H/PR:N/UI:R/S:C/C:L/I:L/A:N,,NewFound,
openjsf,serve-static,1.11.1,NotFound,CVE-2024-43800,MEDIUM,4.7,GAD,3,CVSS:3.1/AV:N/AC:H/PR:N/UI:R/S:C/C:L/I:L/A:N,,NewFound,
unknown,serve-static,1.12.3,NotFound,CVE-2024-43800,MEDIUM,4.7,GAD,3,CVSS:3.1/AV:N/AC:H/PR:N/UI:R/S:C/C:L/I:L/A:N,,NewFound,
openjsf,serve-static,1.12.3,NotFound,CVE-2024-43800,MEDIUM,4.7,GAD,3,CVSS:3.1/AV:N/AC:H/PR:N/UI:R/S:C/C:L/I:L/A:N,,NewFound,
unknown,serve-static,1.12.4,NotFound,CVE-2024-43800,MEDIUM,4.7,GAD,3,CVSS:3.1/AV:N/AC:H/PR:N/UI:R/S:C/C:L/I:L/A:N,,NewFound,
openjsf,serve-static,1.12.4,NotFound,CVE-2024-43800,MEDIUM,4.7,GAD,3,CVSS:3.1/AV:N/AC:H/PR:N/UI:R/S:C/C:L/I:L/A:N,,NewFound,
unknown,serve-static,1.13.1,NotFound,CVE-2024-43800,MEDIUM,4.7,GAD,3,CVSS:3.1/AV:N/AC:H/PR:N/UI:R/S:C/C:L/I:L/A:N,,NewFound,
openjsf,serve-static,1.13.1,NotFound,CVE-2024-43800,MEDIUM,4.7,GAD,3,CVSS:3.1/AV:N/AC:H/PR:N/UI:R/S:C/C:L/I:L/A:N,,NewFound,
unknown,serve-static,1.14.1,NotFound,CVE-2024-43800,MEDIUM,4.7,GAD,3,CVSS:3.1/AV:N/AC:H/PR:N/UI:R/S:C/C:L/I:L/A:N,,NewFound,
openjsf,serve-static,1.14.1,NotFound,CVE-2024-43800,MEDIUM,4.7,GAD,3,CVSS:3.1/AV:N/AC:H/PR:N/UI:R/S:C/C:L/I:L/A:N,,NewFound,
unknown,serve-static,1.14.2,NotFound,CVE-2024-43800,MEDIUM,4.7,GAD,3,CVSS:3.1/AV:N/AC:H/PR:N/UI:R/S:C/C:L/I:L/A:N,,NewFound,
openjsf,serve-static,1.14.2,NotFound,CVE-2024-43800,MEDIUM,4.7,GAD,3,CVSS:3.1/AV:N/AC:H/PR:N/UI:R/S:C/C:L/I:L/A:N,,NewFound,
unknown,sha.js,2.2.6,NotFound,CVE-2025-9288,CRITICAL,9.1,GAD,3,CVSS:3.1/AV:N/AC:L/PR:N/UI:N/S:U/C:N/I:H/A:H,,NewFound,
unknown,sha.js,2.4.11,NotFound,CVE-2025-9288,CRITICAL,9.1,GAD,3,CVSS:3.1/AV:N/AC:L/PR:N/UI:N/S:U/C:N/I:H/A:H,,NewFound,
unknown,sha.js,2.4.8,NotFound,CVE-2025-9288,CRITICAL,9.1,GAD,3,CVSS:3.1/AV:N/AC:L/PR:N/UI:N/S:U/C:N/I:H/A:H,,NewFound,
unknown,sha.js,2.4.9,NotFound,CVE-2025-9288,CRITICAL,9.1,GAD,3,CVSS:3.1/AV:N/AC:L/PR:N/UI:N/S:U/C:N/I:H/A:H,,NewFound,
unknown,sharp,0.34.3,NotFound,CVE-2025-61457,MEDIUM,6.1,GAD,3,CVSS:3.1/AV:N/AC:L/PR:N/UI:R/S:C/C:L/I:L/A:N,,NewFound,
unknown,sharp,0.34.3,NotFound,CVE-2025-62798,MEDIUM,5.4,GAD,3,CVSS:3.1/AV:N/AC:L/PR:L/UI:R/S:C/C:L/I:L/A:N,,NewFound,
shell-quote_project,shell-quote,1.6.1,NotFound,CVE-2021-42740,CRITICAL,9.8,GAD,3,CVSS:3.1/AV:N/AC:L/PR:N/UI:N/S:U/C:H/I:H/A:H,,NewFound,
unknown,shell-quote,1.7.1,NotFound,CVE-2021-42740,CRITICAL,9.8,GAD,3,CVSS:3.1/AV:N/AC:L/PR:N/UI:N/S:U/C:H/I:H/A:H,,NewFound,
shell-quote_project,shell-quote,1.7.1,NotFound,CVE-2021-42740,CRITICAL,9.8,GAD,3,CVSS:3.1/AV:N/AC:L/PR:N/UI:N/S:U/C:H/I:H/A:H,,NewFound,
unknown,sockjs,0.3.18,NotFound,CVE-2020-7693,MEDIUM,5.3,NVD,3,CVSS:3.1/AV:N/AC:L/PR:N/UI:N/S:U/C:N/I:N/A:L,,NewFound,
sockjs_project,sockjs,0.3.18,NotFound,CVE-2020-7693,MEDIUM,5.3,NVD,3,CVSS:3.1/AV:N/AC:L/PR:N/UI:N/S:U/C:N/I:N/A:L,,NewFound,
unknown,sockjs,0.3.19,NotFound,CVE-2020-7693,MEDIUM,5.3,NVD,3,CVSS:3.1/AV:N/AC:L/PR:N/UI:N/S:U/C:N/I:N/A:L,,NewFound,
sockjs_project,sockjs,0.3.19,NotFound,CVE-2020-7693,MEDIUM,5.3,NVD,3,CVSS:3.1/AV:N/AC:L/PR:N/UI:N/S:U/C:N/I:N/A:L,,NewFound,
joyent,sshpk,1.11.0,NotFound,CVE-2018-3737,HIGH,7.5,NVD,3,CVSS:3.1/AV:N/AC:L/PR:N/UI:N/S:U/C:N/I:N/A:H,,NewFound,
unknown,sshpk,1.13.1,NotFound,CVE-2018-3737,HIGH,7.5,NVD,3,CVSS:3.1/AV:N/AC:L/PR:N/UI:N/S:U/C:N/I:N/A:H,,NewFound,
joyent,sshpk,1.13.1,NotFound,CVE-2018-3737,HIGH,7.5,NVD,3,CVSS:3.1/AV:N/AC:L/PR:N/UI:N/S:U/C:N/I:N/A:H,,NewFound,
unknown,stringstream,0.0.5,NotFound,CVE-2018-21270,MEDIUM,6.5,NVD,3,CVSS:3.1/AV:N/AC:H/PR:N/UI:N/S:U/C:L/I:N/A:H,,NewFound,
unknown,tar,2.2.1,/usr/bin/tar,CVE-2018-20834,HIGH,7.5,NVD,3,CVSS:3.0/AV:N/AC:L/PR:N/UI:N/S:U/C:N/I:H/A:N,,NewFound,
unknown,tar,2.2.1,/usr/bin/tar,CVE-2021-32803,HIGH,8.1,NVD,3,CVSS:3.1/AV:N/AC:L/PR:N/UI:R/S:U/C:N/I:H/A:H,,NewFound,
unknown,tar,2.2.1,/usr/bin/tar,CVE-2021-32804,HIGH,8.1,NVD,3,CVSS:3.1/AV:N/AC:L/PR:N/UI:R/S:U/C:N/I:H/A:H,,NewFound,
unknown,tar,2.2.1,/usr/bin/tar,CVE-2021-37701,HIGH,8.6,NVD,3,CVSS:3.1/AV:L/AC:L/PR:N/UI:R/S:C/C:H/I:H/A:H,,NewFound,
unknown,tar,2.2.1,/usr/bin/tar,CVE-2021-37712,HIGH,8.6,NVD,3,CVSS:3.1/AV:L/AC:L/PR:N/UI:R/S:C/C:H/I:H/A:H,,NewFound,
unknown,tar,2.2.1,/usr/bin/tar,CVE-2021-37713,HIGH,8.6,NVD,3,CVSS:3.1/AV:L/AC:L/PR:N/UI:R/S:C/C:H/I:H/A:H,,NewFound,
unknown,tar,2.2.1,/usr/bin/tar,CVE-2024-28863,UNKNOWN,unknown,NVD,unknown,unknown,,NewFound,
unknown,tar,2.2.1,/usr/bin/tar,CVE-2026-23745,MEDIUM,6.1,GAD,3,CVSS:3.1/AV:L/AC:L/PR:N/UI:R/S:U/C:H/I:L/A:N,,NewFound,
unknown,tar,2.2.1,/usr/bin/tar,CVE-2026-23950,HIGH,8.8,GAD,3,CVSS:3.1/AV:N/AC:L/PR:N/UI:R/S:C/C:L/I:H/A:L,,NewFound,
unknown,tar,2.2.1,/usr/bin/tar,CVE-2026-24842,HIGH,8.2,REDHAT,3,CVSS:3.1/AV:N/AC:L/PR:N/UI:R/S:C/C:H/I:L/A:N,,NewFound,
unknown,tar,2.2.1,/usr/bin/tar,CVE-2026-26960,HIGH,7.1,GAD,3,CVSS:3.1/AV:L/AC:L/PR:N/UI:R/S:U/C:H/I:H/A:N,,NewFound,
tar_project,tar,2.2.1,/usr/bin/tar,CVE-2021-32803,HIGH,8.1,NVD,3,CVSS:3.1/AV:N/AC:L/PR:N/UI:R/S:U/C:N/I:H/A:H,,NewFound,
tar_project,tar,2.2.1,/usr/bin/tar,CVE-2021-32804,HIGH,8.1,NVD,3,CVSS:3.1/AV:N/AC:L/PR:N/UI:R/S:U/C:N/I:H/A:H,,NewFound,
npmjs,tar,2.2.1,/usr/bin/tar,CVE-2021-37701,HIGH,8.6,NVD,3,CVSS:3.1/AV:L/AC:L/PR:N/UI:R/S:C/C:H/I:H/A:H,,NewFound,
npmjs,tar,2.2.1,/usr/bin/tar,CVE-2021-37712,HIGH,8.6,NVD,3,CVSS:3.1/AV:L/AC:L/PR:N/UI:R/S:C/C:H/I:H/A:H,,NewFound,
npmjs,tar,2.2.1,/usr/bin/tar,CVE-2021-37713,HIGH,8.6,NVD,3,CVSS:3.1/AV:L/AC:L/PR:N/UI:R/S:C/C:H/I:H/A:H,,NewFound,
unknown,tar,2.2.2,/usr/bin/tar,CVE-2021-32803,HIGH,8.1,NVD,3,CVSS:3.1/AV:N/AC:L/PR:N/UI:R/S:U/C:N/I:H/A:H,,NewFound,
unknown,tar,2.2.2,/usr/bin/tar,CVE-2021-32804,HIGH,8.1,NVD,3,CVSS:3.1/AV:N/AC:L/PR:N/UI:R/S:U/C:N/I:H/A:H,,NewFound,
unknown,tar,2.2.2,/usr/bin/tar,CVE-2021-37701,HIGH,8.6,NVD,3,CVSS:3.1/AV:L/AC:L/PR:N/UI:R/S:C/C:H/I:H/A:H,,NewFound,
unknown,tar,2.2.2,/usr/bin/tar,CVE-2021-37712,HIGH,8.6,NVD,3,CVSS:3.1/AV:L/AC:L/PR:N/UI:R/S:C/C:H/I:H/A:H,,NewFound,
unknown,tar,2.2.2,/usr/bin/tar,CVE-2021-37713,HIGH,8.6,NVD,3,CVSS:3.1/AV:L/AC:L/PR:N/UI:R/S:C/C:H/I:H/A:H,,NewFound,
unknown,tar,2.2.2,/usr/bin/tar,CVE-2024-28863,UNKNOWN,unknown,NVD,unknown,unknown,,NewFound,
unknown,tar,2.2.2,/usr/bin/tar,CVE-2026-23745,MEDIUM,6.1,GAD,3,CVSS:3.1/AV:L/AC:L/PR:N/UI:R/S:U/C:H/I:L/A:N,,NewFound,
unknown,tar,2.2.2,/usr/bin/tar,CVE-2026-23950,HIGH,8.8,GAD,3,CVSS:3.1/AV:N/AC:L/PR:N/UI:R/S:C/C:L/I:H/A:L,,NewFound,
unknown,tar,2.2.2,/usr/bin/tar,CVE-2026-24842,HIGH,8.2,REDHAT,3,CVSS:3.1/AV:N/AC:L/PR:N/UI:R/S:C/C:H/I:L/A:N,,NewFound,
unknown,tar,2.2.2,/usr/bin/tar,CVE-2026-26960,HIGH,7.1,GAD,3,CVSS:3.1/AV:L/AC:L/PR:N/UI:R/S:U/C:H/I:H/A:N,,NewFound,
tar_project,tar,2.2.2,/usr/bin/tar,CVE-2021-32803,HIGH,8.1,NVD,3,CVSS:3.1/AV:N/AC:L/PR:N/UI:R/S:U/C:N/I:H/A:H,,NewFound,
tar_project,tar,2.2.2,/usr/bin/tar,CVE-2021-32804,HIGH,8.1,NVD,3,CVSS:3.1/AV:N/AC:L/PR:N/UI:R/S:U/C:N/I:H/A:H,,NewFound,
npmjs,tar,2.2.2,/usr/bin/tar,CVE-2021-37701,HIGH,8.6,NVD,3,CVSS:3.1/AV:L/AC:L/PR:N/UI:R/S:C/C:H/I:H/A:H,,NewFound,
npmjs,tar,2.2.2,/usr/bin/tar,CVE-2021-37712,HIGH,8.6,NVD,3,CVSS:3.1/AV:L/AC:L/PR:N/UI:R/S:C/C:H/I:H/A:H,,NewFound,
npmjs,tar,2.2.2,/usr/bin/tar,CVE-2021-37713,HIGH,8.6,NVD,3,CVSS:3.1/AV:L/AC:L/PR:N/UI:R/S:C/C:H/I:H/A:H,,NewFound,
unknown,tar-fs,2.1.2,NotFound,CVE-2025-48387,HIGH,7.5,GAD,3,CVSS:3.1/AV:N/AC:L/PR:N/UI:N/S:U/C:N/I:H/A:N,,NewFound,
unknown,tar-fs,2.1.2,NotFound,CVE-2025-59343,HIGH,7.5,GAD,3,CVSS:3.1/AV:N/AC:L/PR:N/UI:N/S:U/C:N/I:H/A:N,,NewFound,
unknown,tar-fs,3.0.8,NotFound,CVE-2025-48387,HIGH,7.5,GAD,3,CVSS:3.1/AV:N/AC:L/PR:N/UI:N/S:U/C:N/I:H/A:N,,NewFound,
unknown,tar-fs,3.0.8,NotFound,CVE-2025-59343,HIGH,7.5,GAD,3,CVSS:3.1/AV:N/AC:L/PR:N/UI:N/S:U/C:N/I:H/A:N,,NewFound,
unknown,terser,4.8.0,NotFound,CVE-2022-25858,HIGH,7.5,NVD,3,CVSS:3.1/AV:N/AC:L/PR:N/UI:N/S:U/C:N/I:N/A:H,,NewFound,
terser,terser,4.8.0,NotFound,CVE-2022-25858,HIGH,7.5,NVD,3,CVSS:3.1/AV:N/AC:L/PR:N/UI:N/S:U/C:N/I:N/A:H,,NewFound,
through_project,through,2.3.8,NotFound,CVE-2021-29940,CRITICAL,9.8,NVD,3,CVSS:3.1/AV:N/AC:L/PR:N/UI:N/S:U/C:H/I:H/A:H,,NewFound,
unknown,tough-cookie,2.3.2,NotFound,CVE-2017-15010,HIGH,7.5,GAD,3,CVSS:3.0/AV:N/AC:L/PR:N/UI:N/S:U/C:N/I:N/A:H,,NewFound,
unknown,tough-cookie,2.3.2,NotFound,CVE-2023-26136,CRITICAL,9.8,NVD,3,CVSS:3.1/AV:N/AC:L/PR:N/UI:N/S:U/C:H/I:H/A:H,,NewFound,
unknown,tough-cookie,2.3.2,NotFound,GMS-2017-210,UNKNOWN,unknown,GAD,unknown,unknown,,NewFound,
salesforce,tough-cookie,2.3.2,NotFound,CVE-2023-26136,CRITICAL,9.8,NVD,3,CVSS:3.1/AV:N/AC:L/PR:N/UI:N/S:U/C:H/I:H/A:H,,NewFound,
unknown,tough-cookie,2.3.3,NotFound,CVE-2023-26136,CRITICAL,9.8,NVD,3,CVSS:3.1/AV:N/AC:L/PR:N/UI:N/S:U/C:H/I:H/A:H,,NewFound,
salesforce,tough-cookie,2.3.3,NotFound,CVE-2023-26136,CRITICAL,9.8,NVD,3,CVSS:3.1/AV:N/AC:L/PR:N/UI:N/S:U/C:H/I:H/A:H,,NewFound,
unknown,trim,0.0.1,NotFound,CVE-2020-7753,HIGH,7.5,NVD,3,CVSS:3.1/AV:N/AC:L/PR:N/UI:N/S:U/C:N/I:N/A:H,,NewFound,
trim_project,trim,0.0.1,NotFound,CVE-2020-7753,HIGH,7.5,NVD,3,CVSS:3.1/AV:N/AC:L/PR:N/UI:N/S:U/C:N/I:N/A:H,,NewFound,
unknown,trim-newlines,1.0.0,NotFound,CVE-2021-33623,HIGH,7.5,NVD,3,CVSS:3.1/AV:N/AC:L/PR:N/UI:N/S:U/C:N/I:N/A:H,,NewFound,
trim-newlines_project,trim-newlines,1.0.0,NotFound,CVE-2021-33623,HIGH,7.5,NVD,3,CVSS:3.1/AV:N/AC:L/PR:N/UI:N/S:U/C:N/I:N/A:H,,NewFound,
unknown,ua-parser-js,0.7.22,NotFound,CVE-2020-7793,HIGH,7.5,NVD,3,CVSS:3.1/AV:N/AC:L/PR:N/UI:N/S:U/C:N/I:N/A:H,,NewFound,
unknown,ua-parser-js,0.7.22,NotFound,CVE-2021-27292,HIGH,7.5,NVD,3,CVSS:3.1/AV:N/AC:L/PR:N/UI:N/S:U/C:N/I:N/A:H,,NewFound,
ua-parser-js_project,ua-parser-js,0.7.22,NotFound,CVE-2020-7793,HIGH,7.5,NVD,3,CVSS:3.1/AV:N/AC:L/PR:N/UI:N/S:U/C:N/I:N/A:H,,NewFound,
ua-parser-js_project,ua-parser-js,0.7.22,NotFound,CVE-2021-27292,HIGH,7.5,NVD,3,CVSS:3.1/AV:N/AC:L/PR:N/UI:N/S:U/C:N/I:N/A:H,,NewFound,
unknown,urijs,1.18.12,NotFound,CVE-2020-26291,MEDIUM,6.5,NVD,3,CVSS:3.1/AV:N/AC:L/PR:L/UI:N/S:U/C:N/I:H/A:N,,NewFound,
unknown,urijs,1.18.12,NotFound,CVE-2021-27516,HIGH,7.5,NVD,3,CVSS:3.1/AV:N/AC:L/PR:N/UI:N/S:U/C:H/I:N/A:N,,NewFound,
unknown,urijs,1.18.12,NotFound,CVE-2021-3647,MEDIUM,6.1,NVD,3,CVSS:3.1/AV:N/AC:L/PR:N/UI:R/S:C/C:L/I:L/A:N,,NewFound,
unknown,urijs,1.18.12,NotFound,CVE-2022-0613,MEDIUM,6.5,NVD,3,CVSS:3.1/AV:N/AC:L/PR:N/UI:N/S:U/C:L/I:L/A:N,,NewFound,
unknown,urijs,1.18.12,NotFound,CVE-2022-0868,MEDIUM,6.1,NVD,3,CVSS:3.1/AV:N/AC:L/PR:N/UI:R/S:C/C:L/I:L/A:N,,NewFound,
unknown,urijs,1.18.12,NotFound,CVE-2022-1233,MEDIUM,6.1,NVD,3,CVSS:3.1/AV:N/AC:L/PR:N/UI:R/S:C/C:L/I:L/A:N,,NewFound,
unknown,urijs,1.18.12,NotFound,CVE-2022-1243,MEDIUM,6.1,NVD,3,CVSS:3.1/AV:N/AC:L/PR:N/UI:R/S:C/C:L/I:L/A:N,,NewFound,
unknown,urijs,1.18.12,NotFound,CVE-2022-24723,MEDIUM,5.3,NVD,3,CVSS:3.1/AV:N/AC:L/PR:N/UI:N/S:U/C:N/I:L/A:N,,NewFound,
unknown,urijs,1.19.0,NotFound,CVE-2020-26291,MEDIUM,6.5,NVD,3,CVSS:3.1/AV:N/AC:L/PR:L/UI:N/S:U/C:N/I:H/A:N,,NewFound,
unknown,urijs,1.19.0,NotFound,CVE-2021-27516,HIGH,7.5,NVD,3,CVSS:3.1/AV:N/AC:L/PR:N/UI:N/S:U/C:H/I:N/A:N,,NewFound,
unknown,urijs,1.19.0,NotFound,CVE-2021-3647,MEDIUM,6.1,NVD,3,CVSS:3.1/AV:N/AC:L/PR:N/UI:R/S:C/C:L/I:L/A:N,,NewFound,
unknown,urijs,1.19.0,NotFound,CVE-2022-0613,MEDIUM,6.5,NVD,3,CVSS:3.1/AV:N/AC:L/PR:N/UI:N/S:U/C:L/I:L/A:N,,NewFound,
unknown,urijs,1.19.0,NotFound,CVE-2022-0868,MEDIUM,6.1,NVD,3,CVSS:3.1/AV:N/AC:L/PR:N/UI:R/S:C/C:L/I:L/A:N,,NewFound,
unknown,urijs,1.19.0,NotFound,CVE-2022-1233,MEDIUM,6.1,NVD,3,CVSS:3.1/AV:N/AC:L/PR:N/UI:R/S:C/C:L/I:L/A:N,,NewFound,
unknown,urijs,1.19.0,NotFound,CVE-2022-1243,MEDIUM,6.1,NVD,3,CVSS:3.1/AV:N/AC:L/PR:N/UI:R/S:C/C:L/I:L/A:N,,NewFound,
unknown,urijs,1.19.0,NotFound,CVE-2022-24723,MEDIUM,5.3,NVD,3,CVSS:3.1/AV:N/AC:L/PR:N/UI:N/S:U/C:N/I:L/A:N,,NewFound,
unknown,urijs,1.19.6,NotFound,CVE-2021-3647,MEDIUM,6.1,NVD,3,CVSS:3.1/AV:N/AC:L/PR:N/UI:R/S:C/C:L/I:L/A:N,,NewFound,
unknown,urijs,1.19.6,NotFound,CVE-2022-0613,MEDIUM,6.5,NVD,3,CVSS:3.1/AV:N/AC:L/PR:N/UI:N/S:U/C:L/I:L/A:N,,NewFound,
unknown,urijs,1.19.6,NotFound,CVE-2022-0868,MEDIUM,6.1,NVD,3,CVSS:3.1/AV:N/AC:L/PR:N/UI:R/S:C/C:L/I:L/A:N,,NewFound,
unknown,urijs,1.19.6,NotFound,CVE-2022-1233,MEDIUM,6.1,NVD,3,CVSS:3.1/AV:N/AC:L/PR:N/UI:R/S:C/C:L/I:L/A:N,,NewFound,
unknown,urijs,1.19.6,NotFound,CVE-2022-1243,MEDIUM,6.1,NVD,3,CVSS:3.1/AV:N/AC:L/PR:N/UI:R/S:C/C:L/I:L/A:N,,NewFound,
unknown,urijs,1.19.6,NotFound,CVE-2022-24723,MEDIUM,5.3,NVD,3,CVSS:3.1/AV:N/AC:L/PR:N/UI:N/S:U/C:N/I:L/A:N,,NewFound,
unknown,url-parse,1.0.5,NotFound,CVE-2018-3774,CRITICAL,10,GAD,3,CVSS:3.0/AV:N/AC:L/PR:N/UI:N/S:C/C:H/I:H/A:H,,NewFound,
unknown,url-parse,1.0.5,NotFound,CVE-2020-8124,MEDIUM,5.3,GAD,3,CVSS:3.1/AV:N/AC:L/PR:N/UI:N/S:U/C:N/I:L/A:N,,NewFound,
unknown,url-parse,1.0.5,NotFound,CVE-2021-27515,MEDIUM,5.3,GAD,3,CVSS:3.1/AV:N/AC:L/PR:N/UI:N/S:U/C:N/I:L/A:N,,NewFound,
unknown,url-parse,1.0.5,NotFound,CVE-2021-3664,MEDIUM,5.3,GAD,3,CVSS:3.1/AV:N/AC:L/PR:N/UI:N/S:U/C:N/I:L/A:N,,NewFound,
unknown,url-parse,1.0.5,NotFound,CVE-2022-0512,MEDIUM,5.3,GAD,3,CVSS:3.1/AV:N/AC:L/PR:N/UI:N/S:U/C:N/I:L/A:N,,NewFound,
unknown,url-parse,1.0.5,NotFound,CVE-2022-0639,MEDIUM,5.3,GAD,3,CVSS:3.1/AV:N/AC:L/PR:N/UI:N/S:U/C:N/I:L/A:N,,NewFound,
unknown,url-parse,1.0.5,NotFound,CVE-2022-0686,CRITICAL,9.1,NVD,3,CVSS:3.1/AV:N/AC:L/PR:N/UI:N/S:U/C:H/I:H/A:N,,NewFound,
unknown,url-parse,1.0.5,NotFound,CVE-2022-0691,CRITICAL,9.8,GAD,3,CVSS:3.1/AV:N/AC:L/PR:N/UI:N/S:U/C:H/I:H/A:H,,NewFound,
url-parse_project,url-parse,1.0.5,NotFound,CVE-2018-3774,CRITICAL,10,GAD,3,CVSS:3.0/AV:N/AC:L/PR:N/UI:N/S:C/C:H/I:H/A:H,,NewFound,
url-parse_project,url-parse,1.0.5,NotFound,CVE-2020-8124,MEDIUM,5.3,GAD,3,CVSS:3.1/AV:N/AC:L/PR:N/UI:N/S:U/C:N/I:L/A:N,,NewFound,
url-parse_project,url-parse,1.0.5,NotFound,CVE-2021-27515,MEDIUM,5.3,GAD,3,CVSS:3.1/AV:N/AC:L/PR:N/UI:N/S:U/C:N/I:L/A:N,,NewFound,
url-parse_project,url-parse,1.0.5,NotFound,CVE-2021-3664,MEDIUM,5.3,GAD,3,CVSS:3.1/AV:N/AC:L/PR:N/UI:N/S:U/C:N/I:L/A:N,,NewFound,
url-parse_project,url-parse,1.0.5,NotFound,CVE-2022-0512,MEDIUM,5.3,GAD,3,CVSS:3.1/AV:N/AC:L/PR:N/UI:N/S:U/C:N/I:L/A:N,,NewFound,
url-parse_project,url-parse,1.0.5,NotFound,CVE-2022-0639,MEDIUM,5.3,GAD,3,CVSS:3.1/AV:N/AC:L/PR:N/UI:N/S:U/C:N/I:L/A:N,,NewFound,
url-parse_project,url-parse,1.0.5,NotFound,CVE-2022-0686,CRITICAL,9.1,NVD,3,CVSS:3.1/AV:N/AC:L/PR:N/UI:N/S:U/C:H/I:H/A:N,,NewFound,
url-parse_project,url-parse,1.0.5,NotFound,CVE-2022-0691,CRITICAL,9.8,GAD,3,CVSS:3.1/AV:N/AC:L/PR:N/UI:N/S:U/C:H/I:H/A:H,,NewFound,
unknown,url-parse,1.1.7,NotFound,CVE-2018-3774,CRITICAL,10,GAD,3,CVSS:3.0/AV:N/AC:L/PR:N/UI:N/S:C/C:H/I:H/A:H,,NewFound,
unknown,url-parse,1.1.7,NotFound,CVE-2020-8124,MEDIUM,5.3,GAD,3,CVSS:3.1/AV:N/AC:L/PR:N/UI:N/S:U/C:N/I:L/A:N,,NewFound,
unknown,url-parse,1.1.7,NotFound,CVE-2021-27515,MEDIUM,5.3,GAD,3,CVSS:3.1/AV:N/AC:L/PR:N/UI:N/S:U/C:N/I:L/A:N,,NewFound,
unknown,url-parse,1.1.7,NotFound,CVE-2021-3664,MEDIUM,5.3,GAD,3,CVSS:3.1/AV:N/AC:L/PR:N/UI:N/S:U/C:N/I:L/A:N,,NewFound,
unknown,url-parse,1.1.7,NotFound,CVE-2022-0512,MEDIUM,5.3,GAD,3,CVSS:3.1/AV:N/AC:L/PR:N/UI:N/S:U/C:N/I:L/A:N,,NewFound,
unknown,url-parse,1.1.7,NotFound,CVE-2022-0639,MEDIUM,5.3,GAD,3,CVSS:3.1/AV:N/AC:L/PR:N/UI:N/S:U/C:N/I:L/A:N,,NewFound,
unknown,url-parse,1.1.7,NotFound,CVE-2022-0686,CRITICAL,9.1,NVD,3,CVSS:3.1/AV:N/AC:L/PR:N/UI:N/S:U/C:H/I:H/A:N,,NewFound,
unknown,url-parse,1.1.7,NotFound,CVE-2022-0691,CRITICAL,9.8,GAD,3,CVSS:3.1/AV:N/AC:L/PR:N/UI:N/S:U/C:H/I:H/A:H,,NewFound,
url-parse_project,url-parse,1.1.7,NotFound,CVE-2018-3774,CRITICAL,10,GAD,3,CVSS:3.0/AV:N/AC:L/PR:N/UI:N/S:C/C:H/I:H/A:H,,NewFound,
url-parse_project,url-parse,1.1.7,NotFound,CVE-2020-8124,MEDIUM,5.3,GAD,3,CVSS:3.1/AV:N/AC:L/PR:N/UI:N/S:U/C:N/I:L/A:N,,NewFound,
url-parse_project,url-parse,1.1.7,NotFound,CVE-2021-27515,MEDIUM,5.3,GAD,3,CVSS:3.1/AV:N/AC:L/PR:N/UI:N/S:U/C:N/I:L/A:N,,NewFound,
url-parse_project,url-parse,1.1.7,NotFound,CVE-2021-3664,MEDIUM,5.3,GAD,3,CVSS:3.1/AV:N/AC:L/PR:N/UI:N/S:U/C:N/I:L/A:N,,NewFound,
url-parse_project,url-parse,1.1.7,NotFound,CVE-2022-0512,MEDIUM,5.3,GAD,3,CVSS:3.1/AV:N/AC:L/PR:N/UI:N/S:U/C:N/I:L/A:N,,NewFound,
url-parse_project,url-parse,1.1.7,NotFound,CVE-2022-0639,MEDIUM,5.3,GAD,3,CVSS:3.1/AV:N/AC:L/PR:N/UI:N/S:U/C:N/I:L/A:N,,NewFound,
url-parse_project,url-parse,1.1.7,NotFound,CVE-2022-0686,CRITICAL,9.1,NVD,3,CVSS:3.1/AV:N/AC:L/PR:N/UI:N/S:U/C:H/I:H/A:N,,NewFound,
url-parse_project,url-parse,1.1.7,NotFound,CVE-2022-0691,CRITICAL,9.8,GAD,3,CVSS:3.1/AV:N/AC:L/PR:N/UI:N/S:U/C:H/I:H/A:H,,NewFound,
unknown,url-parse,1.1.9,NotFound,CVE-2018-3774,CRITICAL,10,GAD,3,CVSS:3.0/AV:N/AC:L/PR:N/UI:N/S:C/C:H/I:H/A:H,,NewFound,
unknown,url-parse,1.1.9,NotFound,CVE-2020-8124,MEDIUM,5.3,GAD,3,CVSS:3.1/AV:N/AC:L/PR:N/UI:N/S:U/C:N/I:L/A:N,,NewFound,
unknown,url-parse,1.1.9,NotFound,CVE-2021-27515,MEDIUM,5.3,GAD,3,CVSS:3.1/AV:N/AC:L/PR:N/UI:N/S:U/C:N/I:L/A:N,,NewFound,
unknown,url-parse,1.1.9,NotFound,CVE-2021-3664,MEDIUM,5.3,GAD,3,CVSS:3.1/AV:N/AC:L/PR:N/UI:N/S:U/C:N/I:L/A:N,,NewFound,
unknown,url-parse,1.1.9,NotFound,CVE-2022-0512,MEDIUM,5.3,GAD,3,CVSS:3.1/AV:N/AC:L/PR:N/UI:N/S:U/C:N/I:L/A:N,,NewFound,
unknown,url-parse,1.1.9,NotFound,CVE-2022-0639,MEDIUM,5.3,GAD,3,CVSS:3.1/AV:N/AC:L/PR:N/UI:N/S:U/C:N/I:L/A:N,,NewFound,
unknown,url-parse,1.1.9,NotFound,CVE-2022-0686,CRITICAL,9.1,NVD,3,CVSS:3.1/AV:N/AC:L/PR:N/UI:N/S:U/C:H/I:H/A:N,,NewFound,
unknown,url-parse,1.1.9,NotFound,CVE-2022-0691,CRITICAL,9.8,GAD,3,CVSS:3.1/AV:N/AC:L/PR:N/UI:N/S:U/C:H/I:H/A:H,,NewFound,
url-parse_project,url-parse,1.1.9,NotFound,CVE-2018-3774,CRITICAL,10,GAD,3,CVSS:3.0/AV:N/AC:L/PR:N/UI:N/S:C/C:H/I:H/A:H,,NewFound,
url-parse_project,url-parse,1.1.9,NotFound,CVE-2020-8124,MEDIUM,5.3,GAD,3,CVSS:3.1/AV:N/AC:L/PR:N/UI:N/S:U/C:N/I:L/A:N,,NewFound,
url-parse_project,url-parse,1.1.9,NotFound,CVE-2021-27515,MEDIUM,5.3,GAD,3,CVSS:3.1/AV:N/AC:L/PR:N/UI:N/S:U/C:N/I:L/A:N,,NewFound,
url-parse_project,url-parse,1.1.9,NotFound,CVE-2021-3664,MEDIUM,5.3,GAD,3,CVSS:3.1/AV:N/AC:L/PR:N/UI:N/S:U/C:N/I:L/A:N,,NewFound,
url-parse_project,url-parse,1.1.9,NotFound,CVE-2022-0512,MEDIUM,5.3,GAD,3,CVSS:3.1/AV:N/AC:L/PR:N/UI:N/S:U/C:N/I:L/A:N,,NewFound,
url-parse_project,url-parse,1.1.9,NotFound,CVE-2022-0639,MEDIUM,5.3,GAD,3,CVSS:3.1/AV:N/AC:L/PR:N/UI:N/S:U/C:N/I:L/A:N,,NewFound,
url-parse_project,url-parse,1.1.9,NotFound,CVE-2022-0686,CRITICAL,9.1,NVD,3,CVSS:3.1/AV:N/AC:L/PR:N/UI:N/S:U/C:H/I:H/A:N,,NewFound,
url-parse_project,url-parse,1.1.9,NotFound,CVE-2022-0691,CRITICAL,9.8,GAD,3,CVSS:3.1/AV:N/AC:L/PR:N/UI:N/S:U/C:H/I:H/A:H,,NewFound,
unknown,url-parse,1.2.0,NotFound,CVE-2018-3774,CRITICAL,10,GAD,3,CVSS:3.0/AV:N/AC:L/PR:N/UI:N/S:C/C:H/I:H/A:H,,NewFound,
unknown,url-parse,1.2.0,NotFound,CVE-2020-8124,MEDIUM,5.3,GAD,3,CVSS:3.1/AV:N/AC:L/PR:N/UI:N/S:U/C:N/I:L/A:N,,NewFound,
unknown,url-parse,1.2.0,NotFound,CVE-2021-27515,MEDIUM,5.3,GAD,3,CVSS:3.1/AV:N/AC:L/PR:N/UI:N/S:U/C:N/I:L/A:N,,NewFound,
unknown,url-parse,1.2.0,NotFound,CVE-2021-3664,MEDIUM,5.3,GAD,3,CVSS:3.1/AV:N/AC:L/PR:N/UI:N/S:U/C:N/I:L/A:N,,NewFound,
unknown,url-parse,1.2.0,NotFound,CVE-2022-0512,MEDIUM,5.3,GAD,3,CVSS:3.1/AV:N/AC:L/PR:N/UI:N/S:U/C:N/I:L/A:N,,NewFound,
unknown,url-parse,1.2.0,NotFound,CVE-2022-0639,MEDIUM,5.3,GAD,3,CVSS:3.1/AV:N/AC:L/PR:N/UI:N/S:U/C:N/I:L/A:N,,NewFound,
unknown,url-parse,1.2.0,NotFound,CVE-2022-0686,CRITICAL,9.1,NVD,3,CVSS:3.1/AV:N/AC:L/PR:N/UI:N/S:U/C:H/I:H/A:N,,NewFound,
unknown,url-parse,1.2.0,NotFound,CVE-2022-0691,CRITICAL,9.8,GAD,3,CVSS:3.1/AV:N/AC:L/PR:N/UI:N/S:U/C:H/I:H/A:H,,NewFound,
url-parse_project,url-parse,1.2.0,NotFound,CVE-2018-3774,CRITICAL,10,GAD,3,CVSS:3.0/AV:N/AC:L/PR:N/UI:N/S:C/C:H/I:H/A:H,,NewFound,
url-parse_project,url-parse,1.2.0,NotFound,CVE-2020-8124,MEDIUM,5.3,GAD,3,CVSS:3.1/AV:N/AC:L/PR:N/UI:N/S:U/C:N/I:L/A:N,,NewFound,
url-parse_project,url-parse,1.2.0,NotFound,CVE-2021-27515,MEDIUM,5.3,GAD,3,CVSS:3.1/AV:N/AC:L/PR:N/UI:N/S:U/C:N/I:L/A:N,,NewFound,
url-parse_project,url-parse,1.2.0,NotFound,CVE-2021-3664,MEDIUM,5.3,GAD,3,CVSS:3.1/AV:N/AC:L/PR:N/UI:N/S:U/C:N/I:L/A:N,,NewFound,
url-parse_project,url-parse,1.2.0,NotFound,CVE-2022-0512,MEDIUM,5.3,GAD,3,CVSS:3.1/AV:N/AC:L/PR:N/UI:N/S:U/C:N/I:L/A:N,,NewFound,
url-parse_project,url-parse,1.2.0,NotFound,CVE-2022-0639,MEDIUM,5.3,GAD,3,CVSS:3.1/AV:N/AC:L/PR:N/UI:N/S:U/C:N/I:L/A:N,,NewFound,
url-parse_project,url-parse,1.2.0,NotFound,CVE-2022-0686,CRITICAL,9.1,NVD,3,CVSS:3.1/AV:N/AC:L/PR:N/UI:N/S:U/C:H/I:H/A:N,,NewFound,
url-parse_project,url-parse,1.2.0,NotFound,CVE-2022-0691,CRITICAL,9.8,GAD,3,CVSS:3.1/AV:N/AC:L/PR:N/UI:N/S:U/C:H/I:H/A:H,,NewFound,
unknown,url-parse,1.5.1,NotFound,CVE-2021-3664,MEDIUM,5.3,GAD,3,CVSS:3.1/AV:N/AC:L/PR:N/UI:N/S:U/C:N/I:L/A:N,,NewFound,
unknown,url-parse,1.5.1,NotFound,CVE-2022-0512,MEDIUM,5.3,GAD,3,CVSS:3.1/AV:N/AC:L/PR:N/UI:N/S:U/C:N/I:L/A:N,,NewFound,
unknown,url-parse,1.5.1,NotFound,CVE-2022-0639,MEDIUM,5.3,GAD,3,CVSS:3.1/AV:N/AC:L/PR:N/UI:N/S:U/C:N/I:L/A:N,,NewFound,
unknown,url-parse,1.5.1,NotFound,CVE-2022-0686,CRITICAL,9.1,NVD,3,CVSS:3.1/AV:N/AC:L/PR:N/UI:N/S:U/C:H/I:H/A:N,,NewFound,
unknown,url-parse,1.5.1,NotFound,CVE-2022-0691,CRITICAL,9.8,GAD,3,CVSS:3.1/AV:N/AC:L/PR:N/UI:N/S:U/C:H/I:H/A:H,,NewFound,
url-parse_project,url-parse,1.5.1,NotFound,CVE-2021-3664,MEDIUM,5.3,GAD,3,CVSS:3.1/AV:N/AC:L/PR:N/UI:N/S:U/C:N/I:L/A:N,,NewFound,
url-parse_project,url-parse,1.5.1,NotFound,CVE-2022-0512,MEDIUM,5.3,GAD,3,CVSS:3.1/AV:N/AC:L/PR:N/UI:N/S:U/C:N/I:L/A:N,,NewFound,
url-parse_project,url-parse,1.5.1,NotFound,CVE-2022-0639,MEDIUM,5.3,GAD,3,CVSS:3.1/AV:N/AC:L/PR:N/UI:N/S:U/C:N/I:L/A:N,,NewFound,
url-parse_project,url-parse,1.5.1,NotFound,CVE-2022-0686,CRITICAL,9.1,NVD,3,CVSS:3.1/AV:N/AC:L/PR:N/UI:N/S:U/C:H/I:H/A:N,,NewFound,
url-parse_project,url-parse,1.5.1,NotFound,CVE-2022-0691,CRITICAL,9.8,GAD,3,CVSS:3.1/AV:N/AC:L/PR:N/UI:N/S:U/C:H/I:H/A:H,,NewFound,
unknown,util,0.10.3,NotFound,CVE-2024-57085,HIGH,7.5,GAD,3,CVSS:3.1/AV:N/AC:L/PR:N/UI:N/S:U/C:N/I:N/A:H,,NewFound,
indeed,util,0.10.3,NotFound,CVE-2020-36634,MEDIUM,5.4,NVD,3,CVSS:3.1/AV:N/AC:L/PR:L/UI:R/S:C/C:L/I:L/A:N,,NewFound,
unknown,util,0.10.4,NotFound,CVE-2024-57085,HIGH,7.5,GAD,3,CVSS:3.1/AV:N/AC:L/PR:N/UI:N/S:U/C:N/I:N/A:H,,NewFound,
indeed,util,0.10.4,NotFound,CVE-2020-36634,MEDIUM,5.4,NVD,3,CVSS:3.1/AV:N/AC:L/PR:L/UI:R/S:C/C:L/I:L/A:N,,NewFound,
unknown,util,0.11.1,NotFound,CVE-2024-57085,HIGH,7.5,GAD,3,CVSS:3.1/AV:N/AC:L/PR:N/UI:N/S:U/C:N/I:N/A:H,,NewFound,
indeed,util,0.11.1,NotFound,CVE-2020-36634,MEDIUM,5.4,NVD,3,CVSS:3.1/AV:N/AC:L/PR:L/UI:R/S:C/C:L/I:L/A:N,,NewFound,
unknown,webpack,1.14.0,NotFound,CVE-2024-43788,MEDIUM,6.1,NVD,3,CVSS:3.1/AV:N/AC:L/PR:N/UI:R/S:C/C:L/I:L/A:N,,NewFound,
webpack.js,webpack,1.14.0,NotFound,CVE-2024-43788,MEDIUM,6.1,NVD,3,CVSS:3.1/AV:N/AC:L/PR:N/UI:R/S:C/C:L/I:L/A:N,,NewFound,
unknown,webpack,1.15.0,NotFound,CVE-2024-43788,MEDIUM,6.1,NVD,3,CVSS:3.1/AV:N/AC:L/PR:N/UI:R/S:C/C:L/I:L/A:N,,NewFound,
webpack.js,webpack,1.15.0,NotFound,CVE-2024-43788,MEDIUM,6.1,NVD,3,CVSS:3.1/AV:N/AC:L/PR:N/UI:R/S:C/C:L/I:L/A:N,,NewFound,
unknown,webpack,3.5.1,NotFound,CVE-2024-43788,MEDIUM,6.1,NVD,3,CVSS:3.1/AV:N/AC:L/PR:N/UI:R/S:C/C:L/I:L/A:N,,NewFound,
webpack.js,webpack,3.5.1,NotFound,CVE-2024-43788,MEDIUM,6.1,NVD,3,CVSS:3.1/AV:N/AC:L/PR:N/UI:R/S:C/C:L/I:L/A:N,,NewFound,
unknown,webpack,3.8.1,NotFound,CVE-2024-43788,MEDIUM,6.1,NVD,3,CVSS:3.1/AV:N/AC:L/PR:N/UI:R/S:C/C:L/I:L/A:N,,NewFound,
webpack.js,webpack,3.8.1,NotFound,CVE-2024-43788,MEDIUM,6.1,NVD,3,CVSS:3.1/AV:N/AC:L/PR:N/UI:R/S:C/C:L/I:L/A:N,,NewFound,
unknown,webpack,4.44.2,NotFound,CVE-2024-43788,MEDIUM,6.1,NVD,3,CVSS:3.1/AV:N/AC:L/PR:N/UI:R/S:C/C:L/I:L/A:N,,NewFound,
webpack.js,webpack,4.44.2,NotFound,CVE-2024-43788,MEDIUM,6.1,NVD,3,CVSS:3.1/AV:N/AC:L/PR:N/UI:R/S:C/C:L/I:L/A:N,,NewFound,
unknown,webpack,5.82.1,NotFound,CVE-2024-43788,MEDIUM,6.1,NVD,3,CVSS:3.1/AV:N/AC:L/PR:N/UI:R/S:C/C:L/I:L/A:N,,NewFound,
unknown,webpack,5.82.1,NotFound,CVE-2025-68157,LOW,3.7,GAD,3,CVSS:3.1/AV:N/AC:H/PR:L/UI:R/S:U/C:L/I:L/A:N,,NewFound,
unknown,webpack,5.82.1,NotFound,CVE-2025-68458,LOW,3.7,GAD,3,CVSS:3.1/AV:N/AC:H/PR:L/UI:R/S:U/C:L/I:L/A:N,,NewFound,
webpack.js,webpack,5.82.1,NotFound,CVE-2024-43788,MEDIUM,6.1,NVD,3,CVSS:3.1/AV:N/AC:L/PR:N/UI:R/S:C/C:L/I:L/A:N,,NewFound,
unknown,webpack,5.93.0,NotFound,CVE-2024-43788,MEDIUM,6.1,NVD,3,CVSS:3.1/AV:N/AC:L/PR:N/UI:R/S:C/C:L/I:L/A:N,,NewFound,
unknown,webpack,5.93.0,NotFound,CVE-2025-68157,LOW,3.7,GAD,3,CVSS:3.1/AV:N/AC:H/PR:L/UI:R/S:U/C:L/I:L/A:N,,NewFound,
unknown,webpack,5.93.0,NotFound,CVE-2025-68458,LOW,3.7,GAD,3,CVSS:3.1/AV:N/AC:H/PR:L/UI:R/S:U/C:L/I:L/A:N,,NewFound,
webpack.js,webpack,5.93.0,NotFound,CVE-2024-43788,MEDIUM,6.1,NVD,3,CVSS:3.1/AV:N/AC:L/PR:N/UI:R/S:C/C:L/I:L/A:N,,NewFound,
unknown,webpack,5.97.1,NotFound,CVE-2025-68157,LOW,3.7,GAD,3,CVSS:3.1/AV:N/AC:H/PR:L/UI:R/S:U/C:L/I:L/A:N,,NewFound,
unknown,webpack,5.97.1,NotFound,CVE-2025-68458,LOW,3.7,GAD,3,CVSS:3.1/AV:N/AC:H/PR:L/UI:R/S:U/C:L/I:L/A:N,,NewFound,
unknown,webpack-dev-middleware,1.12.0,NotFound,CVE-2024-29180,UNKNOWN,unknown,NVD,unknown,unknown,,NewFound,
unknown,webpack-dev-middleware,1.12.2,NotFound,CVE-2024-29180,UNKNOWN,unknown,NVD,unknown,unknown,,NewFound,
unknown,webpack-dev-middleware,1.9.0,NotFound,CVE-2024-29180,UNKNOWN,unknown,NVD,unknown,unknown,,NewFound,
unknown,webpack-dev-server,1.16.2,NotFound,CVE-2018-14732,HIGH,7.5,NVD,3,CVSS:3.0/AV:N/AC:L/PR:N/UI:N/S:U/C:H/I:N/A:N,,NewFound,
unknown,webpack-dev-server,1.16.2,NotFound,CVE-2025-30359,MEDIUM,5.3,GAD,3,CVSS:3.1/AV:N/AC:H/PR:N/UI:R/S:U/C:H/I:N/A:N,,NewFound,
unknown,webpack-dev-server,1.16.2,NotFound,CVE-2025-30360,MEDIUM,6.5,GAD,3,CVSS:3.1/AV:N/AC:L/PR:N/UI:R/S:U/C:H/I:N/A:N,,NewFound,
webpack.js,webpack-dev-server,1.16.2,NotFound,CVE-2018-14732,HIGH,7.5,NVD,3,CVSS:3.0/AV:N/AC:L/PR:N/UI:N/S:U/C:H/I:N/A:N,,NewFound,
unknown,webpack-dev-server,2.11.3,NotFound,CVE-2018-14732,HIGH,7.5,NVD,3,CVSS:3.0/AV:N/AC:L/PR:N/UI:N/S:U/C:H/I:N/A:N,,NewFound,
unknown,webpack-dev-server,2.11.3,NotFound,CVE-2025-30359,MEDIUM,5.3,GAD,3,CVSS:3.1/AV:N/AC:H/PR:N/UI:R/S:U/C:H/I:N/A:N,,NewFound,
unknown,webpack-dev-server,2.11.3,NotFound,CVE-2025-30360,MEDIUM,6.5,GAD,3,CVSS:3.1/AV:N/AC:L/PR:N/UI:R/S:U/C:H/I:N/A:N,,NewFound,
webpack.js,webpack-dev-server,2.11.3,NotFound,CVE-2018-14732,HIGH,7.5,NVD,3,CVSS:3.0/AV:N/AC:L/PR:N/UI:N/S:U/C:H/I:N/A:N,,NewFound,
unknown,webpack-dev-server,2.7.1,NotFound,CVE-2018-14732,HIGH,7.5,NVD,3,CVSS:3.0/AV:N/AC:L/PR:N/UI:N/S:U/C:H/I:N/A:N,,NewFound,
unknown,webpack-dev-server,2.7.1,NotFound,CVE-2025-30359,MEDIUM,5.3,GAD,3,CVSS:3.1/AV:N/AC:H/PR:N/UI:R/S:U/C:H/I:N/A:N,,NewFound,
unknown,webpack-dev-server,2.7.1,NotFound,CVE-2025-30360,MEDIUM,6.5,GAD,3,CVSS:3.1/AV:N/AC:L/PR:N/UI:R/S:U/C:H/I:N/A:N,,NewFound,
webpack.js,webpack-dev-server,2.7.1,NotFound,CVE-2018-14732,HIGH,7.5,NVD,3,CVSS:3.0/AV:N/AC:L/PR:N/UI:N/S:U/C:H/I:N/A:N,,NewFound,
unknown,webpack-dev-server,2.9.4,NotFound,CVE-2018-14732,HIGH,7.5,NVD,3,CVSS:3.0/AV:N/AC:L/PR:N/UI:N/S:U/C:H/I:N/A:N,,NewFound,
unknown,webpack-dev-server,2.9.4,NotFound,CVE-2025-30359,MEDIUM,5.3,GAD,3,CVSS:3.1/AV:N/AC:H/PR:N/UI:R/S:U/C:H/I:N/A:N,,NewFound,
unknown,webpack-dev-server,2.9.4,NotFound,CVE-2025-30360,MEDIUM,6.5,GAD,3,CVSS:3.1/AV:N/AC:L/PR:N/UI:R/S:U/C:H/I:N/A:N,,NewFound,
webpack.js,webpack-dev-server,2.9.4,NotFound,CVE-2018-14732,HIGH,7.5,NVD,3,CVSS:3.0/AV:N/AC:L/PR:N/UI:N/S:U/C:H/I:N/A:N,,NewFound,
unknown,webpack-dev-server,4.15.0,NotFound,CVE-2025-30359,MEDIUM,5.3,GAD,3,CVSS:3.1/AV:N/AC:H/PR:N/UI:R/S:U/C:H/I:N/A:N,,NewFound,
unknown,webpack-dev-server,4.15.0,NotFound,CVE-2025-30360,MEDIUM,6.5,GAD,3,CVSS:3.1/AV:N/AC:L/PR:N/UI:R/S:U/C:H/I:N/A:N,,NewFound,
unknown,webpack-dev-server,4.15.2,NotFound,CVE-2025-30359,MEDIUM,5.3,GAD,3,CVSS:3.1/AV:N/AC:H/PR:N/UI:R/S:U/C:H/I:N/A:N,,NewFound,
unknown,webpack-dev-server,4.15.2,NotFound,CVE-2025-30360,MEDIUM,6.5,GAD,3,CVSS:3.1/AV:N/AC:L/PR:N/UI:R/S:U/C:H/I:N/A:N,,NewFound,
unknown,websocket-extensions,0.1.1,NotFound,CVE-2020-7662,HIGH,7.5,NVD,3,CVSS:3.1/AV:N/AC:L/PR:N/UI:N/S:U/C:N/I:N/A:H,,NewFound,
unknown,websocket-extensions,0.1.1,NotFound,CVE-2020-7663,HIGH,7.5,NVD,3,CVSS:3.1/AV:N/AC:L/PR:N/UI:N/S:U/C:N/I:N/A:H,,NewFound,
websocket-extensions_project,websocket-extensions,0.1.1,NotFound,CVE-2020-7662,HIGH,7.5,NVD,3,CVSS:3.1/AV:N/AC:L/PR:N/UI:N/S:U/C:N/I:N/A:H,,NewFound,
websocket-extensions_project,websocket-extensions,0.1.1,NotFound,CVE-2020-7663,HIGH,7.5,NVD,3,CVSS:3.1/AV:N/AC:L/PR:N/UI:N/S:U/C:N/I:N/A:H,,NewFound,
unknown,websocket-extensions,0.1.3,NotFound,CVE-2020-7662,HIGH,7.5,NVD,3,CVSS:3.1/AV:N/AC:L/PR:N/UI:N/S:U/C:N/I:N/A:H,,NewFound,
unknown,websocket-extensions,0.1.3,NotFound,CVE-2020-7663,HIGH,7.5,NVD,3,CVSS:3.1/AV:N/AC:L/PR:N/UI:N/S:U/C:N/I:N/A:H,,NewFound,
websocket-extensions_project,websocket-extensions,0.1.3,NotFound,CVE-2020-7662,HIGH,7.5,NVD,3,CVSS:3.1/AV:N/AC:L/PR:N/UI:N/S:U/C:N/I:N/A:H,,NewFound,
websocket-extensions_project,websocket-extensions,0.1.3,NotFound,CVE-2020-7663,HIGH,7.5,NVD,3,CVSS:3.1/AV:N/AC:L/PR:N/UI:N/S:U/C:N/I:N/A:H,,NewFound,
unknown,websocket-extensions,0.1.4,NotFound,CVE-2020-7663,HIGH,7.5,NVD,3,CVSS:3.1/AV:N/AC:L/PR:N/UI:N/S:U/C:N/I:N/A:H,,NewFound,
websocket-extensions_project,websocket-extensions,0.1.4,NotFound,CVE-2020-7663,HIGH,7.5,NVD,3,CVSS:3.1/AV:N/AC:L/PR:N/UI:N/S:U/C:N/I:N/A:H,,NewFound,
unknown,word-wrap,1.2.3,NotFound,CVE-2023-26115,HIGH,7.5,NVD,3,CVSS:3.1/AV:N/AC:L/PR:N/UI:N/S:U/C:N/I:N/A:H,,NewFound,
word-wrap_project,word-wrap,1.2.3,NotFound,CVE-2023-26115,HIGH,7.5,NVD,3,CVSS:3.1/AV:N/AC:L/PR:N/UI:N/S:U/C:N/I:N/A:H,,NewFound,
unknown,ws,3.3.2,NotFound,CVE-2024-37890,UNKNOWN,unknown,NVD,unknown,unknown,,NewFound,
unknown,xml2js,0.4.19,NotFound,CVE-2023-0842,MEDIUM,5.3,NVD,3,CVSS:3.1/AV:N/AC:L/PR:N/UI:N/S:U/C:N/I:L/A:N,,NewFound,
unknown,y18n,3.2.1,NotFound,CVE-2020-7774,CRITICAL,9.8,NVD,3,CVSS:3.1/AV:N/AC:L/PR:N/UI:N/S:U/C:H/I:H/A:H,,NewFound,
y18n_project,y18n,3.2.1,NotFound,CVE-2020-7774,CRITICAL,9.8,NVD,3,CVSS:3.1/AV:N/AC:L/PR:N/UI:N/S:U/C:H/I:H/A:H,,NewFound,
unknown,yaml,1.10.0,/home/jason/SBOM EVal and Validation/sbomCVE/sbom_env/lib/python3.12/site-packages/yaml,CVE-2021-4235,MEDIUM,5.5,NVD,3,CVSS:3.1/AV:L/AC:L/PR:N/UI:R/S:U/C:N/I:N/A:H,,NewFound,
yaml_project,yaml,1.10.0,/home/jason/SBOM EVal and Validation/sbomCVE/sbom_env/lib/python3.12/site-packages/yaml,CVE-2021-4235,MEDIUM,5.5,NVD,3,CVSS:3.1/AV:L/AC:L/PR:N/UI:R/S:U/C:N/I:N/A:H,,NewFound,
yaml_project,yaml,1.10.0,/home/jason/SBOM EVal and Validation/sbomCVE/sbom_env/lib/python3.12/site-packages/yaml,CVE-2022-3064,HIGH,7.5,NVD,3,CVSS:3.1/AV:N/AC:L/PR:N/UI:N/S:U/C:N/I:N/A:H,,NewFound,
unknown,yaml,1.10.2,/home/jason/SBOM EVal and Validation/sbomCVE/sbom_env/lib/python3.12/site-packages/yaml,CVE-2021-4235,MEDIUM,5.5,NVD,3,CVSS:3.1/AV:L/AC:L/PR:N/UI:R/S:U/C:N/I:N/A:H,,NewFound,
yaml_project,yaml,1.10.2,/home/jason/SBOM EVal and Validation/sbomCVE/sbom_env/lib/python3.12/site-packages/yaml,CVE-2021-4235,MEDIUM,5.5,NVD,3,CVSS:3.1/AV:L/AC:L/PR:N/UI:R/S:U/C:N/I:N/A:H,,NewFound,
yaml_project,yaml,1.10.2,/home/jason/SBOM EVal and Validation/sbomCVE/sbom_env/lib/python3.12/site-packages/yaml,CVE-2022-3064,HIGH,7.5,NVD,3,CVSS:3.1/AV:N/AC:L/PR:N/UI:N/S:U/C:N/I:N/A:H,,NewFound,
unknown,yargs-parser,4.2.1,NotFound,CVE-2020-7608,MEDIUM,5.3,NVD,3,CVSS:3.1/AV:L/AC:L/PR:L/UI:N/S:U/C:L/I:L/A:L,,NewFound,
yargs,yargs-parser,4.2.1,NotFound,CVE-2020-7608,MEDIUM,5.3,NVD,3,CVSS:3.1/AV:L/AC:L/PR:L/UI:N/S:U/C:L/I:L/A:L,,NewFound,
unknown,yargs-parser,5.0.0,NotFound,CVE-2020-7608,MEDIUM,5.3,NVD,3,CVSS:3.1/AV:L/AC:L/PR:L/UI:N/S:U/C:L/I:L/A:L,,NewFound,
yargs,yargs-parser,5.0.0,NotFound,CVE-2020-7608,MEDIUM,5.3,NVD,3,CVSS:3.1/AV:L/AC:L/PR:L/UI:N/S:U/C:L/I:L/A:L,,NewFound,
unknown,yargs-parser,5.0.1,NotFound,CVE-2020-7608,MEDIUM,5.3,NVD,3,CVSS:3.1/AV:L/AC:L/PR:L/UI:N/S:U/C:L/I:L/A:L,,NewFound,
unknown,yargs-parser,7.0.0,NotFound,CVE-2020-7608,MEDIUM,5.3,NVD,3,CVSS:3.1/AV:L/AC:L/PR:L/UI:N/S:U/C:L/I:L/A:L,,NewFound,
yargs,yargs-parser,7.0.0,NotFound,CVE-2020-7608,MEDIUM,5.3,NVD,3,CVSS:3.1/AV:L/AC:L/PR:L/UI:N/S:U/C:L/I:L/A:L,,NewFound,
